video_id,channel_id,category_id
__bNR-H9kQg,UCfK5mYo5nvU4d4vkguhSn6Q,10
_-6M7GwI6yk,UCckltLEhFLv8Xz_lQhYfwmg,25
_-cNKYTtz8k,UCiOEgWwAKbfrVb795hqQc9A,24
_-e_b8m1qf8,UC3C6rQHX8pkjSyOm-620k3w,28
_-JP26pZNow,UC1Q3UfVjchyhbtyJXc_mu5w,24
_-jwaxIVDGI,UCDO8zlJiV9ZgaMMK2DyX1Dw,17
_0FtoMcWx3k,UCt7aYc76HmITvYbbQlHyFnw,27
_10bZYYhFMw,UCckltLEhFLv8Xz_lQhYfwmg,25
_1GDQPyKMF0,UC4UaWbUUwVvCxWNqhb4f16Q,22
_1qSLJft0HI,UCrjQG1gLZ4cDwIzrGA5pRBw,22
_25tPpxABRs,UCCK3OZi788Ok44K97WAhLKQ,25
_2M7TP7tBoI,UCs_mHlm5_C82W5WCIJaSMbQ,22
_4qxm28_IV4,UCEUSUxrhCt4n0Pp9WB7q7-w,24
_5F5zx2aay0,UCCK3OZi788Ok44K97WAhLKQ,25
_6I0kSk0QJE,UCmqflTSJ6911aCrnaWIXxsA,24
_6TgggWAodo,UCGkzF25IZBE1SF9ykM64xEA,24
_6X9dviBFsc,UCn0XmAUFv6d2tofMFEesSNw,24
_90kpV80iOE,UCcpCelkp30ukU3ZKUXsU25g,24
_9NVugHJBwg,UC0PdkCm3QlHJ8HdH4JeNirA,20
_9TCc5wkXig,UCEUSUxrhCt4n0Pp9WB7q7-w,24
_aBvor8Ca5o,UCU5WmQA3Ur1Yriw5pMqoBNQ,24
_adXl4NXv_s,UCEoihco2ah097z2YwYOtojw,20
_ahxk2ek6hA,UCaRBojHlDl24Tzh6Vt6dihQ,20
_axDEsu5vd0,UCgnFSj7jQffD5V5m05j4dPw,22
_Bk91pWn8bE,UCKS1HX4moHCcDBZnM9k4giw,1
_bmjSnhGqiQ,UCs_mHlm5_C82W5WCIJaSMbQ,22
_BOA6iv4LUY,UCcpCelkp30ukU3ZKUXsU25g,24
_bwN6GqfcD4,UCn0XmAUFv6d2tofMFEesSNw,24
_C7KUG_af8M,UCckltLEhFLv8Xz_lQhYfwmg,25
_CgfSldEya4,UCCK3OZi788Ok44K97WAhLKQ,25
_CwKUryqfb8,UCn0XmAUFv6d2tofMFEesSNw,24
_DnSJtKk2QY,UC8irIP66QzlZNVgqe4vwN9g,10
_ds6ZULAcCU,UCRnC_XIuIVFKWphUcLd4MVA,27
_dtEa0b0Eu8,UCgnFSj7jQffD5V5m05j4dPw,22
_dWLBtnarkE,UCmqflTSJ6911aCrnaWIXxsA,24
_e4VZET6IgY,UCckltLEhFLv8Xz_lQhYfwmg,25
_ehYeQ18Y3g,UCckltLEhFLv8Xz_lQhYfwmg,25
_Ei-drvTkEQ,UCgnFSj7jQffD5V5m05j4dPw,22
_eRUvSDDJ-8,UCTb1H9XUOHjqA9hVvxCht0w,25
_EWGA9g4MSs,UCckltLEhFLv8Xz_lQhYfwmg,25
_flobDfrfZ4,UCfK5mYo5nvU4d4vkguhSn6Q,24
_fW7aHaBYXQ,UCn0XmAUFv6d2tofMFEesSNw,24
_FWS9vPXbQI,UCdTL_n9uC2_DlLX7ohcKpVQ,24
_FWtjvCVTbs,UCe13xXtdfx_n0_z1qeXV6_g,10
_gaf36Whnvw,UCCK3OZi788Ok44K97WAhLKQ,25
_GCE0pzn3Qw,UCJsN1Mmx4GRA6sCYdfKqpSQ,28
_gFd6jNzfYU,UCjK3LREYZUrNKnk56Prhe4w,29
_GqwnPsJW6k,UCd3VsafChPVXeIufCAzCprA,27
_H1u91NJ3T8,UCAapm4DhqB5ckqr61IGdTUw,24
_HLK_7iqLDM,UCCK3OZi788Ok44K97WAhLKQ,25
_hls7eM02j0,UC3C6rQHX8pkjSyOm-620k3w,28
_hNbucZgSKE,UCEa6e_J_Xs_GKCzG8Eq15Xw,10
_IeI6Tg8D58,UCckltLEhFLv8Xz_lQhYfwmg,25
_IMVeMF_o6g,UCGkzF25IZBE1SF9ykM64xEA,24
_ItKG9eeuoo,UCCK3OZi788Ok44K97WAhLKQ,25
_IVrXseJoFQ,UCuc40qp1ZKB_ZbDw9iml8Kg,22
_JmwqxGGQlo,UCnY7v189bwoSTFFYD_PNWhQ,27
_K9XJzgNyls,UCt7aYc76HmITvYbbQlHyFnw,27
_K9ZwY6LNCI,UC-ss1l2vO46QAgyCsPRIVDA,27
_kaGY8winaA,UCCK3OZi788Ok44K97WAhLKQ,25
_kH-z5KcfgA,UCn0XmAUFv6d2tofMFEesSNw,24
_KiWc-7WdnY,UCckltLEhFLv8Xz_lQhYfwmg,25
_kzTXAqHMP0,UCckltLEhFLv8Xz_lQhYfwmg,25
_L0K4uZv6ik,UCt7aYc76HmITvYbbQlHyFnw,27
_lR4zDV98pY,UCEAjJ7_uNZDGzmFQiSFIQ7A,22
_MA9E-3Gty4,UCm-TY_JakK4dHAwF6QqcZSg,20
_MHe8eoxfxc,UCu7cGbQEMgGk8TD0ZYucM5g,27
_MNgt87CFs4,UCWqN5l7FwMO6-gT8Dg9mx5A,22
_MP-o1niA6U,UCCK3OZi788Ok44K97WAhLKQ,25
_N4BUjv73_Q,UCu_V8lfzyGspxP-LNFowW9w,10
_oIQnNxM2tg,UCCK3OZi788Ok44K97WAhLKQ,25
_OpttsZOI4I,UCckltLEhFLv8Xz_lQhYfwmg,25
_Pc5vdtWT5o,UCNyujDJFZqQml78mdpb2rNA,24
_PHeqdLL2pQ,UCKS1HX4moHCcDBZnM9k4giw,1
_pJbu-k1kHU,UCCK3OZi788Ok44K97WAhLKQ,25
_pKj4QmkkPw,UC1Q3UfVjchyhbtyJXc_mu5w,24
_QCQZVBnkzo,UCckltLEhFLv8Xz_lQhYfwmg,25
_QWgWpKp6iw,UCNFDDKoTezuSWbIjjHA76xQ,22
_r7hXpjpAxo,UCcpCelkp30ukU3ZKUXsU25g,24
_RjIm6w3mJw,UCltN1illHSguno1gokRShxA,26
_rQEgbBJUYQ,UCEa6e_J_Xs_GKCzG8Eq15Xw,10
_s2KuezQCVU,UCF5efTIgHxLMduJeMLdbbUw,10
_sIMdcYuBSA,UCdY0SS4tZPdWdQ6m5bX-ZBg,24
_SVBfRiyRB0,UCk6Bzr5M-8n_KN2guSmWmMw,22
_TO5albBfQo,UCn0XmAUFv6d2tofMFEesSNw,24
_TTez3iCWHg,UCRnC_XIuIVFKWphUcLd4MVA,27
_twjcXfzTvk,UCgnFSj7jQffD5V5m05j4dPw,22
_U-Y9AFdJqg,UC-ss1l2vO46QAgyCsPRIVDA,27
_u5gdF0ABGA,UC1Q3UfVjchyhbtyJXc_mu5w,24
_uATqk-FE68,UCKA7SQOUkD1_z5lr016Q70w,22
_VioQ1XuAbE,UCR0Bia1mQ7NQp31WWNhoFnw,22
_vNvSSHqMus,UCckltLEhFLv8Xz_lQhYfwmg,25
_VzI_CkoYl4,UCVmkgq5EQR_Dls3LG-wkrjw,28
_WFIUXFBtCo,UC9ZdXR-RYydFqdIb1lqM4LQ,19
_wGA936mhPM,UCKEKf35apTUvSLs-c1DCekw,27
_WLWTHfS6LI,UC9ZdXR-RYydFqdIb1lqM4LQ,19
_WYVZ10BafU,UCr8qGT-Mv9tdCo-aPr06REQ,1
_X0x3AVcyQg,UC0PdkCm3QlHJ8HdH4JeNirA,20
_xAXKa5JxCk,UCEuz_HGv5er0LZsztjO4g5Q,24
_XgbLLxu13k,UCJsN1Mmx4GRA6sCYdfKqpSQ,10
_xh_HMQWhZ8,UCgnFSj7jQffD5V5m05j4dPw,22
_YkGT_UsW3Q,UCaRBojHlDl24Tzh6Vt6dihQ,20
_yvyzOcqGrE,UCwKYO2L9xzLtWhSv4ncYCIA,2
_zDaFoRY66g,UCEoihco2ah097z2YwYOtojw,20
_zG5P0I2wgs,UCgnFSj7jQffD5V5m05j4dPw,22
_zT5SB6g3-0,UCfK5mYo5nvU4d4vkguhSn6Q,24
_zX5rOK_vOU,UCckltLEhFLv8Xz_lQhYfwmg,25
--UQEH1GnDo,UCckltLEhFLv8Xz_lQhYfwmg,25
-0CyK-PVcuU,UCCK3OZi788Ok44K97WAhLKQ,25
-0L9CeaQyFs,UCNyujDJFZqQml78mdpb2rNA,24
-15pnrWAfZo,UCckltLEhFLv8Xz_lQhYfwmg,25
-1E38bpTy2U,UCwXfRdTtVeVnXXF4poaYw0Q,19
-1tpcHIlEtc,UCOQAZV0vURpWMKTlAGVy8rQ,10
-1utnBm8MGM,UCYFn7BOOlmL21iNJ6q5IDfg,24
-2fhIAkUW1Y,UCQxq1x6XKl1oRJ_aSOdurWQ,10
-2VMsMUl1EA,UCcpCelkp30ukU3ZKUXsU25g,24
-38dhvP4peU,UCrjQG1gLZ4cDwIzrGA5pRBw,22
-4LWIZhgD0I,UCETxOvOv9_44-CUzsPlzyxQ,28
-6jbI3ZdpfA,UCe13xXtdfx_n0_z1qeXV6_g,10
-6LBa_SXtlM,UCglXlpWjIi95auM3umWWLdw,28
-6veTJk0Y5I,UCCK3OZi788Ok44K97WAhLKQ,25
-6xBJ7YE8Eo,UCKS1HX4moHCcDBZnM9k4giw,1
-7CewFDYxR8,UCckltLEhFLv8Xz_lQhYfwmg,25
-7yk8ij0vEE,UC0CXMeU0432EMgBnlBaY_yA,27
-8qZRAUdB78,UCEUSUxrhCt4n0Pp9WB7q7-w,24
-8yjRlzoniY,UCckltLEhFLv8Xz_lQhYfwmg,25
-9heRLrZJaY,UCjK3LREYZUrNKnk56Prhe4w,29
-a40n4mAyy0,UCCK3OZi788Ok44K97WAhLKQ,25
-a6UjOeYIqs,UCDm4BW0Q5d-zASSuRyvPGXw,22
-AM6U5xUyhs,UCCK3OZi788Ok44K97WAhLKQ,25
-amoMwWHl7g,UCVmkgq5EQR_Dls3LG-wkrjw,28
-AoNld8z7JI,UCgnFSj7jQffD5V5m05j4dPw,22
-b_wbYkvhTg,UCCK3OZi788Ok44K97WAhLKQ,25
-BgO8z7EAFY,UCEUSUxrhCt4n0Pp9WB7q7-w,24
-bPKrbkqD3c,UC6lDrxy3lS4LNRuuBtryqpQ,22
-BwMuXyuK1w,UCrjQG1gLZ4cDwIzrGA5pRBw,22
-cgAqbxxF7U,UCmqflTSJ6911aCrnaWIXxsA,24
-cp8BrHzm3g,UCCK3OZi788Ok44K97WAhLKQ,25
-ct-fuc4F0o,UC7301rstHsGPohgeR_kh8Pw,26
-CWf9ozr4J0,UCGkzF25IZBE1SF9ykM64xEA,24
-CxZk_gQgRI,UCcpCelkp30ukU3ZKUXsU25g,24
-d_Bz559dEo,UCRnC_XIuIVFKWphUcLd4MVA,27
-Du8XAhBRt0,UCckltLEhFLv8Xz_lQhYfwmg,25
-E4WbWmBh1Y,UCVmkgq5EQR_Dls3LG-wkrjw,28
-eaHx2NT95I,UCckltLEhFLv8Xz_lQhYfwmg,25
-F3w7_BjhvA,UCRtAu8OVYVfuNZmTV-Ug0zA,27
-ffnFYx6zSM,UCCK3OZi788Ok44K97WAhLKQ,25
-FPNOmIO3pU,UC4UaWbUUwVvCxWNqhb4f16Q,22
-gr5OJACVoE,UCR0Bia1mQ7NQp31WWNhoFnw,22
-h0FODn-ol4,UCckltLEhFLv8Xz_lQhYfwmg,25
-hGueSOcVA0,UCgnFSj7jQffD5V5m05j4dPw,22
-HPe_FFOzH0,UCRtAu8OVYVfuNZmTV-Ug0zA,27
-I8buSKq_ag,UCwkHQPpM4IvsJZiIwW9_8Ng,22
-ISVnjpYS7o,UC8irIP66QzlZNVgqe4vwN9g,10
-j5Rr9KY5Mw,UCMQYRNX1Fg-HJ8Ey7Z3WPrA,24
-jbWR5PYT8E,UCr8qGT-Mv9tdCo-aPr06REQ,1
-jKj-DI_w-A,UC9ZdXR-RYydFqdIb1lqM4LQ,19
-KAnKVrgmBE,UCaRBojHlDl24Tzh6Vt6dihQ,20
-l2ouIB_HH0,UCglXlpWjIi95auM3umWWLdw,28
-M8hokSaYgA,UCckltLEhFLv8Xz_lQhYfwmg,25
-MDv36S22JA,UCckltLEhFLv8Xz_lQhYfwmg,25
-meRK3_lLsE,UCFPySgAumPBFo0VFf8hjCjw,2
-mfA6KbqJDg,UCCK3OZi788Ok44K97WAhLKQ,25
-MPoa8Miv-4,UCCK3OZi788Ok44K97WAhLKQ,25
-N-1-qN5maU,UCc8W1zUTmtNqXIhOHxPIAuw,27
-n4gYp7VSMA,UC2Wq8OiU3P9sSRxHpFEe_0Q,22
-nE3mw1NU84,UCAapm4DhqB5ckqr61IGdTUw,22
-NjhgglPHRE,UC7hqTC-ChL-_PUKhctTt50A,19
-o7WQfMHwAk,UCETxOvOv9_44-CUzsPlzyxQ,28
-powSOm-rxQ,UCdTL_n9uC2_DlLX7ohcKpVQ,24
-pP5sAgAqa8,UCckltLEhFLv8Xz_lQhYfwmg,25
-putyQLm6rQ,UC-ss1l2vO46QAgyCsPRIVDA,27
-qATOudDHbs,UCGkzF25IZBE1SF9ykM64xEA,24
-QGy4nHlszY,UC-ss1l2vO46QAgyCsPRIVDA,27
-r_PQ2K-x8U,UC_BPD0TBnFtRExZOhIFEQYQ,20
-rosA-touPI,UCr8qGT-Mv9tdCo-aPr06REQ,1
-rvn6ib2jpE,UC1Q3UfVjchyhbtyJXc_mu5w,24
-S2AbW0e6kc,UCckltLEhFLv8Xz_lQhYfwmg,25
-s3ACophLJs,UCCK3OZi788Ok44K97WAhLKQ,25
-S6noMoO2bQ,UCfK5mYo5nvU4d4vkguhSn6Q,24
-T_NDq9TaA0,UCYFn7BOOlmL21iNJ6q5IDfg,24
-TGuFEtHJTc,UCCK3OZi788Ok44K97WAhLKQ,25
-UB5ohPgqUg,UCEjCyBoWP57QRkmFRz-aOGw,27
-ubadmb6xqY,UCs_mHlm5_C82W5WCIJaSMbQ,22
-ubJYmmBVnc,UCCK3OZi788Ok44K97WAhLKQ,25
-UNW-zNvXDQ,UCe13xXtdfx_n0_z1qeXV6_g,10
-UZNv9of3Ag,UCdTL_n9uC2_DlLX7ohcKpVQ,24
-VcIil6xKkc,UCYG2PZN2DImFqoTcj983iqA,24
-VMPn1p8jSU,UCckltLEhFLv8Xz_lQhYfwmg,25
-VRpyxxs1gM,UCCK3OZi788Ok44K97WAhLKQ,25
-wIVbyzBiDc,UCYFn7BOOlmL21iNJ6q5IDfg,24
-WKsHjn9BtQ,UCRnC_XIuIVFKWphUcLd4MVA,27
-xj83ciwDQc,UCMQYRNX1Fg-HJ8Ey7Z3WPrA,24
-xJEfrWFOCc,UCjK3LREYZUrNKnk56Prhe4w,29
-xl3FAT8ciQ,UC4UaWbUUwVvCxWNqhb4f16Q,22
-Xq7SGEwWBY,UCDm4BW0Q5d-zASSuRyvPGXw,22
-xwEil0Pk30,UCETxOvOv9_44-CUzsPlzyxQ,28
-y1GejiwQSw,UCCK3OZi788Ok44K97WAhLKQ,25
-YHGg6YMmUE,UCKS1HX4moHCcDBZnM9k4giw,1
-ymKjNh9WQI,UCYG2PZN2DImFqoTcj983iqA,24
-YUB_CB37kA,UCRtAu8OVYVfuNZmTV-Ug0zA,27
-Z6hio-D4nM,UCGkzF25IZBE1SF9ykM64xEA,24
-Zc_v7LfT0M,UCWqN5l7FwMO6-gT8Dg9mx5A,22
-ZCh4m9W2H4,UCU5WmQA3Ur1Yriw5pMqoBNQ,24
-zPgi8v_GG4,UCAapm4DhqB5ckqr61IGdTUw,22
-zVtNj1Ebhg,UCe13xXtdfx_n0_z1qeXV6_g,10
0_foDOr5UW4,UC1Q3UfVjchyhbtyJXc_mu5w,24
0_JvKbfZp2c,UCckltLEhFLv8Xz_lQhYfwmg,25
0_ofVZ5O80s,UCQxq1x6XKl1oRJ_aSOdurWQ,10
0_uu9i5XbQ4,UCCK3OZi788Ok44K97WAhLKQ,25
0_Zo7Oel4yo,UCKS1HX4moHCcDBZnM9k4giw,1
0-86Mzk88pI,UCe13xXtdfx_n0_z1qeXV6_g,10
00dbGap3s84,UCCK3OZi788Ok44K97WAhLKQ,25
00KzNvP8V6U,UCCK3OZi788Ok44K97WAhLKQ,25
00WjV388ySY,UC-ss1l2vO46QAgyCsPRIVDA,27
00xO8VP-ttw,UCKS1HX4moHCcDBZnM9k4giw,1
01TlJg4wZYw,UCAapm4DhqB5ckqr61IGdTUw,20
03_RPLfUorY,UCckltLEhFLv8Xz_lQhYfwmg,25
03PQk7jB8vg,UCmqflTSJ6911aCrnaWIXxsA,24
04f397rqFrg,UCDdPJHmxHCJLH1sDyytCATw,22
04FdRS_agtc,UC_BPD0TBnFtRExZOhIFEQYQ,20
05c1CKX2bio,UCdTL_n9uC2_DlLX7ohcKpVQ,24
05IJXbWw0Yc,UCckltLEhFLv8Xz_lQhYfwmg,25
05VtMDsZY1w,UCd3VsafChPVXeIufCAzCprA,27
06B8k7YlbEc,UCdTL_n9uC2_DlLX7ohcKpVQ,24
06eCwwMaIlM,UCQxq1x6XKl1oRJ_aSOdurWQ,10
07fpjTrpUEo,UCYFn7BOOlmL21iNJ6q5IDfg,24
08sxio8bHzI,UCvQoK_VN52NG9CwB7Tc9WZg,27
09Pys_AbwfA,UC6lDrxy3lS4LNRuuBtryqpQ,22
0bBzvK2j5OM,UCgnFSj7jQffD5V5m05j4dPw,22
0BeEbPtefJg,UCnirzf0fEAPfQV__61iwSQQ,20
0BR2twFw1LM,UCEuz_HGv5er0LZsztjO4g5Q,24
0BXevaoaDhY,UCfK5mYo5nvU4d4vkguhSn6Q,24
0CrYPYs7yp8,UCgnFSj7jQffD5V5m05j4dPw,22
0D1ektM3tT4,UC8irIP66QzlZNVgqe4vwN9g,10
0d5FO_uKWcg,UCckltLEhFLv8Xz_lQhYfwmg,25
0D8QqubSsrY,UCMeObxIFpmRVL22ZpL4ME9g,22
0dBy9vCAKKA,UCCK3OZi788Ok44K97WAhLKQ,25
0dCQJ2Aobag,UC-ss1l2vO46QAgyCsPRIVDA,27
0DeOR9wG5gs,UCs_mHlm5_C82W5WCIJaSMbQ,22
0dEsXZhk_hU,UCJsN1Mmx4GRA6sCYdfKqpSQ,10
0DI35axoLD8,UCVwbUjoiTUXxeVjsxW9Kwng,10
0dOe9kduC-U,UCckltLEhFLv8Xz_lQhYfwmg,25
0DqSIymiD_0,UCu7cGbQEMgGk8TD0ZYucM5g,27
0ds5PHMHvPI,UCn0XmAUFv6d2tofMFEesSNw,24
0EfMe-p91wI,UC1Q3UfVjchyhbtyJXc_mu5w,24
0EpxP75Q5eI,UC0CXMeU0432EMgBnlBaY_yA,27
0eUP3C3klP0,UCDO8zlJiV9ZgaMMK2DyX1Dw,17
0EVlyeMffQg,UC9ZdXR-RYydFqdIb1lqM4LQ,19
0f6nEOXNiWw,UCJsN1Mmx4GRA6sCYdfKqpSQ,10
0f6Ve9E62Yo,UCfK5mYo5nvU4d4vkguhSn6Q,24
0fEOsL3l2zc,UCVmkgq5EQR_Dls3LG-wkrjw,28
0fvQepKfdXw,UCgnFSj7jQffD5V5m05j4dPw,22
0gk2I6JkPeI,UCt7aYc76HmITvYbbQlHyFnw,27
0GlyR2px9-M,UC_BPD0TBnFtRExZOhIFEQYQ,20
0gPm0X5iFn0,UCrjQG1gLZ4cDwIzrGA5pRBw,22
0h3Q79jf6cc,UCCK3OZi788Ok44K97WAhLKQ,25
0HbG3bizFX8,UC_BPD0TBnFtRExZOhIFEQYQ,20
0hUYLcl6m5k,UCGN3TM5lZQ1DAvMwI1LIc8Q,27
0i-8Hmq1GRk,UCOLdaAcrdzYY3ug15EuuFAg,26
0I0UnTOqbkM,UCckltLEhFLv8Xz_lQhYfwmg,25
0i85S_74i3o,UCEmrzEYds6XN_7dd_5_XnrA,24
0io2mrBT9C4,UCgnFSj7jQffD5V5m05j4dPw,24
0j7ckfP3Xyk,UCckltLEhFLv8Xz_lQhYfwmg,25
0jamqK5qhmk,UCaRBojHlDl24Tzh6Vt6dihQ,20
0jEvZi5oLPs,UCd3VsafChPVXeIufCAzCprA,27
0JJbUdIhsac,UCs_mHlm5_C82W5WCIJaSMbQ,22
0JsNMLMaPuE,UCVmkgq5EQR_Dls3LG-wkrjw,28
0JUYlhHdIzQ,UCdY0SS4tZPdWdQ6m5bX-ZBg,24
0jwX4f-pamA,UCnirzf0fEAPfQV__61iwSQQ,20
0JzZD_jDNfA,UCKS1HX4moHCcDBZnM9k4giw,1
0KmniYXn_TM,UCckltLEhFLv8Xz_lQhYfwmg,25
0ks-cJ_TtDU,UCNyujDJFZqQml78mdpb2rNA,24
0KS0cOb1Rs8,UCFPySgAumPBFo0VFf8hjCjw,2
0l79_1BI5U8,UCWqN5l7FwMO6-gT8Dg9mx5A,22
0LhzgJA7zBE,UCEUSUxrhCt4n0Pp9WB7q7-w,24
0lrwg7LELlk,UCRnC_XIuIVFKWphUcLd4MVA,27
0mBFnKMtfy0,UCwKYO2L9xzLtWhSv4ncYCIA,22
0mD5YhHwI44,UCn0XmAUFv6d2tofMFEesSNw,24
0meZoSUe5O4,UCgnFSj7jQffD5V5m05j4dPw,22
0MlkXcnU98w,UCDO8zlJiV9ZgaMMK2DyX1Dw,17
0NaMfGPeJYo,UCaRBojHlDl24Tzh6Vt6dihQ,20
0NGfz_6HO-k,UCKA7SQOUkD1_z5lr016Q70w,22
0NIauaSJf68,UCEUSUxrhCt4n0Pp9WB7q7-w,24
0NlzZZ2oqMU,UCckltLEhFLv8Xz_lQhYfwmg,25
0NMoiTEFIWE,UCckltLEhFLv8Xz_lQhYfwmg,25
0NpCcNtHigM,UCt7aYc76HmITvYbbQlHyFnw,27
0nW86Fplcu4,UCCK3OZi788Ok44K97WAhLKQ,25
0o-YG9-0zTY,UCk6Bzr5M-8n_KN2guSmWmMw,24
0o0PwUsrMNU,UCr8qGT-Mv9tdCo-aPr06REQ,1
0o93K76B29o,UCCK3OZi788Ok44K97WAhLKQ,25
0o9HnmnS3-E,UCckltLEhFLv8Xz_lQhYfwmg,25
0OfqQx34XP0,UCckltLEhFLv8Xz_lQhYfwmg,25
0OIepSTzy54,UCCK3OZi788Ok44K97WAhLKQ,25
0pan3xpUDkw,UCdTL_n9uC2_DlLX7ohcKpVQ,24
0PC18YGpV2Y,UC1Q3UfVjchyhbtyJXc_mu5w,24
0PD3XUOpmhk,UCc8W1zUTmtNqXIhOHxPIAuw,27
0pTZycII_2g,UC4UaWbUUwVvCxWNqhb4f16Q,22
0pU8wh1zlLE,UCOLdaAcrdzYY3ug15EuuFAg,26
0Q9sjTqxbSk,UCkysZsPin4y9iQHS-QYygeQ,20
0qhcRhAZUWc,UCCK3OZi788Ok44K97WAhLKQ,25
0qT5fV2NIhI,UCETxOvOv9_44-CUzsPlzyxQ,28
0qwTaVvAHsQ,UCcpCelkp30ukU3ZKUXsU25g,19
0r1eVaQdNpo,UCr8qGT-Mv9tdCo-aPr06REQ,1
0raYTRHcosY,UCckltLEhFLv8Xz_lQhYfwmg,25
0rTAgrKESVQ,UCd3VsafChPVXeIufCAzCprA,27
0scUaIFS6Jw,UCCK3OZi788Ok44K97WAhLKQ,25
0SeBX6XMMjE,UC9ZdXR-RYydFqdIb1lqM4LQ,19
0SjfxgDKRAY,UC8irIP66QzlZNVgqe4vwN9g,10
0sTvw80EMNM,UCltN1illHSguno1gokRShxA,26
0SvaUcqaq2A,UCKS1HX4moHCcDBZnM9k4giw,1
0tOEPHCLlI4,UCEmrzEYds6XN_7dd_5_XnrA,24
0ujSJbqNv1Q,UCCK3OZi788Ok44K97WAhLKQ,25
0UpATRPA3yI,UCnY7v189bwoSTFFYD_PNWhQ,27
0UqHM-T1IXk,UCrjQG1gLZ4cDwIzrGA5pRBw,22
0V8q7kPAKEs,UCckltLEhFLv8Xz_lQhYfwmg,25
0vBio6PcxoA,UCrjQG1gLZ4cDwIzrGA5pRBw,22
0vco9S2NXaI,UCn0XmAUFv6d2tofMFEesSNw,24
0w_BDygym9Y,UCwXfRdTtVeVnXXF4poaYw0Q,19
0waRvchdL1M,UCCK3OZi788Ok44K97WAhLKQ,25
0wJCSs5Kj9s,UC0PdkCm3QlHJ8HdH4JeNirA,20
0wQ5HeJxAjM,UCckltLEhFLv8Xz_lQhYfwmg,25
0XbH3Ro-Tjk,UCc8W1zUTmtNqXIhOHxPIAuw,27
0XjXOtb6af0,UCckltLEhFLv8Xz_lQhYfwmg,25
0Y5zdNEN7VM,UCEuz_HGv5er0LZsztjO4g5Q,24
0YFmaKnLpc4,UCltN1illHSguno1gokRShxA,26
0zBPaAR0-Sg,UCckltLEhFLv8Xz_lQhYfwmg,25
0zcZuE1i51A,UCwKYO2L9xzLtWhSv4ncYCIA,22
0zhHLYOB7-c,UCMQYRNX1Fg-HJ8Ey7Z3WPrA,24
0zLCdjRoOTo,UCckltLEhFLv8Xz_lQhYfwmg,25
0zOu1r3l82w,UCk6Bzr5M-8n_KN2guSmWmMw,22
0ZUdfCTVY9k,UCn0XmAUFv6d2tofMFEesSNw,24
1_xk3ZngetE,UCh9qXeL8eP3Txra2908xksg,10
1-ySEJ2VdIg,UCOLdaAcrdzYY3ug15EuuFAg,26
10TbDNM6c0U,UCCK3OZi788Ok44K97WAhLKQ,25
12SO-X5veLw,UCckltLEhFLv8Xz_lQhYfwmg,25
13bQnCpp4RQ,UC9U2IYFVPd-Hl6zAeZQL7eQ,22
13hhqUVhc9U,UCckltLEhFLv8Xz_lQhYfwmg,25
13RfhPbEkbY,UCckltLEhFLv8Xz_lQhYfwmg,25
13ts-l41G6g,UCgnFSj7jQffD5V5m05j4dPw,22
148zpZxy_WY,UCMQYRNX1Fg-HJ8Ey7Z3WPrA,24
14kRUlY-Nn4,UCwXfRdTtVeVnXXF4poaYw0Q,19
17WcaIMddkM,UCYG2PZN2DImFqoTcj983iqA,24
18S8Z7jzyls,UCcpCelkp30ukU3ZKUXsU25g,24
18wOQj-ErOQ,UC7hqTC-ChL-_PUKhctTt50A,19
19P4D8R0Sa8,UCnirzf0fEAPfQV__61iwSQQ,20
1aB1f4xH20I,UC8irIP66QzlZNVgqe4vwN9g,10
1ag3SmKLbTU,UC8irIP66QzlZNVgqe4vwN9g,10
1AJOvge5SNk,UCd3VsafChPVXeIufCAzCprA,27
1aQzFXYzyp0,UCdY0SS4tZPdWdQ6m5bX-ZBg,24
1aWfGxm0Cpo,UCdTL_n9uC2_DlLX7ohcKpVQ,24
1AWW8QEde6Y,UCckltLEhFLv8Xz_lQhYfwmg,25
1aYbtKOkQNU,UCc8W1zUTmtNqXIhOHxPIAuw,27
1b2tiftMfjM,UCjK3LREYZUrNKnk56Prhe4w,29
1BErL1PxSn4,UCdTL_n9uC2_DlLX7ohcKpVQ,27
1BXmufkDidQ,UCh9qXeL8eP3Txra2908xksg,10
1CmBhJki_Uc,UCCK3OZi788Ok44K97WAhLKQ,25
1crjUPAKGc8,UCCK3OZi788Ok44K97WAhLKQ,25
1CU4-Um7oNA,UCckltLEhFLv8Xz_lQhYfwmg,25
1d0pzTb6E_Y,UC4UaWbUUwVvCxWNqhb4f16Q,22
1d98apLW3kI,UCVwbUjoiTUXxeVjsxW9Kwng,10
1da3w9d9BBA,UCkysZsPin4y9iQHS-QYygeQ,20
1Fc0e9whqOo,UCckltLEhFLv8Xz_lQhYfwmg,25
1fO6hotV780,UCrjQG1gLZ4cDwIzrGA5pRBw,22
1FX5sc3I_AE,UCEa6e_J_Xs_GKCzG8Eq15Xw,24
1G9roeWTR4Y,UCckltLEhFLv8Xz_lQhYfwmg,25
1hNYEDXuYQg,UCDO8zlJiV9ZgaMMK2DyX1Dw,17
1hovrKzI7Sk,UC-ss1l2vO46QAgyCsPRIVDA,27
1I6TIq6txrc,UCdTL_n9uC2_DlLX7ohcKpVQ,24
1ILXlQxXUD0,UCDdPJHmxHCJLH1sDyytCATw,22
1iYJjP2dPKo,UCEmrzEYds6XN_7dd_5_XnrA,24
1J23sJ32UAE,UC3C6rQHX8pkjSyOm-620k3w,28
1j3_JY2pCWs,UCCK3OZi788Ok44K97WAhLKQ,25
1JqHb2a3_IY,UCOLdaAcrdzYY3ug15EuuFAg,26
1k47EOpYpUQ,UCckltLEhFLv8Xz_lQhYfwmg,25
1KFXylIldUc,UCgnFSj7jQffD5V5m05j4dPw,22
1KmcJEkOOgY,UCDm4BW0Q5d-zASSuRyvPGXw,22
1KmDX3tbUR4,UCCK3OZi788Ok44K97WAhLKQ,25
1lH63gJ0_m0,UCEUSUxrhCt4n0Pp9WB7q7-w,24
1lWBDGBQ1Po,UCCK3OZi788Ok44K97WAhLKQ,25
1M-yGdCrIa8,UCckltLEhFLv8Xz_lQhYfwmg,25
1MQLzr6hRGg,UCckltLEhFLv8Xz_lQhYfwmg,25
1mRaGPTs6HM,UCt7aYc76HmITvYbbQlHyFnw,27
1mu2nO6pn8k,UCCK3OZi788Ok44K97WAhLKQ,25
1Nc5sByIU8w,UCgnFSj7jQffD5V5m05j4dPw,25
1NIITN1xSoQ,UCgnFSj7jQffD5V5m05j4dPw,22
1NudDROl2pw,UCEjCyBoWP57QRkmFRz-aOGw,27
1NuHVgOiIfo,UCOLdaAcrdzYY3ug15EuuFAg,26
1NUpobi3ZBc,UCQxq1x6XKl1oRJ_aSOdurWQ,10
1nXBt-QIsrU,UCMeObxIFpmRVL22ZpL4ME9g,22
1O5o6OuRsQk,UCckltLEhFLv8Xz_lQhYfwmg,25
1ocokRzw3_k,UCckltLEhFLv8Xz_lQhYfwmg,25
1Odv4qURx_A,UCGkzF25IZBE1SF9ykM64xEA,24
1ojJrBYIF58,UCWqN5l7FwMO6-gT8Dg9mx5A,22
1OnHETQNzhA,UCCK3OZi788Ok44K97WAhLKQ,25
1p81MofenCw,UCk6Bzr5M-8n_KN2guSmWmMw,24
1pggKzuMU7s,UCMeObxIFpmRVL22ZpL4ME9g,22
1phjnI2FwHg,UCr8qGT-Mv9tdCo-aPr06REQ,1
1q-d8PwaGUE,UC4UaWbUUwVvCxWNqhb4f16Q,22
1qfFrRiihMg,UCn0XmAUFv6d2tofMFEesSNw,24
1QhPgJzM6RM,UCdY0SS4tZPdWdQ6m5bX-ZBg,24
1qsx4EalDT0,UCckltLEhFLv8Xz_lQhYfwmg,25
1QsygIxU5mA,UCNyujDJFZqQml78mdpb2rNA,24
1R9bJfx4zy8,UCYFn7BOOlmL21iNJ6q5IDfg,24
1RFlb13fTkY,UCR5y9OV23c0jJ4RGwDvGnLw,27
1rKy4KZDecU,UCiOEgWwAKbfrVb795hqQc9A,24
1RMCrOUy87Y,UCFPySgAumPBFo0VFf8hjCjw,2
1SQJYoWAbuc,UCCK3OZi788Ok44K97WAhLKQ,25
1T76KQXwU1s,UCs_mHlm5_C82W5WCIJaSMbQ,22
1tC1Kor8NWY,UCCK3OZi788Ok44K97WAhLKQ,25
1tWB7GJWUeY,UCckltLEhFLv8Xz_lQhYfwmg,25
1u2sKwqGhow,UCEuz_HGv5er0LZsztjO4g5Q,24
1u3qupUkNbo,UCh9qXeL8eP3Txra2908xksg,10
1u97ifR2hcY,UCiOEgWwAKbfrVb795hqQc9A,24
1uayG9JvNI0,UCNFDDKoTezuSWbIjjHA76xQ,22
1Us5oG4xHpA,UCckltLEhFLv8Xz_lQhYfwmg,25
1V7nOSOctAI,UCGN3TM5lZQ1DAvMwI1LIc8Q,27
1vaH76kjuG4,UC-ss1l2vO46QAgyCsPRIVDA,27
1Vd0abP4tWQ,UC7301rstHsGPohgeR_kh8Pw,26
1VrnrXKxdkE,UCCK3OZi788Ok44K97WAhLKQ,25
1W9Kj7ReH5E,UCCK3OZi788Ok44K97WAhLKQ,25
1WibxJVpChY,UCCK3OZi788Ok44K97WAhLKQ,25
1xMR-BL080I,UC8irIP66QzlZNVgqe4vwN9g,10
1yl1qM4LMfk,UCcpCelkp30ukU3ZKUXsU25g,25
1yljXTOWM-Y,UCEUSUxrhCt4n0Pp9WB7q7-w,24
1z32oHTiY0E,UCckltLEhFLv8Xz_lQhYfwmg,25
1Z8j3iNMduY,UC-ss1l2vO46QAgyCsPRIVDA,27
1zqIZZaqrhg,UCckltLEhFLv8Xz_lQhYfwmg,25
1zsLOigP4h0,UCckltLEhFLv8Xz_lQhYfwmg,25
2-KFbb1jPl4,UCEmrzEYds6XN_7dd_5_XnrA,24
20ME1MYDga0,UCgnFSj7jQffD5V5m05j4dPw,22
21mTKTywkQ0,UCGkzF25IZBE1SF9ykM64xEA,24
223ss_1vjYw,UCOLdaAcrdzYY3ug15EuuFAg,26
22P9sBuIyY0,UCgnFSj7jQffD5V5m05j4dPw,22
22pr4h-zHgA,UCMeObxIFpmRVL22ZpL4ME9g,22
23bPc0TIzOw,UCKS1HX4moHCcDBZnM9k4giw,1
23qvb_jK50U,UCn0XmAUFv6d2tofMFEesSNw,24
23x3axSae0s,UCYG2PZN2DImFqoTcj983iqA,24
24bpuOdZ7D0,UCCK3OZi788Ok44K97WAhLKQ,25
24jfIrbRtUM,UCvQoK_VN52NG9CwB7Tc9WZg,27
24z87TYU8tc,UCVwbUjoiTUXxeVjsxW9Kwng,10
25Pn91m7PlA,UCNyujDJFZqQml78mdpb2rNA,24
28yWdrBTYHE,UCgnFSj7jQffD5V5m05j4dPw,22
2a3NSJnvn4c,UCckltLEhFLv8Xz_lQhYfwmg,25
2ac83XG74z8,UCmqflTSJ6911aCrnaWIXxsA,24
2AKMVIMKSw0,UCYG2PZN2DImFqoTcj983iqA,24
2AQQxnVn2lg,UCKS1HX4moHCcDBZnM9k4giw,1
2bL7XYa5mOA,UCKEKf35apTUvSLs-c1DCekw,27
2BOlIkd6AUQ,UCn0XmAUFv6d2tofMFEesSNw,24
2bWisw7tswM,UC9U2IYFVPd-Hl6zAeZQL7eQ,22
2CPOPP28ONE,UCckltLEhFLv8Xz_lQhYfwmg,25
2CZKLvJfXQw,UCk6Bzr5M-8n_KN2guSmWmMw,24
2d2enHjXNCA,UCgnFSj7jQffD5V5m05j4dPw,22
2de98P2vegU,UCwkHQPpM4IvsJZiIwW9_8Ng,22
2dnTe_cZQ2M,UCOQAZV0vURpWMKTlAGVy8rQ,10
2dsbiAPXyiw,UCgnFSj7jQffD5V5m05j4dPw,22
2DzEx5ojSBI,UCcrktZCp1tY9eDqrk6fMrsA,27
2EogfYVoroU,UCckltLEhFLv8Xz_lQhYfwmg,25
2epOzRc7R-0,UCcpCelkp30ukU3ZKUXsU25g,24
2FAyJTYaImM,UCU5WmQA3Ur1Yriw5pMqoBNQ,24
2FeElmjqsJU,UCltN1illHSguno1gokRShxA,26
2FkV5YfgQVA,UC0PdkCm3QlHJ8HdH4JeNirA,20
2g4TEtuy9Jc,UC_BPD0TBnFtRExZOhIFEQYQ,20
2g5wfeumhbA,UC4UaWbUUwVvCxWNqhb4f16Q,22
2GEXfq3IRDw,UC6lDrxy3lS4LNRuuBtryqpQ,22
2gnTFd0mE1A,UCu_V8lfzyGspxP-LNFowW9w,10
2gSDY1rHQYc,UCckltLEhFLv8Xz_lQhYfwmg,25
2Gx9ctqivSQ,UCckltLEhFLv8Xz_lQhYfwmg,25
2H07XXtlQHo,UCCK3OZi788Ok44K97WAhLKQ,25
2h0rrYfVqqc,UCEmrzEYds6XN_7dd_5_XnrA,24
2H6YbYQHHCs,UCn0XmAUFv6d2tofMFEesSNw,24
2HCcpAXLH0E,UCwkHQPpM4IvsJZiIwW9_8Ng,22
2hG0RCsy2Lg,UCcrktZCp1tY9eDqrk6fMrsA,24
2HiuPTNE9FM,UCfK5mYo5nvU4d4vkguhSn6Q,24
2Hoob5fELdA,UC8irIP66QzlZNVgqe4vwN9g,10
2HYgUpZP3jQ,UCEUSUxrhCt4n0Pp9WB7q7-w,24
2iINfNdKaeY,UCVmkgq5EQR_Dls3LG-wkrjw,22
2jlZc_jo1O8,UCKEKf35apTUvSLs-c1DCekw,27
2JMo5jZbiwc,UC-ss1l2vO46QAgyCsPRIVDA,27
2JZcesAwXF8,UCckltLEhFLv8Xz_lQhYfwmg,25
2kvGcFf3Xqw,UCltN1illHSguno1gokRShxA,26
2l2O-KRxN1Y,UCCK3OZi788Ok44K97WAhLKQ,25
2lnt_nsJ6hY,UCckltLEhFLv8Xz_lQhYfwmg,25
2LXU-PQ9oJY,UCTb1H9XUOHjqA9hVvxCht0w,22
2lYPL1smJvU,UCJsN1Mmx4GRA6sCYdfKqpSQ,10
2m8cq8ce6HM,UCMeObxIFpmRVL22ZpL4ME9g,22
2MD2SHYNoYk,UCGkzF25IZBE1SF9ykM64xEA,24
2mJCgvc2Pr8,UCCK3OZi788Ok44K97WAhLKQ,25
2N07_0RJsUA,UCiOEgWwAKbfrVb795hqQc9A,24
2Nhw5oXQbtU,UCm-TY_JakK4dHAwF6QqcZSg,20
2NOot-Kvtnc,UCJsN1Mmx4GRA6sCYdfKqpSQ,10
2nSwARCIMd4,UCOQAZV0vURpWMKTlAGVy8rQ,10
2nZuGfv3D60,UCEa6e_J_Xs_GKCzG8Eq15Xw,10
2OoFlX1SXJw,UCs_mHlm5_C82W5WCIJaSMbQ,22
2OpkmD1gDYo,UCn0XmAUFv6d2tofMFEesSNw,24
2osBcOyEzjw,UCNyujDJFZqQml78mdpb2rNA,24
2OXs1HmudSM,UCCK3OZi788Ok44K97WAhLKQ,25
2oZrViUBZyI,UCOQAZV0vURpWMKTlAGVy8rQ,10
2pwT1xAPNNM,UCmqflTSJ6911aCrnaWIXxsA,24
2qfpkOKGHs4,UCr8qGT-Mv9tdCo-aPr06REQ,1
2QgnbvcbKHk,UCCK3OZi788Ok44K97WAhLKQ,25
2qjSnBG1FyA,UCckltLEhFLv8Xz_lQhYfwmg,25
2QV8NiBCvuI,UCckltLEhFLv8Xz_lQhYfwmg,25
2qZ3Bh-ZGyE,UCVwbUjoiTUXxeVjsxW9Kwng,10
2RF5DcXUgVI,UCs_mHlm5_C82W5WCIJaSMbQ,22
2rmaSL3KTMk,UCYFn7BOOlmL21iNJ6q5IDfg,24
2RrVgibOtqM,UCCK3OZi788Ok44K97WAhLKQ,25
2rueoo_3T90,UCYFn7BOOlmL21iNJ6q5IDfg,24
2TYPvHIzKHs,UCCK3OZi788Ok44K97WAhLKQ,25
2U0Gf1rHUnc,UCCK3OZi788Ok44K97WAhLKQ,25
2uw8EWcueWs,UCCK3OZi788Ok44K97WAhLKQ,25
2uYTVO1kGxI,UCt7aYc76HmITvYbbQlHyFnw,27
2V6lz794spg,UCCK3OZi788Ok44K97WAhLKQ,25
2VdRcqF_bok,UCEmrzEYds6XN_7dd_5_XnrA,24
2VEghCwYR94,UCwKYO2L9xzLtWhSv4ncYCIA,19
2voIiYFWdHs,UCgnFSj7jQffD5V5m05j4dPw,22
2vtDTh0F2-k,UCmqflTSJ6911aCrnaWIXxsA,24
2vXTW84VPBw,UCR0Bia1mQ7NQp31WWNhoFnw,24
2wj0BYa99KA,UCaRBojHlDl24Tzh6Vt6dihQ,20
2WLCupa7AOc,UCETxOvOv9_44-CUzsPlzyxQ,28
2XGYxIf0fDY,UC7hqTC-ChL-_PUKhctTt50A,19
2xIaHIyPH8o,UCgnFSj7jQffD5V5m05j4dPw,22
2xxExMn8GeE,UCKA7SQOUkD1_z5lr016Q70w,22
2xxh5S2zqGA,UC_BPD0TBnFtRExZOhIFEQYQ,20
2YwbelCxRQo,UCDO8zlJiV9ZgaMMK2DyX1Dw,17
2ZCGbCOXM8Q,UC9U2IYFVPd-Hl6zAeZQL7eQ,22
2zIZ36hpsPc,UCckltLEhFLv8Xz_lQhYfwmg,25
3_nTV4pmSCw,UCGc6e2-SXlGP_cKkV5H39Kg,27
3-32nXtQxJE,UCgnFSj7jQffD5V5m05j4dPw,22
3-tOeVqoAEM,UC7301rstHsGPohgeR_kh8Pw,26
302gg_SJn98,UC4UaWbUUwVvCxWNqhb4f16Q,22
30472x0PioM,UC9U2IYFVPd-Hl6zAeZQL7eQ,22
30Sn3vBAB1I,UCe13xXtdfx_n0_z1qeXV6_g,10
31mOnrIHdYs,UCu7cGbQEMgGk8TD0ZYucM5g,27
327_x57EHK8,UCDdPJHmxHCJLH1sDyytCATw,22
32vhzWJ5tmI,UCJsN1Mmx4GRA6sCYdfKqpSQ,28
330BlleAuNc,UCgnFSj7jQffD5V5m05j4dPw,22
3395EeC_Xyc,UCwkHQPpM4IvsJZiIwW9_8Ng,22
34NHQsGdTyw,UCc8W1zUTmtNqXIhOHxPIAuw,27
34X3namwhS0,UCFPySgAumPBFo0VFf8hjCjw,2
35-XXG2MQo0,UCgnFSj7jQffD5V5m05j4dPw,22
36FMDVXrEow,UCwkHQPpM4IvsJZiIwW9_8Ng,22
36THAhrrEKw,UCcrktZCp1tY9eDqrk6fMrsA,27
382Zuh0sbgM,UCgnFSj7jQffD5V5m05j4dPw,22
38A0siv4uqc,UCEUSUxrhCt4n0Pp9WB7q7-w,24
38FQi3bS9Tg,UCQxq1x6XKl1oRJ_aSOdurWQ,10
38pD61ZtddM,UCCK3OZi788Ok44K97WAhLKQ,25
3aCIKU3ro-k,UCRtAu8OVYVfuNZmTV-Ug0zA,27
3AU2C8g64QY,UCckltLEhFLv8Xz_lQhYfwmg,25
3avF0bav-x8,UCTb1H9XUOHjqA9hVvxCht0w,23
3aXe23dBpus,UCMQYRNX1Fg-HJ8Ey7Z3WPrA,24
3B4p6YoTJZg,UCCK3OZi788Ok44K97WAhLKQ,25
3Bdk0IO9pKc,UCgnFSj7jQffD5V5m05j4dPw,22
3bLLTDykj9k,UCYFn7BOOlmL21iNJ6q5IDfg,24
3ce1oPfZXEg,UCckltLEhFLv8Xz_lQhYfwmg,25
3CWAWr-CBA0,UC3C6rQHX8pkjSyOm-620k3w,28
3DALTVQ15nE,UCgnFSj7jQffD5V5m05j4dPw,22
3DiyFM6iDL4,UCRnC_XIuIVFKWphUcLd4MVA,27
3DvwykCrAgk,UC7301rstHsGPohgeR_kh8Pw,26
3E0lL68OvGE,UCglXlpWjIi95auM3umWWLdw,28
3EAtjZmzbBo,UC6lDrxy3lS4LNRuuBtryqpQ,22
3ERD4ZS1xs4,UCTb1H9XUOHjqA9hVvxCht0w,22
3EzpTC1nNOA,UC7301rstHsGPohgeR_kh8Pw,26
3f1yyFSv5Dw,UCgnFSj7jQffD5V5m05j4dPw,22
3fsfoIBTK88,UCjK3LREYZUrNKnk56Prhe4w,29
3GBMmsPcwFs,UCckltLEhFLv8Xz_lQhYfwmg,25
3GJ84-ZsO5Q,UCR5y9OV23c0jJ4RGwDvGnLw,27
3GoiP9EUlfs,UCKS1HX4moHCcDBZnM9k4giw,1
3h5wgslryX4,UCjK3LREYZUrNKnk56Prhe4w,29
3H690vXic-4,UCVwbUjoiTUXxeVjsxW9Kwng,10
3HBJ_NARIfw,UCHQfFg_epoUK0htwmiUyzEQ,27
3hIsZT4TGUs,UCOQAZV0vURpWMKTlAGVy8rQ,10
3HWxKtof4rQ,UCgnFSj7jQffD5V5m05j4dPw,22
3hzVW8Rihyw,UCCK3OZi788Ok44K97WAhLKQ,25
3IU_SjsP5fQ,UCCK3OZi788Ok44K97WAhLKQ,25
3Iu8_gYli-k,UCm-TY_JakK4dHAwF6QqcZSg,20
3IvlDn0okYI,UC1Q3UfVjchyhbtyJXc_mu5w,24
3j190IEjPTc,UCgnFSj7jQffD5V5m05j4dPw,22
3J9qhoH4jBw,UC9ZdXR-RYydFqdIb1lqM4LQ,19
3jsERHVPYP0,UCOLdaAcrdzYY3ug15EuuFAg,26
3k9MX3g1bp0,UC1Q3UfVjchyhbtyJXc_mu5w,24
3kE7Uov7-Hc,UCckltLEhFLv8Xz_lQhYfwmg,25
3lE_7AvYXrY,UCTb1H9XUOHjqA9hVvxCht0w,17
3lkD9fVHxyg,UCckltLEhFLv8Xz_lQhYfwmg,25
3M8EuIBNNEk,UCwkHQPpM4IvsJZiIwW9_8Ng,22
3mAmbuo2oDk,UC7hqTC-ChL-_PUKhctTt50A,19
3MrnTt7X8CA,UCGkzF25IZBE1SF9ykM64xEA,24
3NR1Y6_4BGs,UCKEKf35apTUvSLs-c1DCekw,27
3NxHSBSIf-k,UC3C6rQHX8pkjSyOm-620k3w,28
3o00F8D925k,UCmqflTSJ6911aCrnaWIXxsA,24
3o5bIkyO9UM,UCCK3OZi788Ok44K97WAhLKQ,25
3o8W_OmvnMU,UCckltLEhFLv8Xz_lQhYfwmg,25
3OhxtJNcoSU,UCgnFSj7jQffD5V5m05j4dPw,22
3oLmorl1MCs,UCCK3OZi788Ok44K97WAhLKQ,25
3OQishxto_k,UCgnFSj7jQffD5V5m05j4dPw,22
3orBNndYi2o,UCwKYO2L9xzLtWhSv4ncYCIA,22
3OSc4LZQusQ,UCd3VsafChPVXeIufCAzCprA,27
3OSUqqhTxTA,UCwXfRdTtVeVnXXF4poaYw0Q,19
3OYH_D_oFls,UCc8W1zUTmtNqXIhOHxPIAuw,26
3P7YQUnH99Y,UCGN3TM5lZQ1DAvMwI1LIc8Q,27
3peBZX907Jk,UCjK3LREYZUrNKnk56Prhe4w,29
3pukWaLnSh8,UCckltLEhFLv8Xz_lQhYfwmg,25
3qcWBJ2F2Ec,UC1Q3UfVjchyhbtyJXc_mu5w,24
3qF3t7P_z5Y,UCr8qGT-Mv9tdCo-aPr06REQ,1
3RSnyFgQERY,UC0CXMeU0432EMgBnlBaY_yA,27
3s360rraYE8,UCjK3LREYZUrNKnk56Prhe4w,29
3s7_uJaDy20,UCU5WmQA3Ur1Yriw5pMqoBNQ,24
3srAnrMD_TY,UCckltLEhFLv8Xz_lQhYfwmg,25
3suVKRLHHuQ,UCr8qGT-Mv9tdCo-aPr06REQ,1
3SWSB5pNTnM,UCEoihco2ah097z2YwYOtojw,20
3SyCHGHFxk0,UCCK3OZi788Ok44K97WAhLKQ,25
3taNhTFj55Y,UC-ss1l2vO46QAgyCsPRIVDA,27
3TeW79z6Izk,UCCK3OZi788Ok44K97WAhLKQ,25
3tub9ELnf4I,UCDO8zlJiV9ZgaMMK2DyX1Dw,17
3uTKpNaAJBQ,UCrjQG1gLZ4cDwIzrGA5pRBw,22
3Ux7eV4lPWw,UCDdPJHmxHCJLH1sDyytCATw,22
3vhBUktWpag,UCcrktZCp1tY9eDqrk6fMrsA,24
3vMEZFB682E,UCCK3OZi788Ok44K97WAhLKQ,25
3VqeP2sSNis,UCEuz_HGv5er0LZsztjO4g5Q,24
3vZyV2kldHs,UCkysZsPin4y9iQHS-QYygeQ,20
3xG8Zlt6zaI,UCe13xXtdfx_n0_z1qeXV6_g,10
3XgBQ9Fyu8U,UCCK3OZi788Ok44K97WAhLKQ,25
3xrCMAse5MU,UC8irIP66QzlZNVgqe4vwN9g,10
3ygfOt1Yjko,UCckltLEhFLv8Xz_lQhYfwmg,25
3ytTjt8Vnb4,UCd3VsafChPVXeIufCAzCprA,27
3Yz0D93a9U0,UCDm4BW0Q5d-zASSuRyvPGXw,22
3z8A6TuQQiQ,UC2Wq8OiU3P9sSRxHpFEe_0Q,22
3Z9tJzzRnb8,UCgnFSj7jQffD5V5m05j4dPw,22
3ZkYOG8h9VQ,UCdY0SS4tZPdWdQ6m5bX-ZBg,24
3ZOqx5Fc-ho,UCckltLEhFLv8Xz_lQhYfwmg,25
3zPmN69VntU,UCR0Bia1mQ7NQp31WWNhoFnw,20
3zSxKZlNngo,UCk6Bzr5M-8n_KN2guSmWmMw,24
40ek9tSevC4,UCOQAZV0vURpWMKTlAGVy8rQ,10
40VPHfR515U,UCETxOvOv9_44-CUzsPlzyxQ,28
40wafGpJp0c,UCgnFSj7jQffD5V5m05j4dPw,22
418hhQlTxmY,UCrjQG1gLZ4cDwIzrGA5pRBw,22
41Q6Fh6wC1k,UCglXlpWjIi95auM3umWWLdw,28
41XOxCgWEPY,UCHQfFg_epoUK0htwmiUyzEQ,27
42dMGkianyg,UCuc40qp1ZKB_ZbDw9iml8Kg,22
42LE3aYDeDo,UCDO8zlJiV9ZgaMMK2DyX1Dw,17
42O_6Ppvz60,UCckltLEhFLv8Xz_lQhYfwmg,25
43bn9-odqGE,UCckltLEhFLv8Xz_lQhYfwmg,25
43KRxsCAu5Q,UCnY7v189bwoSTFFYD_PNWhQ,27
43YkBTW0BbU,UCaRBojHlDl24Tzh6Vt6dihQ,20
44g-S0XOnUc,UCU5WmQA3Ur1Yriw5pMqoBNQ,24
44jAzu0F7lU,UCCK3OZi788Ok44K97WAhLKQ,25
45a43pZ6fHk,UCDm4BW0Q5d-zASSuRyvPGXw,22
45Kvd6JxFuE,UCckltLEhFLv8Xz_lQhYfwmg,25
474PP9-KV2I,UC8irIP66QzlZNVgqe4vwN9g,10
47hxMBUuVso,UCgnFSj7jQffD5V5m05j4dPw,22
47jjjqLVz6g,UCR5y9OV23c0jJ4RGwDvGnLw,27
486dsXilugA,UCiOEgWwAKbfrVb795hqQc9A,24
48fWoekJQc8,UC-ss1l2vO46QAgyCsPRIVDA,27
48G465RwjZg,UC7301rstHsGPohgeR_kh8Pw,26
48RJNr5O1Wc,UCvQoK_VN52NG9CwB7Tc9WZg,27
49Hkiwg8fjQ,UCAapm4DhqB5ckqr61IGdTUw,22
4aA1Gm6LLiM,UCTb1H9XUOHjqA9hVvxCht0w,19
4al1FOWsGCs,UCR0Bia1mQ7NQp31WWNhoFnw,24
4B4FpsI25ow,UCk6Bzr5M-8n_KN2guSmWmMw,22
4bA3KyHyVIA,UCd3VsafChPVXeIufCAzCprA,27
4bl5ZvO3o2E,UCckltLEhFLv8Xz_lQhYfwmg,25
4bYQk2DV3t0,UCEa6e_J_Xs_GKCzG8Eq15Xw,24
4c3oO9f2ttQ,UCCK3OZi788Ok44K97WAhLKQ,25
4C4unEKHWgw,UCYFn7BOOlmL21iNJ6q5IDfg,24
4CYbmDmtA3g,UC4UaWbUUwVvCxWNqhb4f16Q,22
4dApLPOC6E0,UCkysZsPin4y9iQHS-QYygeQ,20
4DcnILCxoGU,UCd3VsafChPVXeIufCAzCprA,27
4Dj03Yfll6s,UCgnFSj7jQffD5V5m05j4dPw,22
4dj1tx6FVhc,UC9ZdXR-RYydFqdIb1lqM4LQ,19
4E_x1mf33hc,UCckltLEhFLv8Xz_lQhYfwmg,25
4e8hz8U3OcI,UCltN1illHSguno1gokRShxA,26
4ECo93BFkQk,UCOQAZV0vURpWMKTlAGVy8rQ,10
4eLJLRwVh7I,UCckltLEhFLv8Xz_lQhYfwmg,25
4ERk4EtAZsU,UCEmrzEYds6XN_7dd_5_XnrA,24
4ezHmm-DH4Y,UCdTL_n9uC2_DlLX7ohcKpVQ,24
4F07maKJT1U,UCrjQG1gLZ4cDwIzrGA5pRBw,22
4FBkHlaSzIM,UCfK5mYo5nvU4d4vkguhSn6Q,10
4Fk6xB1umT8,UCFPySgAumPBFo0VFf8hjCjw,10
4GCNtrCI6w0,UCckltLEhFLv8Xz_lQhYfwmg,25
4gdKZL6F8xA,UCk6Bzr5M-8n_KN2guSmWmMw,22
4gQTOyAi79A,UCckltLEhFLv8Xz_lQhYfwmg,25
4gWOkHNDnhc,UCjK3LREYZUrNKnk56Prhe4w,29
4GxzMDWqK2E,UC1Q3UfVjchyhbtyJXc_mu5w,24
4he_xczwKSQ,UCVmkgq5EQR_Dls3LG-wkrjw,22
4HxzOpluuGA,UCcrktZCp1tY9eDqrk6fMrsA,27
4hZiMrlgJ4Q,UCckltLEhFLv8Xz_lQhYfwmg,25
4ICc3EBnqB0,UCckltLEhFLv8Xz_lQhYfwmg,25
4ILRsI4qwtU,UCckltLEhFLv8Xz_lQhYfwmg,25
4iTqfkmHyfw,UCiOEgWwAKbfrVb795hqQc9A,24
4J34dyfz2DQ,UCckltLEhFLv8Xz_lQhYfwmg,25
4Jcj1N3vCUY,UCU5WmQA3Ur1Yriw5pMqoBNQ,24
4JmE-HHR9h8,UCGkzF25IZBE1SF9ykM64xEA,24
4Jy7nGcZra8,UCKS1HX4moHCcDBZnM9k4giw,1
4k9TDgvo6vI,UCh9qXeL8eP3Txra2908xksg,10
4klzHoOHCg8,UCckltLEhFLv8Xz_lQhYfwmg,25
4Kmfk_KViIE,UCGN3TM5lZQ1DAvMwI1LIc8Q,27
4krEQWj3Iug,UCHQfFg_epoUK0htwmiUyzEQ,27
4l_TZgxO7mY,UCCK3OZi788Ok44K97WAhLKQ,25
4l1BL_zTp7Y,UCd3VsafChPVXeIufCAzCprA,27
4l8ZkJFYoDw,UCglXlpWjIi95auM3umWWLdw,28
4LYwPnhrhU8,UCDm4BW0Q5d-zASSuRyvPGXw,22
4M5YY-hI_U4,UCCK3OZi788Ok44K97WAhLKQ,25
4mG13LPd9F8,UCWqN5l7FwMO6-gT8Dg9mx5A,22
4Mw0krZHnHo,UC0CXMeU0432EMgBnlBaY_yA,27
4mYXM-ndYDI,UCKS1HX4moHCcDBZnM9k4giw,1
4nUZjFVAVRc,UCs_mHlm5_C82W5WCIJaSMbQ,22
4OgxWP4E-xo,UCdTL_n9uC2_DlLX7ohcKpVQ,24
4OmogeGCK9I,UCckltLEhFLv8Xz_lQhYfwmg,25
4P-YEgipBhA,UCKA7SQOUkD1_z5lr016Q70w,22
4pLx8-sOztk,UCCK3OZi788Ok44K97WAhLKQ,25
4QFhbra_6gA,UCckltLEhFLv8Xz_lQhYfwmg,25
4R3MIoT21Gc,UCckltLEhFLv8Xz_lQhYfwmg,25
4rjz45wFKGY,UCjK3LREYZUrNKnk56Prhe4w,29
4RkEaGqoMqE,UCltN1illHSguno1gokRShxA,26
4RtWE3Dug30,UCGN3TM5lZQ1DAvMwI1LIc8Q,27
4S5Rt-TNYDw,UCMQYRNX1Fg-HJ8Ey7Z3WPrA,24
4s5zcKzo_j0,UCOQAZV0vURpWMKTlAGVy8rQ,27
4sdq3hEMCPk,UCiOEgWwAKbfrVb795hqQc9A,24
4sn-7eYnKL0,UCDm4BW0Q5d-zASSuRyvPGXw,22
4um5KPw6sA8,UCYFn7BOOlmL21iNJ6q5IDfg,24
4uprQau9ido,UCckltLEhFLv8Xz_lQhYfwmg,25
4urJHg1qcUg,UCckltLEhFLv8Xz_lQhYfwmg,25
4Vdrdtozp-U,UCe13xXtdfx_n0_z1qeXV6_g,10
4vMJHs5GgGE,UCBR9iW2qo_7LP9_9u3A2ZeQ,20
4VqReMvYcBw,UCgnFSj7jQffD5V5m05j4dPw,22
4W5B6H8bdnk,UC7hqTC-ChL-_PUKhctTt50A,19
4wXrPzjtRPo,UCrjQG1gLZ4cDwIzrGA5pRBw,22
4WxsusRMV8c,UCR0Bia1mQ7NQp31WWNhoFnw,22
4XDbB5nuNAY,UCEmrzEYds6XN_7dd_5_XnrA,24
4Xn6A-2Tf8w,UCjK3LREYZUrNKnk56Prhe4w,29
4xqJdPQHuV8,UCEUSUxrhCt4n0Pp9WB7q7-w,24
4xXyooMqldI,UCjK3LREYZUrNKnk56Prhe4w,29
4YaS1UVI5Fg,UCKA7SQOUkD1_z5lr016Q70w,22
4YGJAfX0GKA,UCckltLEhFLv8Xz_lQhYfwmg,25
4yhGjUJa2mw,UC4UaWbUUwVvCxWNqhb4f16Q,22
4Zpnw7wQlkA,UCckltLEhFLv8Xz_lQhYfwmg,25
4zUnnPJRErk,UCwkHQPpM4IvsJZiIwW9_8Ng,22
5-CSpR_xBHw,UCOLdaAcrdzYY3ug15EuuFAg,26
5-iw87Uocn0,UCETxOvOv9_44-CUzsPlzyxQ,28
50JpAT7YRi0,UCgnFSj7jQffD5V5m05j4dPw,22
50pn8AeNj_Q,UCCK3OZi788Ok44K97WAhLKQ,25
50rakftQl2g,UCKS1HX4moHCcDBZnM9k4giw,1
51b3ytTPCVM,UC0PdkCm3QlHJ8HdH4JeNirA,20
51ca8C3IHeQ,UCJsN1Mmx4GRA6sCYdfKqpSQ,10
51FqVg9Cam8,UCt7aYc76HmITvYbbQlHyFnw,27
532Lw8_YFGU,UCdTL_n9uC2_DlLX7ohcKpVQ,28
539cWmIJdHs,UCMeObxIFpmRVL22ZpL4ME9g,22
53fktOpio10,UCVwbUjoiTUXxeVjsxW9Kwng,10
5450Jt6tp4I,UCckltLEhFLv8Xz_lQhYfwmg,25
545dV1xvW7w,UCwXfRdTtVeVnXXF4poaYw0Q,19
557QgQrpf_0,UCDdPJHmxHCJLH1sDyytCATw,22
55Nklp7Ck_0,UCcpCelkp30ukU3ZKUXsU25g,24
55QHc8nreQg,UCRnC_XIuIVFKWphUcLd4MVA,27
55S1D8emyus,UCOQAZV0vURpWMKTlAGVy8rQ,10
562cEoeGA6Q,UCwkHQPpM4IvsJZiIwW9_8Ng,22
56LtEyKNGAo,UCEa6e_J_Xs_GKCzG8Eq15Xw,24
56yBQJMI1nw,UCu7cGbQEMgGk8TD0ZYucM5g,27
57EYpgRew6Q,UC7301rstHsGPohgeR_kh8Pw,26
58LhQvct8gc,UC9ZdXR-RYydFqdIb1lqM4LQ,19
5AfU1zol4Y4,UCAapm4DhqB5ckqr61IGdTUw,22
5AN_0G_beV4,UCglXlpWjIi95auM3umWWLdw,28
5aPqGCjz6pk,UCYFn7BOOlmL21iNJ6q5IDfg,24
5bNyx99Peh4,UCckltLEhFLv8Xz_lQhYfwmg,25
5CPXaYTz4qY,UCJsN1Mmx4GRA6sCYdfKqpSQ,10
5CuHB0QMjb0,UCckltLEhFLv8Xz_lQhYfwmg,25
5dBy1tFhAkc,UCn0XmAUFv6d2tofMFEesSNw,24
5dlpI18U0VY,UCgnFSj7jQffD5V5m05j4dPw,22
5e_Yi328u9k,UCr8qGT-Mv9tdCo-aPr06REQ,1
5Ee0yqslM7E,UC3C6rQHX8pkjSyOm-620k3w,28
5Eev2WDLwjc,UCt7aYc76HmITvYbbQlHyFnw,27
5ElarKYEQuw,UCYG2PZN2DImFqoTcj983iqA,24
5eNRtOq7cxo,UC8irIP66QzlZNVgqe4vwN9g,10
5fs8Ohk4W7k,UCjK3LREYZUrNKnk56Prhe4w,29
5FW7U6Jjhd0,UCckltLEhFLv8Xz_lQhYfwmg,25
5G4oL9Hw1sY,UC7301rstHsGPohgeR_kh8Pw,26
5G5844MS_uk,UC8irIP66QzlZNVgqe4vwN9g,10
5g5C7f8HJ7I,UC6lDrxy3lS4LNRuuBtryqpQ,22
5Gb4VMAuMa8,UCkysZsPin4y9iQHS-QYygeQ,20
5GyumqDpg-4,UCn0XmAUFv6d2tofMFEesSNw,24
5h9qCFasAOw,UCk6Bzr5M-8n_KN2guSmWmMw,22
5hwB9L5ZnLA,UCc8W1zUTmtNqXIhOHxPIAuw,26
5hz6WkYbAyQ,UC92h2ZVbLNazWe038DnzIUA,22
5iXDro4Xy5o,UCCK3OZi788Ok44K97WAhLKQ,25
5iZt3KxXUTc,UCcrktZCp1tY9eDqrk6fMrsA,27
5j-6wXUYfNA,UCVwbUjoiTUXxeVjsxW9Kwng,10
5J9gabStC1g,UCiTVdDN9GI0xzzyvPHrk8VA,22
5jfBqqpB4gU,UCdY0SS4tZPdWdQ6m5bX-ZBg,24
5JFzT5o2uC8,UCgnFSj7jQffD5V5m05j4dPw,22
5kzSsenales,UCckltLEhFLv8Xz_lQhYfwmg,25
5L_w6ZBZL5A,UC2Wq8OiU3P9sSRxHpFEe_0Q,22
5LeYCzFEWjI,UC0CXMeU0432EMgBnlBaY_yA,27
5lMql8k5Pkw,UCGN3TM5lZQ1DAvMwI1LIc8Q,27
5LpP6MgQeho,UCEjCyBoWP57QRkmFRz-aOGw,27
5lwQNwDhrwE,UCckltLEhFLv8Xz_lQhYfwmg,25
5LYyvAwGjZo,UCBR9iW2qo_7LP9_9u3A2ZeQ,20
5M0H2RmlF3I,UCCK3OZi788Ok44K97WAhLKQ,25
5MEazZVYPTA,UCEa6e_J_Xs_GKCzG8Eq15Xw,10
5mGg2x6lFkU,UCckltLEhFLv8Xz_lQhYfwmg,25
5n8F08xVRus,UCh9qXeL8eP3Txra2908xksg,10
5ne3xWbJbLU,UCCK3OZi788Ok44K97WAhLKQ,25
5NmnkcuGPGA,UCEjCyBoWP57QRkmFRz-aOGw,27
5O0qYSXDxlM,UCckltLEhFLv8Xz_lQhYfwmg,25
5o38SOyC4kU,UCJsN1Mmx4GRA6sCYdfKqpSQ,28
5ojr5yH407w,UCWqN5l7FwMO6-gT8Dg9mx5A,22
5OopUcx4WLY,UCckltLEhFLv8Xz_lQhYfwmg,25
5p_uP_ZxoQU,UCCK3OZi788Ok44K97WAhLKQ,25
5P7ajKdC-7g,UCr8qGT-Mv9tdCo-aPr06REQ,1
5P7XmI52yo0,UCCK3OZi788Ok44K97WAhLKQ,25
5qWSOWRAqBQ,UCd3VsafChPVXeIufCAzCprA,24
5raIw1873VM,UC6lDrxy3lS4LNRuuBtryqpQ,22
5RgxQfwJeHc,UCm-TY_JakK4dHAwF6QqcZSg,20
5rh3cRCVFmc,UCCK3OZi788Ok44K97WAhLKQ,25
5S2XCdQFLLo,UCs_mHlm5_C82W5WCIJaSMbQ,22
5sb_R77nMK8,UCHQfFg_epoUK0htwmiUyzEQ,27
5SHF3Vh-Ano,UCCK3OZi788Ok44K97WAhLKQ,25
5SjLNoqa8mo,UCCK3OZi788Ok44K97WAhLKQ,25
5T_H82420Fw,UCdY0SS4tZPdWdQ6m5bX-ZBg,24
5teS7SQeETA,UCckltLEhFLv8Xz_lQhYfwmg,25
5twdLYWYRUU,UC_BPD0TBnFtRExZOhIFEQYQ,20
5uDh6jEC_eA,UCDdPJHmxHCJLH1sDyytCATw,22
5V1ImO8p8jY,UCckltLEhFLv8Xz_lQhYfwmg,25
5vEtnGSJG9E,UCnY7v189bwoSTFFYD_PNWhQ,27
5vJnrmi0wMI,UC4UaWbUUwVvCxWNqhb4f16Q,22
5VllICNpres,UCs_mHlm5_C82W5WCIJaSMbQ,22
5VUEaptZ91M,UCfK5mYo5nvU4d4vkguhSn6Q,24
5vWEGf9UDGo,UCckltLEhFLv8Xz_lQhYfwmg,25
5W3IOhU0DWc,UC2Wq8OiU3P9sSRxHpFEe_0Q,22
5waWn95c01A,UCckltLEhFLv8Xz_lQhYfwmg,25
5x19__0lGNE,UCgnFSj7jQffD5V5m05j4dPw,22
5xB1di6uM0g,UCFPySgAumPBFo0VFf8hjCjw,10
5XVU_yrgkng,UCn0XmAUFv6d2tofMFEesSNw,24
5y_u0BSPRZ4,UCDm4BW0Q5d-zASSuRyvPGXw,22
5Z34XTHUOhg,UCd3VsafChPVXeIufCAzCprA,27
5z3AmMgD0qc,UCrjQG1gLZ4cDwIzrGA5pRBw,22
5ztUpb1daUg,UCQxq1x6XKl1oRJ_aSOdurWQ,10
6_bHoDBJmWQ,UCrjQG1gLZ4cDwIzrGA5pRBw,22
6-3YIM1P9ec,UCYG2PZN2DImFqoTcj983iqA,24
60O6b7bVvlk,UCCK3OZi788Ok44K97WAhLKQ,25
61p4WWN05rE,UC0CXMeU0432EMgBnlBaY_yA,27
61VuNeNFsMU,UCCK3OZi788Ok44K97WAhLKQ,25
6383V2rex0E,UCFPySgAumPBFo0VFf8hjCjw,2
63r5Cprv1TE,UCVwbUjoiTUXxeVjsxW9Kwng,10
64Z3zhUgN5o,UCEa6e_J_Xs_GKCzG8Eq15Xw,10
6573A0P_SFA,UCFq73irpdELVQc5yYQcLCcA,22
65dQ3aATdAw,UCcrktZCp1tY9eDqrk6fMrsA,24
65lJgwZldBg,UCRJPCCeeEsLiZkCjWlulDCg,19
66EQqc7WsJU,UCmqflTSJ6911aCrnaWIXxsA,24
66PnoF-oDAw,UCCK3OZi788Ok44K97WAhLKQ,25
67qjHF3gvHo,UCVwbUjoiTUXxeVjsxW9Kwng,10
67wUJcRmB00,UCEjCyBoWP57QRkmFRz-aOGw,27
68dm9apJESw,UCCK3OZi788Ok44K97WAhLKQ,25
69M1bDUNkIE,UCckltLEhFLv8Xz_lQhYfwmg,25
6AKbKmCASqs,UCgnFSj7jQffD5V5m05j4dPw,22
6AW-EvMc3VY,UC4UaWbUUwVvCxWNqhb4f16Q,22
6AwRSqsQ0qY,UCU5WmQA3Ur1Yriw5pMqoBNQ,24
6azArn3pHhQ,UC7hqTC-ChL-_PUKhctTt50A,19
6b48qeifXWs,UCn0XmAUFv6d2tofMFEesSNw,24
6b8bohFu-MM,UCEmrzEYds6XN_7dd_5_XnrA,24
6bfpuGhDx9Y,UCCK3OZi788Ok44K97WAhLKQ,25
6bITAwZdmsg,UCrjQG1gLZ4cDwIzrGA5pRBw,22
6BOVfcqNlLo,UCc8W1zUTmtNqXIhOHxPIAuw,27
6By0aGo0E0I,UCCK3OZi788Ok44K97WAhLKQ,25
6c27RgLYKig,UCuc40qp1ZKB_ZbDw9iml8Kg,22
6C7ZD973eQc,UCVwbUjoiTUXxeVjsxW9Kwng,10
6cABGtgkC2A,UCEoihco2ah097z2YwYOtojw,20
6CiZ1yoziGs,UCn0XmAUFv6d2tofMFEesSNw,24
6ckwIBbD75M,UCn0XmAUFv6d2tofMFEesSNw,24
6CrDF35bjPM,UCRtAu8OVYVfuNZmTV-Ug0zA,27
6dKFn-kGw64,UCckltLEhFLv8Xz_lQhYfwmg,25
6Dl652Nn8tg,UCckltLEhFLv8Xz_lQhYfwmg,25
6EJboZUIW5s,UCrjQG1gLZ4cDwIzrGA5pRBw,22
6ERIuqCAvRM,UCnY7v189bwoSTFFYD_PNWhQ,27
6EVwojCM8ro,UCt7aYc76HmITvYbbQlHyFnw,27
6Ey2XVxjHsc,UCc8W1zUTmtNqXIhOHxPIAuw,24
6F5kFpKIDWQ,UCnY7v189bwoSTFFYD_PNWhQ,27
6fcGh0VnYBY,UCEmrzEYds6XN_7dd_5_XnrA,24
6fJr27Dl49w,UCDm4BW0Q5d-zASSuRyvPGXw,22
6fnzwa4yuEM,UCmqflTSJ6911aCrnaWIXxsA,24
6gh3xH7rEFA,UCgnFSj7jQffD5V5m05j4dPw,22
6gQlZNmUz_I,UCt7aYc76HmITvYbbQlHyFnw,27
6h_9qaA94mY,UCNyujDJFZqQml78mdpb2rNA,24
6h9SH0Ysq_k,UC0CXMeU0432EMgBnlBaY_yA,27
6hBnd96ccv0,UCCK3OZi788Ok44K97WAhLKQ,25
6hVfHxlIy4o,UC-ss1l2vO46QAgyCsPRIVDA,27
6IAMwbI2IHY,UCRnC_XIuIVFKWphUcLd4MVA,27
6Ib_U3tcU0w,UCCK3OZi788Ok44K97WAhLKQ,25
6IVLN30V2y8,UCHQfFg_epoUK0htwmiUyzEQ,27
6IY0_vCjUVg,UCckltLEhFLv8Xz_lQhYfwmg,25
6J3kK21hm6c,UCcrktZCp1tY9eDqrk6fMrsA,27
6J7Ui7lSX7Y,UCn0XmAUFv6d2tofMFEesSNw,24
6jDUi_l68WU,UCuc40qp1ZKB_ZbDw9iml8Kg,22
6JXrGgLw_jg,UCckltLEhFLv8Xz_lQhYfwmg,25
6KA-S-cW1bw,UCYFn7BOOlmL21iNJ6q5IDfg,24
6kBlsTFUzRc,UC0PdkCm3QlHJ8HdH4JeNirA,20
6KjiLJo5CGU,UCcrktZCp1tY9eDqrk6fMrsA,24
6kkRaveXPmM,UC92h2ZVbLNazWe038DnzIUA,22
6Knw6crars0,UCEmrzEYds6XN_7dd_5_XnrA,24
6KqpdNgTx1g,UCgnFSj7jQffD5V5m05j4dPw,22
6KsbAU-wP30,UCgnFSj7jQffD5V5m05j4dPw,24
6L6lrljCSZY,UCckltLEhFLv8Xz_lQhYfwmg,25
6LihUEFELKM,UCKS1HX4moHCcDBZnM9k4giw,1
6LrAScMvCvE,UCCK3OZi788Ok44K97WAhLKQ,25
6LrtBUVOfPY,UCckltLEhFLv8Xz_lQhYfwmg,25
6mcEs8Eiark,UCAapm4DhqB5ckqr61IGdTUw,20
6MEOidSMlYo,UCvQoK_VN52NG9CwB7Tc9WZg,27
6OfMu6FNSvU,UCETxOvOv9_44-CUzsPlzyxQ,28
6oheg8dHTdw,UCe13xXtdfx_n0_z1qeXV6_g,10
6oTdIryr4xU,UCFq73irpdELVQc5yYQcLCcA,22
6OxvN4o2P8E,UCckltLEhFLv8Xz_lQhYfwmg,25
6OZ4frl-qks,UCdTL_n9uC2_DlLX7ohcKpVQ,24
6p_yE0UOkGo,UCckltLEhFLv8Xz_lQhYfwmg,25
6PC8Yx-cJc4,UCn0XmAUFv6d2tofMFEesSNw,24
6pdIIISo7Xo,UCR5y9OV23c0jJ4RGwDvGnLw,27
6PdO7TATpBc,UCEjCyBoWP57QRkmFRz-aOGw,27
6pv2tmdRwXc,UCckltLEhFLv8Xz_lQhYfwmg,25
6PWvEDTGZQ8,UC1Q3UfVjchyhbtyJXc_mu5w,24
6QKKif8UcVc,UCgnFSj7jQffD5V5m05j4dPw,22
6qMi5P3Ayiw,UCMQYRNX1Fg-HJ8Ey7Z3WPrA,24
6qPU_PYrsBg,UCMeObxIFpmRVL22ZpL4ME9g,22
6RUmYrvMzv4,UCCK3OZi788Ok44K97WAhLKQ,25
6s4iXDS-y5w,UC0CXMeU0432EMgBnlBaY_yA,27
6tEMChbwajk,UC1Q3UfVjchyhbtyJXc_mu5w,24
6ty-z2MMSgQ,UC0PdkCm3QlHJ8HdH4JeNirA,20
6Tyi-dZ3Cxc,UCVwbUjoiTUXxeVjsxW9Kwng,10
6u0xaMjSPzY,UCCK3OZi788Ok44K97WAhLKQ,25
6uCkitqaNnY,UCd3VsafChPVXeIufCAzCprA,27
6uswpmTQftk,UCYFn7BOOlmL21iNJ6q5IDfg,24
6v1HcxL6j-Q,UCh9qXeL8eP3Txra2908xksg,10
6v4eBxjxGZc,UCgnFSj7jQffD5V5m05j4dPw,22
6VhVVe4_g4A,UCGN3TM5lZQ1DAvMwI1LIc8Q,25
6Vo8cIZmIy8,UCKA7SQOUkD1_z5lr016Q70w,22
6vVdEUmYuvk,UCckltLEhFLv8Xz_lQhYfwmg,25
6W5tlQXxpTo,UCOQAZV0vURpWMKTlAGVy8rQ,10
6wN27vaizV8,UCr8qGT-Mv9tdCo-aPr06REQ,1
6wtbzfnzhmY,UCckltLEhFLv8Xz_lQhYfwmg,25
6wTfO7L9tjE,UCWqN5l7FwMO6-gT8Dg9mx5A,22
6WTh5f7Ihg8,UC-ss1l2vO46QAgyCsPRIVDA,27
6xOK3NzFGfU,UCwkHQPpM4IvsJZiIwW9_8Ng,22
6Y-G82UvcLE,UCckltLEhFLv8Xz_lQhYfwmg,25
6Yk7mDy178o,UCckltLEhFLv8Xz_lQhYfwmg,25
6yKedTb-R6k,UCgnFSj7jQffD5V5m05j4dPw,22
6yQXxYKhAU4,UCmqflTSJ6911aCrnaWIXxsA,24
6yvMQbowzfo,UCm-TY_JakK4dHAwF6QqcZSg,20
6YZ9A1JZrgg,UCEUSUxrhCt4n0Pp9WB7q7-w,24
6zyHXGccJ1w,UCNyujDJFZqQml78mdpb2rNA,24
7_VctxZhR3o,UCr8qGT-Mv9tdCo-aPr06REQ,1
7-JuBy1axrg,UCglXlpWjIi95auM3umWWLdw,28
7-XjZnXOL2I,UCU5WmQA3Ur1Yriw5pMqoBNQ,24
70UDmIKbxE0,UC6lDrxy3lS4LNRuuBtryqpQ,22
7296CRbwgIA,UCdY0SS4tZPdWdQ6m5bX-ZBg,24
72wh_8AT_90,UCCK3OZi788Ok44K97WAhLKQ,25
73eLfe9JbT8,UCu7cGbQEMgGk8TD0ZYucM5g,27
73Y8RFSjnZQ,UCgnFSj7jQffD5V5m05j4dPw,22
74LnqjucpDk,UCVmkgq5EQR_Dls3LG-wkrjw,28
75DuEJ-IpKg,UCckltLEhFLv8Xz_lQhYfwmg,25
75Fxr45SiQE,UCckltLEhFLv8Xz_lQhYfwmg,25
764IX15nDRA,UCr8qGT-Mv9tdCo-aPr06REQ,1
76AHMjZ5aAg,UCckltLEhFLv8Xz_lQhYfwmg,25
77IGPBQv4n4,UCgnFSj7jQffD5V5m05j4dPw,22
77TskJDPI-Y,UCHQfFg_epoUK0htwmiUyzEQ,27
78322BFxt98,UCYG2PZN2DImFqoTcj983iqA,24
79BwIKqwQhk,UCgnFSj7jQffD5V5m05j4dPw,24
79gFflqbV5U,UC9U2IYFVPd-Hl6zAeZQL7eQ,22
7AfjcOoctdI,UCRtAu8OVYVfuNZmTV-Ug0zA,27
7aFVhmvqwwE,UCckltLEhFLv8Xz_lQhYfwmg,25
7AlHYss2AKw,UCvQoK_VN52NG9CwB7Tc9WZg,27
7aVXyspeY7M,UCKA7SQOUkD1_z5lr016Q70w,22
7B0tnojn7Co,UCYFn7BOOlmL21iNJ6q5IDfg,24
7BCjMYJzYxM,UCvQoK_VN52NG9CwB7Tc9WZg,27
7BTO-06Ltd0,UCgnFSj7jQffD5V5m05j4dPw,22
7ByQlpWZvPw,UCk6Bzr5M-8n_KN2guSmWmMw,22
7cCxnDneQuY,UCr8qGT-Mv9tdCo-aPr06REQ,1
7CoNgn-3h0w,UCdTL_n9uC2_DlLX7ohcKpVQ,24
7CrZNGtx104,UCNFDDKoTezuSWbIjjHA76xQ,22
7CxkGIaQdbw,UCcrktZCp1tY9eDqrk6fMrsA,27
7EHTb6ja3Gc,UCgnFSj7jQffD5V5m05j4dPw,22
7f1PMm29Zbk,UCBR9iW2qo_7LP9_9u3A2ZeQ,20
7fHRy72Ilko,UCdTL_n9uC2_DlLX7ohcKpVQ,24
7frIJNxAHfg,UCc8W1zUTmtNqXIhOHxPIAuw,27
7Ft0ePlMV0Q,UCt7aYc76HmITvYbbQlHyFnw,27
7FUO0-FXSrI,UC7hqTC-ChL-_PUKhctTt50A,19
7G2FCLgdKPA,UCEmrzEYds6XN_7dd_5_XnrA,24
7GEib35IzBE,UC0CXMeU0432EMgBnlBaY_yA,27
7HC24JmMRek,UCltN1illHSguno1gokRShxA,26
7hs4aGgI620,UCU5WmQA3Ur1Yriw5pMqoBNQ,24
7HsnqyJcttk,UCn0XmAUFv6d2tofMFEesSNw,24
7hwibh_Sy8w,UCckltLEhFLv8Xz_lQhYfwmg,25
7HXFiOQ3_7E,UCh9qXeL8eP3Txra2908xksg,10
7I6b0h4NX9M,UCckltLEhFLv8Xz_lQhYfwmg,25
7I9Yjihq80U,UCCK3OZi788Ok44K97WAhLKQ,25
7IayTxqzrdk,UCYG2PZN2DImFqoTcj983iqA,24
7IPubEZvouY,UCR5y9OV23c0jJ4RGwDvGnLw,27
7isYpYzaJI8,UC92h2ZVbLNazWe038DnzIUA,22
7iu4kSTZdCg,UCt7aYc76HmITvYbbQlHyFnw,27
7j4ZJDeMu0c,UCCK3OZi788Ok44K97WAhLKQ,25
7JE7N-uiA-A,UCnY7v189bwoSTFFYD_PNWhQ,27
7klcT53n7Oo,UC1Q3UfVjchyhbtyJXc_mu5w,24
7l_o7-FNXX4,UC3C6rQHX8pkjSyOm-620k3w,28
7ljzOl6R_bA,UCgnFSj7jQffD5V5m05j4dPw,22
7Lmm5fRhZF8,UCk6Bzr5M-8n_KN2guSmWmMw,24
7Ln86HlkN14,UCckltLEhFLv8Xz_lQhYfwmg,25
7LVz_8JBRzM,UCKS1HX4moHCcDBZnM9k4giw,1
7M3JzEYXPio,UCRnC_XIuIVFKWphUcLd4MVA,27
7M4ouK6LqDY,UCckltLEhFLv8Xz_lQhYfwmg,25
7M92ggFv1QM,UCKS1HX4moHCcDBZnM9k4giw,1
7Mg-9ClVoG4,UCjK3LREYZUrNKnk56Prhe4w,29
7mrLHq-L74M,UCF5efTIgHxLMduJeMLdbbUw,10
7msGAbhlVI0,UCR5y9OV23c0jJ4RGwDvGnLw,27
7mtXM2R0fKU,UCgnFSj7jQffD5V5m05j4dPw,22
7mvgrZEI9SY,UCckltLEhFLv8Xz_lQhYfwmg,25
7NRl3h2hg5M,UCMQYRNX1Fg-HJ8Ey7Z3WPrA,24
7ohXvno--2w,UCNFDDKoTezuSWbIjjHA76xQ,22
7onH_Pk8fWc,UCc8W1zUTmtNqXIhOHxPIAuw,27
7oRQTBzXX8c,UCn0XmAUFv6d2tofMFEesSNw,24
7PWxeCy12dk,UCVmkgq5EQR_Dls3LG-wkrjw,28
7pzZtV-3jS4,UCgnFSj7jQffD5V5m05j4dPw,22
7qjcblXIcpM,UCu_V8lfzyGspxP-LNFowW9w,10
7QNRt6onQrI,UCWqN5l7FwMO6-gT8Dg9mx5A,22
7rp520hLIxs,UCckltLEhFLv8Xz_lQhYfwmg,25
7sucT72uCMk,UC-ss1l2vO46QAgyCsPRIVDA,27
7suI9vv4TBw,UCgnFSj7jQffD5V5m05j4dPw,22
7T6SgTAoAqE,UCgnFSj7jQffD5V5m05j4dPw,22
7TbynDKQGUY,UCR0Bia1mQ7NQp31WWNhoFnw,20
7tstQybCju8,UCvQoK_VN52NG9CwB7Tc9WZg,27
7u_BRKy6CwI,UC4UaWbUUwVvCxWNqhb4f16Q,22
7U1gJ7GnaYY,UCCK3OZi788Ok44K97WAhLKQ,25
7V8_dETcwqU,UCEuz_HGv5er0LZsztjO4g5Q,24
7V8J3Zpg9QE,UCCK3OZi788Ok44K97WAhLKQ,25
7w1MfthUDYM,UCk6Bzr5M-8n_KN2guSmWmMw,24
7w5WjyWGAmA,UCEmrzEYds6XN_7dd_5_XnrA,24
7wc0Dh4HwkE,UCCK3OZi788Ok44K97WAhLKQ,25
7WelaNcIM_g,UCEUSUxrhCt4n0Pp9WB7q7-w,27
7weysLPwaBc,UCCK3OZi788Ok44K97WAhLKQ,25
7wJS0fFIbko,UCgnFSj7jQffD5V5m05j4dPw,22
7WvQDR2teWE,UCgnFSj7jQffD5V5m05j4dPw,24
7X-N0pfPhH8,UC7hqTC-ChL-_PUKhctTt50A,19
7x67c9mv2Q8,UCCK3OZi788Ok44K97WAhLKQ,25
7xC_KtNlTWc,UCcpCelkp30ukU3ZKUXsU25g,24
7xdlkZlk4Qs,UCETxOvOv9_44-CUzsPlzyxQ,28
7Y9x8uZW8Y8,UCgnFSj7jQffD5V5m05j4dPw,22
7yIm0Exkgq8,UCckltLEhFLv8Xz_lQhYfwmg,25
7YsR-17VTfE,UCnirzf0fEAPfQV__61iwSQQ,20
7z-jw824Axw,UCCK3OZi788Ok44K97WAhLKQ,25
7Z4PAPp1Zrg,UCOQAZV0vURpWMKTlAGVy8rQ,10
7zJFThIpn04,UCCK3OZi788Ok44K97WAhLKQ,25
7zLj1p-Li4E,UCBR9iW2qo_7LP9_9u3A2ZeQ,20
7ZMvCc9CPwA,UCh9qXeL8eP3Txra2908xksg,10
7zyXfbjF6ls,UCEuz_HGv5er0LZsztjO4g5Q,24
7Zz9sDaDKCA,UCKS1HX4moHCcDBZnM9k4giw,1
8_nXhWlKBCQ,UCOLdaAcrdzYY3ug15EuuFAg,26
8-5_JNA0FbA,UCCK3OZi788Ok44K97WAhLKQ,25
8-hjc8ieT6Q,UCh9qXeL8eP3Txra2908xksg,10
8-ziTfiZS-Q,UCd3VsafChPVXeIufCAzCprA,27
80buL4f-_Pg,UC6lDrxy3lS4LNRuuBtryqpQ,22
80mINpeKszU,UCmqflTSJ6911aCrnaWIXxsA,24
81AHGo7M7q4,UCt7aYc76HmITvYbbQlHyFnw,27
81ALEgH6pUM,UCs_mHlm5_C82W5WCIJaSMbQ,22
81czg8yOpKA,UCckltLEhFLv8Xz_lQhYfwmg,25
81O3Fsgbu1E,UCgnFSj7jQffD5V5m05j4dPw,22
81Y0Pp5uzJc,UCckltLEhFLv8Xz_lQhYfwmg,25
82bTqdbZ--U,UC92h2ZVbLNazWe038DnzIUA,22
82ylrIMo9qQ,UCCK3OZi788Ok44K97WAhLKQ,25
83JlsJZBNE4,UCckltLEhFLv8Xz_lQhYfwmg,25
83KFuNwB884,UCETxOvOv9_44-CUzsPlzyxQ,28
83MfaAYau3o,UCd3VsafChPVXeIufCAzCprA,27
83MK3Tj4zPs,UCckltLEhFLv8Xz_lQhYfwmg,25
83xpaNNxc5c,UCDO8zlJiV9ZgaMMK2DyX1Dw,17
85uASHv_6T8,UCk6Bzr5M-8n_KN2guSmWmMw,24
8724NH8XN4o,UC8irIP66QzlZNVgqe4vwN9g,10
88PaOWt_XF0,UCckltLEhFLv8Xz_lQhYfwmg,25
89TW-_nDL48,UCd3VsafChPVXeIufCAzCprA,27
8A9jSdOfqHo,UCBR9iW2qo_7LP9_9u3A2ZeQ,20
8AK6Y4bIzsY,UCe13xXtdfx_n0_z1qeXV6_g,10
8aZbHoE6IIo,UC4UaWbUUwVvCxWNqhb4f16Q,22
8azfuoxLuXA,UCckltLEhFLv8Xz_lQhYfwmg,25
8Bfcf0xuPGc,UCCK3OZi788Ok44K97WAhLKQ,25
8BSW_Nkonzo,UCR0Bia1mQ7NQp31WWNhoFnw,22
8Bwzv9UfI0M,UCKA7SQOUkD1_z5lr016Q70w,22
8cvvLTHaEYw,UCvQoK_VN52NG9CwB7Tc9WZg,27
8d4FNi-CeE0,UCgnFSj7jQffD5V5m05j4dPw,22
8D84ILAkLX0,UC0CXMeU0432EMgBnlBaY_yA,27
8dKqv9kZhNI,UCckltLEhFLv8Xz_lQhYfwmg,25
8eBPMX5LfGw,UCGc6e2-SXlGP_cKkV5H39Kg,27
8eT1KWuAYBI,UCGN3TM5lZQ1DAvMwI1LIc8Q,25
8EtExs5M_Ys,UCAapm4DhqB5ckqr61IGdTUw,22
8exaa2yLu1Y,UCCK3OZi788Ok44K97WAhLKQ,25
8f3-M34Kp_c,UCe13xXtdfx_n0_z1qeXV6_g,10
8FaRHPgtWCg,UCn0XmAUFv6d2tofMFEesSNw,24
8FfviYwP-ek,UCckltLEhFLv8Xz_lQhYfwmg,25
8Fj5PQkDxWI,UCgnFSj7jQffD5V5m05j4dPw,22
8fSRRwayQxE,UCn0XmAUFv6d2tofMFEesSNw,24
8g3HBpkfLJI,UCOLdaAcrdzYY3ug15EuuFAg,26
8guuWXHnnVk,UCckltLEhFLv8Xz_lQhYfwmg,25
8H272rF60dc,UCglXlpWjIi95auM3umWWLdw,28
8H96yfwmlvo,UCnirzf0fEAPfQV__61iwSQQ,20
8HDUIY3yLlY,UCgnFSj7jQffD5V5m05j4dPw,22
8hnEzGHYVTs,UCDO8zlJiV9ZgaMMK2DyX1Dw,17
8HQylXoNsdA,UCkysZsPin4y9iQHS-QYygeQ,20
8HTO3FvM_6k,UCEuz_HGv5er0LZsztjO4g5Q,24
8HU56S7zFEo,UCCK3OZi788Ok44K97WAhLKQ,25
8i-oufciUeg,UCckltLEhFLv8Xz_lQhYfwmg,25
8i2pYM-ewRo,UCckltLEhFLv8Xz_lQhYfwmg,25
8ICCx6f1fjE,UCc8W1zUTmtNqXIhOHxPIAuw,27
8Id4Wv5rDvc,UCcrktZCp1tY9eDqrk6fMrsA,24
8iQKShkSbfk,UCh9qXeL8eP3Txra2908xksg,10
8JP8dgbeW40,UCh9qXeL8eP3Txra2908xksg,10
8k6gxFLdeP8,UCmqflTSJ6911aCrnaWIXxsA,24
8KKPBdJ84LM,UCMeObxIFpmRVL22ZpL4ME9g,22
8knbRtn_27A,UCckltLEhFLv8Xz_lQhYfwmg,25
8KTlwaxt9NE,UCRtAu8OVYVfuNZmTV-Ug0zA,27
8l1xfb2dHv4,UCckltLEhFLv8Xz_lQhYfwmg,25
8l3PZBsC6Do,UCIWNVlovGKqnOhJ2eRC_xfg,22
8l7E09vCohQ,UCkysZsPin4y9iQHS-QYygeQ,20
8lrllPgKgpw,UC92h2ZVbLNazWe038DnzIUA,22
8LXjlUx1Btk,UCgnFSj7jQffD5V5m05j4dPw,22
8m3botd2blo,UCOQAZV0vURpWMKTlAGVy8rQ,10
8mrlG4eGWko,UCgnFSj7jQffD5V5m05j4dPw,22
8N00HS4ZHVw,UCDm4BW0Q5d-zASSuRyvPGXw,22
8N3DXc8HvGE,UCh9qXeL8eP3Txra2908xksg,10
8nX962hXzGM,UCCK3OZi788Ok44K97WAhLKQ,25
8OTABqeZ_Oo,UCckltLEhFLv8Xz_lQhYfwmg,25
8Oua_eowVUY,UCEoihco2ah097z2YwYOtojw,20
8OwxAUaAjPw,UCVmkgq5EQR_Dls3LG-wkrjw,28
8Pdem6VJkdM,UCglXlpWjIi95auM3umWWLdw,28
8pGstpB4CiY,UCnY7v189bwoSTFFYD_PNWhQ,27
8Pqx0O84cAI,UCYFn7BOOlmL21iNJ6q5IDfg,24
8QBaHnaChtg,UCKEKf35apTUvSLs-c1DCekw,27
8QCWEsxBdUE,UCckltLEhFLv8Xz_lQhYfwmg,25
8QdcYB7QBPc,UCwkHQPpM4IvsJZiIwW9_8Ng,22
8qnF8OyoFNE,UC7hqTC-ChL-_PUKhctTt50A,19
8R5yGd2SFeE,UCEjCyBoWP57QRkmFRz-aOGw,27
8R7WGJKlWTY,UCCK3OZi788Ok44K97WAhLKQ,25
8RFGXwaLaMg,UCFq73irpdELVQc5yYQcLCcA,22
8rglcOGEaj8,UCgnFSj7jQffD5V5m05j4dPw,22
8RHr58JSYXU,UCvQoK_VN52NG9CwB7Tc9WZg,27
8rqhKF4LYvw,UCMeObxIFpmRVL22ZpL4ME9g,22
8rtj4a6MS2s,UCckltLEhFLv8Xz_lQhYfwmg,25
8RUYXMkIpuA,UCckltLEhFLv8Xz_lQhYfwmg,25
8sfKsAhwbj0,UCOQAZV0vURpWMKTlAGVy8rQ,10
8sIc-51pGyU,UCCK3OZi788Ok44K97WAhLKQ,25
8T-MrNaQSIc,UCGN3TM5lZQ1DAvMwI1LIc8Q,25
8Tb7-t1SDRA,UCCK3OZi788Ok44K97WAhLKQ,25
8tS5MNvlA4E,UCnY7v189bwoSTFFYD_PNWhQ,27
8Tvm1ARltoU,UCcrktZCp1tY9eDqrk6fMrsA,24
8UX7WhBOvas,UCckltLEhFLv8Xz_lQhYfwmg,25
8v8Wg3zh7ZI,UCRnC_XIuIVFKWphUcLd4MVA,27
8vmASkLgiok,UCKEKf35apTUvSLs-c1DCekw,27
8VmsX-el2CY,UCckltLEhFLv8Xz_lQhYfwmg,25
8vQAcm9jigM,UCF5efTIgHxLMduJeMLdbbUw,10
8Wf67bY-Ub8,UCwKYO2L9xzLtWhSv4ncYCIA,19
8WHeFmHTQr8,UCETxOvOv9_44-CUzsPlzyxQ,28
8WpcRDSjAF8,UCNFDDKoTezuSWbIjjHA76xQ,22
8WvKlXJr51s,UCgnFSj7jQffD5V5m05j4dPw,22
8WwkUVTjaZU,UCKS1HX4moHCcDBZnM9k4giw,1
8WXvGQj2VfA,UCMQYRNX1Fg-HJ8Ey7Z3WPrA,24
8Y1vgUU8aw8,UCEUSUxrhCt4n0Pp9WB7q7-w,27
8YcmdAtBoOY,UCglXlpWjIi95auM3umWWLdw,28
8YMpkSEyYdk,UCCK3OZi788Ok44K97WAhLKQ,25
8ymz4LOBGyo,UC6lDrxy3lS4LNRuuBtryqpQ,22
8YNPqkxD0LQ,UCCK3OZi788Ok44K97WAhLKQ,25
8Yvvqkt2hxE,UCETxOvOv9_44-CUzsPlzyxQ,28
8YXQnf8V_xw,UCrjQG1gLZ4cDwIzrGA5pRBw,22
8ZIXWOzXs8U,UCh9qXeL8eP3Txra2908xksg,10
8zzUnkrMyzE,UCe13xXtdfx_n0_z1qeXV6_g,10
9_IgqScZjcE,UC7hqTC-ChL-_PUKhctTt50A,19
9_nhiy7I4GE,UCMeObxIFpmRVL22ZpL4ME9g,22
9-mHaB1rpoI,UCCK3OZi788Ok44K97WAhLKQ,25
90CnLRFRGhA,UCKEKf35apTUvSLs-c1DCekw,27
90kxVqeZJVs,UCgnFSj7jQffD5V5m05j4dPw,22
90Q4HrquESk,UCckltLEhFLv8Xz_lQhYfwmg,25
90RLp9XfSZA,UCckltLEhFLv8Xz_lQhYfwmg,25
91kMCa2nMB4,UCmqflTSJ6911aCrnaWIXxsA,24
91OpJc8LlpE,UCckltLEhFLv8Xz_lQhYfwmg,25
93N7ABY1zK4,UCgnFSj7jQffD5V5m05j4dPw,22
94fNODT57rw,UCEa6e_J_Xs_GKCzG8Eq15Xw,24
94qRmuqTVN4,UC6lDrxy3lS4LNRuuBtryqpQ,22
94WzcZ26p9A,UCckltLEhFLv8Xz_lQhYfwmg,25
9509s-cnVS8,UCCK3OZi788Ok44K97WAhLKQ,25
95bGDnxI2YU,UCgnFSj7jQffD5V5m05j4dPw,22
95GI6ysO3v0,UCckltLEhFLv8Xz_lQhYfwmg,25
96_JT2TKK1Y,UCCK3OZi788Ok44K97WAhLKQ,25
969368BGrhY,UCr8qGT-Mv9tdCo-aPr06REQ,1
96G80tKO5S4,UC3C6rQHX8pkjSyOm-620k3w,28
96pKS24MUr4,UCEuz_HGv5er0LZsztjO4g5Q,24
97CGbkIxNLA,UC7hqTC-ChL-_PUKhctTt50A,19
98_4Or1Fscs,UC0CXMeU0432EMgBnlBaY_yA,27
98_JE53cDwE,UC7hqTC-ChL-_PUKhctTt50A,19
998vsPdWBNY,UCckltLEhFLv8Xz_lQhYfwmg,25
9amFBQfNmcM,UCOQAZV0vURpWMKTlAGVy8rQ,27
9AtyGC9aMbs,UCmqflTSJ6911aCrnaWIXxsA,24
9avAUIfBE3A,UCckltLEhFLv8Xz_lQhYfwmg,25
9bFYnoSc7kY,UCGkzF25IZBE1SF9ykM64xEA,24
9bkCEdyhhvU,UCCK3OZi788Ok44K97WAhLKQ,25
9BOX-CLL7BM,UCgnFSj7jQffD5V5m05j4dPw,22
9BpQPuAa3N8,UCCK3OZi788Ok44K97WAhLKQ,25
9Bt9V7OS1cM,UCjK3LREYZUrNKnk56Prhe4w,29
9Bu4v5F7iV8,UCltN1illHSguno1gokRShxA,26
9CtDOjZp7sg,UC3C6rQHX8pkjSyOm-620k3w,28
9E7VarT2r00,UCR0Bia1mQ7NQp31WWNhoFnw,24
9eGKLP-iyGI,UCgnFSj7jQffD5V5m05j4dPw,22
9eHboVLksIg,UCEa6e_J_Xs_GKCzG8Eq15Xw,10
9Ehn_8MQk2M,UCR0Bia1mQ7NQp31WWNhoFnw,22
9f12xY3z4ZE,UCn0XmAUFv6d2tofMFEesSNw,24
9f3YyC4S7f4,UCltN1illHSguno1gokRShxA,26
9f8JsoxiW4o,UCEmrzEYds6XN_7dd_5_XnrA,24
9fRhHUjABdY,UCCK3OZi788Ok44K97WAhLKQ,25
9g7Fdoii2ZU,UCQxq1x6XKl1oRJ_aSOdurWQ,10
9GAN5X5U-s0,UCRtAu8OVYVfuNZmTV-Ug0zA,27
9GCMdjQcYcw,UCuc40qp1ZKB_ZbDw9iml8Kg,22
9gDOY4s5gTI,UCNFDDKoTezuSWbIjjHA76xQ,22
9gGlTGHWFLs,UCckltLEhFLv8Xz_lQhYfwmg,25
9gmBj54LPMg,UCkysZsPin4y9iQHS-QYygeQ,20
9GUu-tMYrJA,UCiOEgWwAKbfrVb795hqQc9A,24
9GYCyaELO48,UCkysZsPin4y9iQHS-QYygeQ,20
9h8k-ytlD4A,UCRJPCCeeEsLiZkCjWlulDCg,19
9HbzxHvKFtI,UCCK3OZi788Ok44K97WAhLKQ,25
9Hgh8bgBhlM,UCR0Bia1mQ7NQp31WWNhoFnw,22
9HnV8VQ2ZQE,UCwkHQPpM4IvsJZiIwW9_8Ng,22
9I2bCYbODCE,UCckltLEhFLv8Xz_lQhYfwmg,25
9iiZkxsn6Kg,UCh9qXeL8eP3Txra2908xksg,10
9iKhNT3d2Qk,UCGc6e2-SXlGP_cKkV5H39Kg,27
9IQYG_ojbvQ,UCCK3OZi788Ok44K97WAhLKQ,25
9IUegMUp-KE,UC4UaWbUUwVvCxWNqhb4f16Q,24
9JcEBds7-Z0,UCfK5mYo5nvU4d4vkguhSn6Q,24
9JCozmVNhbc,UCGN3TM5lZQ1DAvMwI1LIc8Q,27
9kAaIIVnxDw,UCm-TY_JakK4dHAwF6QqcZSg,20
9l7y-5H27u4,UCNFDDKoTezuSWbIjjHA76xQ,22
9L83W56AxsQ,UCckltLEhFLv8Xz_lQhYfwmg,25
9ldNDemgxnQ,UCckltLEhFLv8Xz_lQhYfwmg,25
9m79rHAyBGQ,UCQxq1x6XKl1oRJ_aSOdurWQ,10
9mdptk7usA4,UCCK3OZi788Ok44K97WAhLKQ,25
9MkjUzEUnr8,UCEoihco2ah097z2YwYOtojw,20
9Mm1pGu7Ork,UCe13xXtdfx_n0_z1qeXV6_g,10
9mOK1kmtd4U,UC0CXMeU0432EMgBnlBaY_yA,27
9Myk5nsUgkc,UCCK3OZi788Ok44K97WAhLKQ,25
9n5Zp549_6o,UCgnFSj7jQffD5V5m05j4dPw,22
9nF02Cs-KmA,UCCK3OZi788Ok44K97WAhLKQ,25
9NPb-3wQVAA,UCd3VsafChPVXeIufCAzCprA,27
9nPqkhz4bI8,UCckltLEhFLv8Xz_lQhYfwmg,25
9nqLcjH8gh8,UCgnFSj7jQffD5V5m05j4dPw,22
9NqOSlYWeI4,UCCK3OZi788Ok44K97WAhLKQ,25
9O7WMuClSEw,UCCK3OZi788Ok44K97WAhLKQ,25
9Oxus9TkaFk,UCn0XmAUFv6d2tofMFEesSNw,24
9paGqi8hTBA,UCckltLEhFLv8Xz_lQhYfwmg,25
9Pbc6X-kKcM,UCckltLEhFLv8Xz_lQhYfwmg,25
9PL6k-o5D-w,UCR5y9OV23c0jJ4RGwDvGnLw,27
9Q8XBEJkOwg,UCckltLEhFLv8Xz_lQhYfwmg,25
9qEKaVw5lwU,UCwKYO2L9xzLtWhSv4ncYCIA,22
9qG56bdyUeE,UCCK3OZi788Ok44K97WAhLKQ,25
9qHHO0FOk58,UCYFn7BOOlmL21iNJ6q5IDfg,24
9Qnlohn1pbA,UCs_mHlm5_C82W5WCIJaSMbQ,22
9QsSlH8udm4,UCCK3OZi788Ok44K97WAhLKQ,25
9qxcJLbAHk4,UCu_V8lfzyGspxP-LNFowW9w,10
9R0HxV74kLk,UCYFn7BOOlmL21iNJ6q5IDfg,24
9R6J-RTKC5s,UCu7cGbQEMgGk8TD0ZYucM5g,27
9R91FpgXUSY,UCCK3OZi788Ok44K97WAhLKQ,25
9rdxscFCIKA,UCEoihco2ah097z2YwYOtojw,20
9rIx8L2tKcE,UCCK3OZi788Ok44K97WAhLKQ,25
9RJDBIV-JSY,UCdY0SS4tZPdWdQ6m5bX-ZBg,24
9Rx1QXQZXyE,UCjK3LREYZUrNKnk56Prhe4w,29
9RYK_T12y1E,UCcrktZCp1tY9eDqrk6fMrsA,24
9Sksy_V0je8,UCckltLEhFLv8Xz_lQhYfwmg,25
9SVkQKHzPkE,UCwkHQPpM4IvsJZiIwW9_8Ng,22
9sXgzdLILwA,UCgnFSj7jQffD5V5m05j4dPw,22
9tk9mGNo1IY,UCGN3TM5lZQ1DAvMwI1LIc8Q,27
9tNEF_i44d8,UC_BPD0TBnFtRExZOhIFEQYQ,20
9tRlNqxWj1w,UCU5WmQA3Ur1Yriw5pMqoBNQ,24
9uGrwkGX0KI,UC_BPD0TBnFtRExZOhIFEQYQ,20
9uqRrQ7q7uc,UCckltLEhFLv8Xz_lQhYfwmg,25
9V2MJ248BrU,UC1Q3UfVjchyhbtyJXc_mu5w,24
9VcO_LPitCs,UCn0XmAUFv6d2tofMFEesSNw,24
9vE__Z4YUBM,UCdY0SS4tZPdWdQ6m5bX-ZBg,24
9vFrMjmZOBA,UCDm4BW0Q5d-zASSuRyvPGXw,22
9VgXRY0GudE,UCgnFSj7jQffD5V5m05j4dPw,25
9vSgukQMAs8,UCgnFSj7jQffD5V5m05j4dPw,22
9W0xHLq1GL8,UCgnFSj7jQffD5V5m05j4dPw,22
9wCjROUw1w0,UCk6Bzr5M-8n_KN2guSmWmMw,22
9wH9yfVxIXk,UCHQfFg_epoUK0htwmiUyzEQ,27
9wwF1m8ink4,UCYFn7BOOlmL21iNJ6q5IDfg,24
9xUtWML8qVQ,UCmqflTSJ6911aCrnaWIXxsA,24
9YhKLHKs630,UCglXlpWjIi95auM3umWWLdw,28
9YPJnWygpMo,UCEa6e_J_Xs_GKCzG8Eq15Xw,24
9yuIqcdJdqA,UCNyujDJFZqQml78mdpb2rNA,24
9YVG_CbaGEg,UCEoihco2ah097z2YwYOtojw,20
9z5kh-YE2k8,UCCK3OZi788Ok44K97WAhLKQ,25
9zANowFKvc0,UCcpCelkp30ukU3ZKUXsU25g,24
9zftPN3jaio,UCmqflTSJ6911aCrnaWIXxsA,24
A__4ruPQLnE,UCdY0SS4tZPdWdQ6m5bX-ZBg,24
a_Vg1li5sdQ,UCBR9iW2qo_7LP9_9u3A2ZeQ,20
a_yrW7segpw,UCckltLEhFLv8Xz_lQhYfwmg,25
A_ZXJ-57Xdg,UCnY7v189bwoSTFFYD_PNWhQ,27
a-bv8LQiPy4,UCGN3TM5lZQ1DAvMwI1LIc8Q,27
A-DTCmCureI,UCJsN1Mmx4GRA6sCYdfKqpSQ,28
A-EXSRpBx8Q,UCckltLEhFLv8Xz_lQhYfwmg,25
A-MI5kTB8yg,UC0CXMeU0432EMgBnlBaY_yA,27
a-uXnHwWCZY,UCn0XmAUFv6d2tofMFEesSNw,24
A0iMiJiTacU,UCKS1HX4moHCcDBZnM9k4giw,1
A0K7BatwXqk,UCcrktZCp1tY9eDqrk6fMrsA,24
a2dBDDnogFc,UCgnFSj7jQffD5V5m05j4dPw,22
A2FX1dh4K70,UCiOEgWwAKbfrVb795hqQc9A,24
A2szExtudPg,UCu_V8lfzyGspxP-LNFowW9w,10
a2x4S79b9oM,UCckltLEhFLv8Xz_lQhYfwmg,25
a34AffFDvss,UCm-TY_JakK4dHAwF6QqcZSg,20
A3y0PVPMmEk,UCCK3OZi788Ok44K97WAhLKQ,25
A40LBtOPHKg,UCCK3OZi788Ok44K97WAhLKQ,25
A4F7T4eldrM,UCgnFSj7jQffD5V5m05j4dPw,22
A4ndUkJ7x5k,UCckltLEhFLv8Xz_lQhYfwmg,25
a4nlJXhmFyo,UCckltLEhFLv8Xz_lQhYfwmg,25
A5C9FUNhxgc,UCckltLEhFLv8Xz_lQhYfwmg,25
a5cN3sWI5MI,UCgnFSj7jQffD5V5m05j4dPw,22
A5cYjGTSujE,UCR0Bia1mQ7NQp31WWNhoFnw,24
A5GhENXJCY0,UCCK3OZi788Ok44K97WAhLKQ,25
A6IqRVfOjD4,UCu_V8lfzyGspxP-LNFowW9w,10
a6TxGLZeuqw,UCCK3OZi788Ok44K97WAhLKQ,25
A6yoL6djPbE,UCCK3OZi788Ok44K97WAhLKQ,25
a78RePAOQuI,UCckltLEhFLv8Xz_lQhYfwmg,25
a7fVez559g4,UCn0XmAUFv6d2tofMFEesSNw,24
a7jLTCuukB8,UCckltLEhFLv8Xz_lQhYfwmg,25
a7LOOWTagDU,UCckltLEhFLv8Xz_lQhYfwmg,25
A7sc1nd4S-g,UCOQAZV0vURpWMKTlAGVy8rQ,10
A8cAL7fVWDY,UC4UaWbUUwVvCxWNqhb4f16Q,22
a8iCpH74_o4,UC7301rstHsGPohgeR_kh8Pw,26
A8VfxSXONaA,UCgnFSj7jQffD5V5m05j4dPw,22
AA5YBbr3Gzs,UCuc40qp1ZKB_ZbDw9iml8Kg,22
aACKu7hkl0A,UC1Q3UfVjchyhbtyJXc_mu5w,24
aAgZgWuBp7U,UCCK3OZi788Ok44K97WAhLKQ,25
aaHB6ZLPm0U,UCh9qXeL8eP3Txra2908xksg,10
aajcbhOyVlg,UCCK3OZi788Ok44K97WAhLKQ,25
AAmxE5tVxUE,UCCK3OZi788Ok44K97WAhLKQ,25
aAolEvJcpTY,UCr8qGT-Mv9tdCo-aPr06REQ,1
AaTWK5bP4OY,UCkysZsPin4y9iQHS-QYygeQ,20
aAY38wL2nkE,UCCK3OZi788Ok44K97WAhLKQ,25
aB1oC8FsiFk,UCu_V8lfzyGspxP-LNFowW9w,10
aBl-xmIMDb8,UC0CXMeU0432EMgBnlBaY_yA,27
ABqx_6akJ5k,UCCK3OZi788Ok44K97WAhLKQ,25
ABRXI7BnpL4,UCwKYO2L9xzLtWhSv4ncYCIA,19
AbTufr38YMA,UCCK3OZi788Ok44K97WAhLKQ,25
abwI9TxtKPg,UCu_V8lfzyGspxP-LNFowW9w,10
AC1xCJNHikY,UC9U2IYFVPd-Hl6zAeZQL7eQ,22
ac8HZPzNJxM,UCckltLEhFLv8Xz_lQhYfwmg,25
ACETwOkn87o,UCgnFSj7jQffD5V5m05j4dPw,22
acVADJ3mb7M,UCDm4BW0Q5d-zASSuRyvPGXw,22
Acx72tJcZuo,UC9ZdXR-RYydFqdIb1lqM4LQ,19
aD1ttxQeAW0,UCEoihco2ah097z2YwYOtojw,20
AdM-dUe6z2Y,UC1Q3UfVjchyhbtyJXc_mu5w,24
ADYb3ugdpJ0,UCCK3OZi788Ok44K97WAhLKQ,25
aEezmnjd6r0,UCckltLEhFLv8Xz_lQhYfwmg,25
AEwLOLzEHg8,UCvQoK_VN52NG9CwB7Tc9WZg,27
AeZ8IREKLuU,UCgnFSj7jQffD5V5m05j4dPw,22
Af_vnfSrUbs,UCdTL_n9uC2_DlLX7ohcKpVQ,19
aFfjzvTqp4Q,UC-ss1l2vO46QAgyCsPRIVDA,27
AfK7_h_ifhc,UCDdPJHmxHCJLH1sDyytCATw,22
AfthW3hVsDA,UCuc40qp1ZKB_ZbDw9iml8Kg,22
AFtj5VFmKU8,UC4UaWbUUwVvCxWNqhb4f16Q,22
afUGLo3dER0,UCVwbUjoiTUXxeVjsxW9Kwng,10
aFxj0ZoRCAw,UCckltLEhFLv8Xz_lQhYfwmg,25
AGbUAkOjkXU,UCk6Bzr5M-8n_KN2guSmWmMw,24
AgyIdV4R-mw,UCmqflTSJ6911aCrnaWIXxsA,24
agz6mE2dZXY,UCR0Bia1mQ7NQp31WWNhoFnw,22
aH86b8nxLu8,UCHQfFg_epoUK0htwmiUyzEQ,27
ahl4oGWbdaE,UCEmrzEYds6XN_7dd_5_XnrA,24
aHPqRSxVrDU,UCCK3OZi788Ok44K97WAhLKQ,25
ahu8UyiyR6w,UCckltLEhFLv8Xz_lQhYfwmg,25
AI9e5p5FUVg,UCn0XmAUFv6d2tofMFEesSNw,24
aiF_oz4nR44,UCrjQG1gLZ4cDwIzrGA5pRBw,22
AiICV-TQrkk,UCCK3OZi788Ok44K97WAhLKQ,25
Ain-_INQ6G4,UCwKYO2L9xzLtWhSv4ncYCIA,22
AINwaeZQXDs,UCn0XmAUFv6d2tofMFEesSNw,24
AIsdYtuD5uU,UCU5WmQA3Ur1Yriw5pMqoBNQ,24
AIsfdMuuK5s,UCYFn7BOOlmL21iNJ6q5IDfg,24
AiY_TCyTzdo,UCOQAZV0vURpWMKTlAGVy8rQ,10
aIz9p3dsm_I,UC8irIP66QzlZNVgqe4vwN9g,10
Aj73Y105UBU,UC9ZdXR-RYydFqdIb1lqM4LQ,19
aJeSdOARU8A,UCCK3OZi788Ok44K97WAhLKQ,25
AJGia6MGFCE,UCOQAZV0vURpWMKTlAGVy8rQ,10
aJkADVpWROw,UC7301rstHsGPohgeR_kh8Pw,26
Ajmfjr7NulU,UCKS1HX4moHCcDBZnM9k4giw,1
AJnjUkzil0k,UCglXlpWjIi95auM3umWWLdw,28
AJPJfgYIi80,UCMQYRNX1Fg-HJ8Ey7Z3WPrA,24
ajSzX18CRqg,UCckltLEhFLv8Xz_lQhYfwmg,25
akD82VFvJ0s,UC_BPD0TBnFtRExZOhIFEQYQ,20
AKwq2Mw2bIc,UCvQoK_VN52NG9CwB7Tc9WZg,27
AkYGvnILrq0,UCckltLEhFLv8Xz_lQhYfwmg,25
Al4zd25_teE,UCCK3OZi788Ok44K97WAhLKQ,25
al9Sy-bRUI0,UCgnFSj7jQffD5V5m05j4dPw,22
aLcVTg_7FQ4,UCCK3OZi788Ok44K97WAhLKQ,25
Alh4LBpHChA,UCCK3OZi788Ok44K97WAhLKQ,25
ALWkpixmMCc,UCOLdaAcrdzYY3ug15EuuFAg,26
aLZApbSue2k,UCiOEgWwAKbfrVb795hqQc9A,24
am-CP6tX4IM,UCCK3OZi788Ok44K97WAhLKQ,25
AmF_LXUKZlM,UCCK3OZi788Ok44K97WAhLKQ,25
AmN8sIl2d8I,UCCK3OZi788Ok44K97WAhLKQ,25
AMoEVcKzC5c,UCmqflTSJ6911aCrnaWIXxsA,24
aMsmVVoh6ZE,UC_BPD0TBnFtRExZOhIFEQYQ,20
An2JbPq_VHs,UCYFn7BOOlmL21iNJ6q5IDfg,24
AnDkApHMpX4,UCfK5mYo5nvU4d4vkguhSn6Q,24
ANJUu_7dhRo,UCckltLEhFLv8Xz_lQhYfwmg,25
AnJY6z-KcEI,UCCK3OZi788Ok44K97WAhLKQ,25
ANl86Q3RGPg,UCfK5mYo5nvU4d4vkguhSn6Q,24
AntkPZH8ATA,UCckltLEhFLv8Xz_lQhYfwmg,25
Anw4pWzI4IY,UCrjQG1gLZ4cDwIzrGA5pRBw,22
Aok2pgjk2Gw,UC2Wq8OiU3P9sSRxHpFEe_0Q,22
AOMXiI7Cz50,UCEmrzEYds6XN_7dd_5_XnrA,24
aOrGONmlJAE,UCCK3OZi788Ok44K97WAhLKQ,25
aP8-R9HlHBo,UCm-TY_JakK4dHAwF6QqcZSg,20
Ap8TY8kq0Ns,UCckltLEhFLv8Xz_lQhYfwmg,25
AP8ZPLtmPl8,UCvQoK_VN52NG9CwB7Tc9WZg,27
ApCQu1FZxYw,UC8irIP66QzlZNVgqe4vwN9g,10
aPDo9IJEmok,UCh9qXeL8eP3Txra2908xksg,10
aPGJ0Cpdn3Q,UCckltLEhFLv8Xz_lQhYfwmg,25
APHITAMBEWA,UCCK3OZi788Ok44K97WAhLKQ,25
APJe3B5YfKM,UCCK3OZi788Ok44K97WAhLKQ,25
aPR0FLkoMP0,UCwXfRdTtVeVnXXF4poaYw0Q,19
Apzzbqp1DBE,UCJsN1Mmx4GRA6sCYdfKqpSQ,10
aQ42FyGxQL0,UCh9qXeL8eP3Txra2908xksg,10
aq8FYf3eEk0,UCGkzF25IZBE1SF9ykM64xEA,24
aQHl97GANq4,UCckltLEhFLv8Xz_lQhYfwmg,25
aQifn2Vcbmc,UCR0Bia1mQ7NQp31WWNhoFnw,20
aQo6s_s4-oI,UC3C6rQHX8pkjSyOm-620k3w,28
AQrOYO18sRU,UCiOEgWwAKbfrVb795hqQc9A,24
aR-a8SMdR-I,UCFPySgAumPBFo0VFf8hjCjw,2
Ar9jXIs-2nQ,UCckltLEhFLv8Xz_lQhYfwmg,25
ArasgMdY0pI,UCc8W1zUTmtNqXIhOHxPIAuw,27
areFYwty8gc,UCdTL_n9uC2_DlLX7ohcKpVQ,28
aRFJjmWKn8s,UCETxOvOv9_44-CUzsPlzyxQ,28
aRIDPuneNqw,UCckltLEhFLv8Xz_lQhYfwmg,25
arj9maYwqi0,UC7301rstHsGPohgeR_kh8Pw,26
arJhOpu836k,UCwKYO2L9xzLtWhSv4ncYCIA,22
ArkDQvI_OPE,UCMQYRNX1Fg-HJ8Ey7Z3WPrA,23
aRMd8jGGp-Q,UC7hqTC-ChL-_PUKhctTt50A,19
aRown_9Xgp4,UCckltLEhFLv8Xz_lQhYfwmg,25
ArvMN_IboDU,UCnirzf0fEAPfQV__61iwSQQ,20
ArZxEsWtO4o,UCgnFSj7jQffD5V5m05j4dPw,22
As4lGxgrAaU,UCR0Bia1mQ7NQp31WWNhoFnw,24
ASIDfwjNWMU,UC_BPD0TBnFtRExZOhIFEQYQ,20
AsIME0vbTAM,UCBR9iW2qo_7LP9_9u3A2ZeQ,20
aSynvNxsxZY,UCcrktZCp1tY9eDqrk6fMrsA,24
AthZN-UwYHQ,UC4UaWbUUwVvCxWNqhb4f16Q,22
AtqZD5IoCOU,UCGkzF25IZBE1SF9ykM64xEA,24
AUB-LaWS6Dg,UCckltLEhFLv8Xz_lQhYfwmg,25
aUhaXYpNBxw,UCckltLEhFLv8Xz_lQhYfwmg,25
aull_IWvovA,UC7hqTC-ChL-_PUKhctTt50A,19
AUoAPG9Reos,UCGkzF25IZBE1SF9ykM64xEA,24
AuP9byXgo2M,UCDdPJHmxHCJLH1sDyytCATw,22
aUTzNuKiIf4,UCiOEgWwAKbfrVb795hqQc9A,24
AUuBibmSqas,UCwkHQPpM4IvsJZiIwW9_8Ng,22
AUVujoRNxdg,UCmqflTSJ6911aCrnaWIXxsA,24
aUxvhHZgTtM,UCckltLEhFLv8Xz_lQhYfwmg,25
AVCgihGPNdY,UCwXfRdTtVeVnXXF4poaYw0Q,19
AVD_Zg4CdEw,UCCK3OZi788Ok44K97WAhLKQ,25
AVd0fCthtqo,UC9ZdXR-RYydFqdIb1lqM4LQ,19
aVHD6i2vIO4,UCCK3OZi788Ok44K97WAhLKQ,25
aVIL8lGyQLE,UCcrktZCp1tY9eDqrk6fMrsA,27
aVKu86UiIxY,UCckltLEhFLv8Xz_lQhYfwmg,25
Avsh2V2T6GM,UCgnFSj7jQffD5V5m05j4dPw,22
avXmL1R1weA,UCKEKf35apTUvSLs-c1DCekw,27
aw3cCkXh2W4,UCckltLEhFLv8Xz_lQhYfwmg,25
aw4MlybSrHE,UCfK5mYo5nvU4d4vkguhSn6Q,24
Aw9wIgdXRkw,UCkysZsPin4y9iQHS-QYygeQ,20
AWCQEmSdiGA,UCWqN5l7FwMO6-gT8Dg9mx5A,22
awEtpsKrjxU,UCCK3OZi788Ok44K97WAhLKQ,25
AWGJmsAizvY,UCckltLEhFLv8Xz_lQhYfwmg,25
aWSrrbHYsDw,UC2Wq8OiU3P9sSRxHpFEe_0Q,22
awTMcNX5HS0,UCCK3OZi788Ok44K97WAhLKQ,25
aWtziG8TDus,UC8irIP66QzlZNVgqe4vwN9g,10
Awuc4X3mayg,UCc8W1zUTmtNqXIhOHxPIAuw,24
AWuX_RL2ifk,UCn0XmAUFv6d2tofMFEesSNw,24
AWxUvRiCQ4E,UC92h2ZVbLNazWe038DnzIUA,22
Axe-FUZyhWg,UCEjCyBoWP57QRkmFRz-aOGw,27
AxO56NviHPI,UCckltLEhFLv8Xz_lQhYfwmg,25
AxQcf-bN8wM,UCvQoK_VN52NG9CwB7Tc9WZg,27
aXqXR-u1mCM,UCCK3OZi788Ok44K97WAhLKQ,25
AXvC8jsS4FU,UCk6Bzr5M-8n_KN2guSmWmMw,22
AXVQOH6VYtg,UCckltLEhFLv8Xz_lQhYfwmg,25
AXyIHv_x4jo,UCwKYO2L9xzLtWhSv4ncYCIA,22
ay_pCgbmdy4,UCh9qXeL8eP3Txra2908xksg,10
AY-tLXkdiRs,UCCK3OZi788Ok44K97WAhLKQ,25
aYA_lvzsiyw,UCwkHQPpM4IvsJZiIwW9_8Ng,22
AYd33numhUQ,UCCK3OZi788Ok44K97WAhLKQ,25
aYgpoZ8mw-E,UCc8W1zUTmtNqXIhOHxPIAuw,10
AytxvtxBzZg,UCDdPJHmxHCJLH1sDyytCATw,22
Ayu4H2O9DVQ,UCR5y9OV23c0jJ4RGwDvGnLw,27
AYzRYeZm9vE,UCs_mHlm5_C82W5WCIJaSMbQ,22
aZ9k4jNwqK0,UCEa6e_J_Xs_GKCzG8Eq15Xw,24
aZeKB_TxPs4,UC8irIP66QzlZNVgqe4vwN9g,10
azg-P6IQBvA,UCEmrzEYds6XN_7dd_5_XnrA,24
AZg-pKunazc,UC6lDrxy3lS4LNRuuBtryqpQ,22
AZjppdqojUM,UCfK5mYo5nvU4d4vkguhSn6Q,24
aZqtLFnH2h0,UCCK3OZi788Ok44K97WAhLKQ,25
b_67m-KwE6I,UCNyujDJFZqQml78mdpb2rNA,24
b_MlvLgYwAA,UCckltLEhFLv8Xz_lQhYfwmg,25
B_Sc_xTYbII,UCckltLEhFLv8Xz_lQhYfwmg,25
B_Vi_fyWVAI,UCCK3OZi788Ok44K97WAhLKQ,25
b_yvlcRn0cM,UCMQYRNX1Fg-HJ8Ey7Z3WPrA,24
b-DuMNHz7os,UCn0XmAUFv6d2tofMFEesSNw,24
b-M-TzL88Mw,UCkysZsPin4y9iQHS-QYygeQ,20
B-vSuZnpvtM,UCckltLEhFLv8Xz_lQhYfwmg,25
B07Ix9FYlIY,UCglXlpWjIi95auM3umWWLdw,28
b0dlQEsyOzI,UCrjQG1gLZ4cDwIzrGA5pRBw,22
B0NIEcmh8YU,UC6lDrxy3lS4LNRuuBtryqpQ,22
b1CKKzAuByQ,UCHQfFg_epoUK0htwmiUyzEQ,27
b25rbbAqgqc,UCnY7v189bwoSTFFYD_PNWhQ,27
B2PzD8vSSME,UCCK3OZi788Ok44K97WAhLKQ,25
B2vflm6ce2g,UCcrktZCp1tY9eDqrk6fMrsA,24
B2wWepEnEyk,UCgnFSj7jQffD5V5m05j4dPw,25
b3-WVBU85NU,UCMeObxIFpmRVL22ZpL4ME9g,22
B3ajdQ1pt5E,UCHQfFg_epoUK0htwmiUyzEQ,27
B3gEcTE328s,UCckltLEhFLv8Xz_lQhYfwmg,25
B3K5G0zlc0w,UCh9qXeL8eP3Txra2908xksg,10
b3zw0KuGKDI,UCrjQG1gLZ4cDwIzrGA5pRBw,22
B4AtXnTnYrA,UCckltLEhFLv8Xz_lQhYfwmg,25
b4DUINUZipI,UC1Q3UfVjchyhbtyJXc_mu5w,24
b4HUvXb5kGE,UC92h2ZVbLNazWe038DnzIUA,22
b4jNWOi2lFo,UCr8qGT-Mv9tdCo-aPr06REQ,1
B4PP4uwtCHQ,UCglXlpWjIi95auM3umWWLdw,28
b4tVU2wNbaA,UCR5y9OV23c0jJ4RGwDvGnLw,27
b4y7HlbjPr4,UCiOEgWwAKbfrVb795hqQc9A,24
B5f-cbeZvZU,UCckltLEhFLv8Xz_lQhYfwmg,25
B5L-rJfOyXs,UCckltLEhFLv8Xz_lQhYfwmg,25
b5SwnfY-kZc,UCdY0SS4tZPdWdQ6m5bX-ZBg,24
B6BSgLLmkc8,UCckltLEhFLv8Xz_lQhYfwmg,25
B6S94-5KVo4,UCKA7SQOUkD1_z5lr016Q70w,22
b6yQjUfEQBE,UCMQYRNX1Fg-HJ8Ey7Z3WPrA,23
B6YRN9uwLN4,UCm-TY_JakK4dHAwF6QqcZSg,20
b7A99tkXHBY,UCnirzf0fEAPfQV__61iwSQQ,20
B7BEHbEOUE4,UCCK3OZi788Ok44K97WAhLKQ,25
b7gHCb_N4y0,UCAapm4DhqB5ckqr61IGdTUw,20
b7lax1a2cIo,UCgnFSj7jQffD5V5m05j4dPw,22
b82gzcmS8rs,UCEa6e_J_Xs_GKCzG8Eq15Xw,10
B84YMJFNV7c,UCltN1illHSguno1gokRShxA,26
b8a7J0t4TG0,UCEoihco2ah097z2YwYOtojw,20
b8jl1ubZ4oo,UCEa6e_J_Xs_GKCzG8Eq15Xw,10
b9GkUlrF1Uk,UCEuz_HGv5er0LZsztjO4g5Q,24
b9hQSl274Ec,UC4UaWbUUwVvCxWNqhb4f16Q,22
b9JVzxDu-oo,UCR5y9OV23c0jJ4RGwDvGnLw,27
B9lund6AUeU,UCckltLEhFLv8Xz_lQhYfwmg,25
b9qRuoRbUb8,UCckltLEhFLv8Xz_lQhYfwmg,25
b9w-onvDWis,UCnY7v189bwoSTFFYD_PNWhQ,27
B9x5eovVYYE,UCCK3OZi788Ok44K97WAhLKQ,25
BA8Szg1HQOI,UCckltLEhFLv8Xz_lQhYfwmg,25
BAC6WIEojDI,UCltN1illHSguno1gokRShxA,26
bADUGj3qmi8,UCEoihco2ah097z2YwYOtojw,20
bakAnyWNHWM,UCCK3OZi788Ok44K97WAhLKQ,25
bAKvE6S7LyM,UC8irIP66QzlZNVgqe4vwN9g,10
BaLdERVqIXg,UCaRBojHlDl24Tzh6Vt6dihQ,20
BAmMQzOpjUg,UCCK3OZi788Ok44K97WAhLKQ,25
BaNmgWHlZ0k,UCwkHQPpM4IvsJZiIwW9_8Ng,22
BaPgzWCV_rg,UCmqflTSJ6911aCrnaWIXxsA,24
baWG_MFiSos,UCYG2PZN2DImFqoTcj983iqA,24
bAXXERtTqUI,UCckltLEhFLv8Xz_lQhYfwmg,25
bB_tF3a150I,UCglXlpWjIi95auM3umWWLdw,28
Bb6beH9CQm0,UC1Q3UfVjchyhbtyJXc_mu5w,24
Bb9RtcNw-mY,UCRnC_XIuIVFKWphUcLd4MVA,27
BbgYw4WF75s,UCDm4BW0Q5d-zASSuRyvPGXw,22
BBPCHv1Yj9o,UCs_mHlm5_C82W5WCIJaSMbQ,22
BBqTdPa0PUs,UCm-TY_JakK4dHAwF6QqcZSg,20
BbTy1qLptD4,UCETxOvOv9_44-CUzsPlzyxQ,28
bbzse7qyUj0,UCgnFSj7jQffD5V5m05j4dPw,22
bbzXGAu0ZtA,UCRnC_XIuIVFKWphUcLd4MVA,27
bc80Q9tQB2Y,UCKEKf35apTUvSLs-c1DCekw,27
BC9aEvAcD5s,UCckltLEhFLv8Xz_lQhYfwmg,25
Bc9CGCY5bHI,UCKA7SQOUkD1_z5lr016Q70w,22
BcGCTjoRHfk,UCs_mHlm5_C82W5WCIJaSMbQ,22
bCGS_59ib-s,UCMeObxIFpmRVL22ZpL4ME9g,22
BCIpaIFaTyQ,UCfK5mYo5nvU4d4vkguhSn6Q,24
BClHyUsGGFc,UCckltLEhFLv8Xz_lQhYfwmg,25
bclP689aJeM,UC92h2ZVbLNazWe038DnzIUA,22
bCNhiNBf_DI,UCu7cGbQEMgGk8TD0ZYucM5g,27
bcsqV9nV4Ro,UCjK3LREYZUrNKnk56Prhe4w,29
bCvWPRsW-kU,UCBR9iW2qo_7LP9_9u3A2ZeQ,20
bD6ft310m4s,UCBR9iW2qo_7LP9_9u3A2ZeQ,20
bD8jDdoArW0,UCHQfFg_epoUK0htwmiUyzEQ,27
BdaLF5sa5lk,UCrjQG1gLZ4cDwIzrGA5pRBw,22
bDbtUayq8mk,UCCK3OZi788Ok44K97WAhLKQ,25
bdCEWSfxb_A,UCCK3OZi788Ok44K97WAhLKQ,25
bDFK5-mNncw,UCr8qGT-Mv9tdCo-aPr06REQ,1
BDk8xkz2IR0,UCCK3OZi788Ok44K97WAhLKQ,25
bdnH8mmrswM,UCckltLEhFLv8Xz_lQhYfwmg,25
bdRv2hBR0RE,UCwXfRdTtVeVnXXF4poaYw0Q,19
bdZAAYzTHsU,UC-ss1l2vO46QAgyCsPRIVDA,27
BdZttWsiQuc,UCKS1HX4moHCcDBZnM9k4giw,1
bE1LiMhgTZE,UCd3VsafChPVXeIufCAzCprA,27
Be2MsyBKYVM,UCCK3OZi788Ok44K97WAhLKQ,25
BEa-1tuUuYM,UCEUSUxrhCt4n0Pp9WB7q7-w,27
bECY7GeYAQg,UCgnFSj7jQffD5V5m05j4dPw,25
bEEPlkU9s54,UCMQYRNX1Fg-HJ8Ey7Z3WPrA,23
BEESPOcDL5k,UCckltLEhFLv8Xz_lQhYfwmg,25
BEk3Wz5RA2k,UCckltLEhFLv8Xz_lQhYfwmg,25
bEls2wHa_9s,UCCK3OZi788Ok44K97WAhLKQ,25
Berzes9guGg,UCCK3OZi788Ok44K97WAhLKQ,25
BEtnsupoUYc,UCgnFSj7jQffD5V5m05j4dPw,22
beVenk5Chj0,UCrjQG1gLZ4cDwIzrGA5pRBw,22
bF22lnLKZAY,UCEUSUxrhCt4n0Pp9WB7q7-w,24
BfDgazQstGg,UCnY7v189bwoSTFFYD_PNWhQ,27
BfeR4bVjEcg,UCckltLEhFLv8Xz_lQhYfwmg,25
BFgi6tU7B80,UCMQYRNX1Fg-HJ8Ey7Z3WPrA,24
BFIDverwsUU,UCCK3OZi788Ok44K97WAhLKQ,25
BFLAFq4kTWE,UCWqN5l7FwMO6-gT8Dg9mx5A,22
BfN2iVDDS54,UCm-TY_JakK4dHAwF6QqcZSg,20
bgCEEjd4fPA,UCh9qXeL8eP3Txra2908xksg,10
BggJ77cnoVQ,UCGN3TM5lZQ1DAvMwI1LIc8Q,25
bgI9YxeWymk,UCU5WmQA3Ur1Yriw5pMqoBNQ,24
bGQ75BXeEK0,UCmqflTSJ6911aCrnaWIXxsA,24
bgQqmJW_NOI,UCu7cGbQEMgGk8TD0ZYucM5g,27
BGVaKfKLmdM,UC7301rstHsGPohgeR_kh8Pw,26
BgYt0I7i4R0,UCkysZsPin4y9iQHS-QYygeQ,20
bh4016RqMkI,UC0CXMeU0432EMgBnlBaY_yA,27
bh6KzDVM5PA,UCckltLEhFLv8Xz_lQhYfwmg,25
BHCfNsEr85w,UCckltLEhFLv8Xz_lQhYfwmg,25
BHMu-gCP2kE,UCnY7v189bwoSTFFYD_PNWhQ,27
BHnefPMY3F4,UCckltLEhFLv8Xz_lQhYfwmg,25
bHqV1k-xw-A,UCckltLEhFLv8Xz_lQhYfwmg,25
BHVOZJ9l14k,UCKS1HX4moHCcDBZnM9k4giw,1
bHwBO4qNzF8,UCCK3OZi788Ok44K97WAhLKQ,25
bhYx2DJE-DE,UCt7aYc76HmITvYbbQlHyFnw,27
BhZFpRQi1dA,UCKS1HX4moHCcDBZnM9k4giw,1
bI2wvbG386k,UCckltLEhFLv8Xz_lQhYfwmg,25
bI4iw0WNmT8,UCCK3OZi788Ok44K97WAhLKQ,25
bi83flcuzaA,UCMeObxIFpmRVL22ZpL4ME9g,22
bIawO_mGhXg,UC6lDrxy3lS4LNRuuBtryqpQ,22
bIDLV_NKqMc,UCt7aYc76HmITvYbbQlHyFnw,27
BiHtB6HQxCs,UC7301rstHsGPohgeR_kh8Pw,26
BiiHWJceHSY,UCckltLEhFLv8Xz_lQhYfwmg,25
bIlU4dLuQ-0,UC7hqTC-ChL-_PUKhctTt50A,19
bIoDjS84UoE,UCYFn7BOOlmL21iNJ6q5IDfg,24
BiPYwRQ49Xo,UCOQAZV0vURpWMKTlAGVy8rQ,10
BiVhb3e7wYw,UCEoihco2ah097z2YwYOtojw,20
bj_BRQ3sJp8,UCMeObxIFpmRVL22ZpL4ME9g,22
BJABCBJ_g0A,UCn0XmAUFv6d2tofMFEesSNw,24
bjL95_-3q2E,UCEa6e_J_Xs_GKCzG8Eq15Xw,24
Bjm8dMKuUzg,UCEmrzEYds6XN_7dd_5_XnrA,24
Bk-vEev1dCM,UCcrktZCp1tY9eDqrk6fMrsA,24
BK3z8qOBYBk,UCCK3OZi788Ok44K97WAhLKQ,25
BKdw5K3Lczk,UCr8qGT-Mv9tdCo-aPr06REQ,1
bKKxMeUrXO8,UCOQAZV0vURpWMKTlAGVy8rQ,10
bKMYUueCiOY,UCFq73irpdELVQc5yYQcLCcA,22
bkxgwyJCsfE,UCYFn7BOOlmL21iNJ6q5IDfg,24
bl-0dfq-VAY,UCn0XmAUFv6d2tofMFEesSNw,24
Blato2kxAFg,UCCK3OZi788Ok44K97WAhLKQ,25
blDsx7FNizs,UCnirzf0fEAPfQV__61iwSQQ,20
BLEDVHsCpzc,UCDO8zlJiV9ZgaMMK2DyX1Dw,17
blFAnDGOgD8,UCEUSUxrhCt4n0Pp9WB7q7-w,24
Blk8yzSpDjk,UCfK5mYo5nvU4d4vkguhSn6Q,24
BlNobUl-pzw,UCckltLEhFLv8Xz_lQhYfwmg,25
BLOzXQYPdpQ,UCuc40qp1ZKB_ZbDw9iml8Kg,22
blSwA8W4YPg,UCwKYO2L9xzLtWhSv4ncYCIA,2
BLzMxYzaK6Q,UC6lDrxy3lS4LNRuuBtryqpQ,22
bm-WIkBfumg,UC1Q3UfVjchyhbtyJXc_mu5w,24
bm3SuviekZc,UCaRBojHlDl24Tzh6Vt6dihQ,20
BM7CSMYqd3Y,UCCK3OZi788Ok44K97WAhLKQ,25
bmBMVG3a4kc,UCgnFSj7jQffD5V5m05j4dPw,25
BmFrZF7iZLw,UCdTL_n9uC2_DlLX7ohcKpVQ,24
bMJlDEzoDrg,UCKS1HX4moHCcDBZnM9k4giw,1
bMlSi5D2q10,UCCK3OZi788Ok44K97WAhLKQ,25
bMlTBAVL3-4,UCGc6e2-SXlGP_cKkV5H39Kg,27
BN7fSDScr6U,UCQxq1x6XKl1oRJ_aSOdurWQ,10
bNAxBNHtdx8,UCckltLEhFLv8Xz_lQhYfwmg,25
bnb2wCI79yE,UCCK3OZi788Ok44K97WAhLKQ,25
bne6ho9HW0c,UCckltLEhFLv8Xz_lQhYfwmg,25
bnN3PfSnisM,UCU5WmQA3Ur1Yriw5pMqoBNQ,24
BNrugv0Xh3s,UC7301rstHsGPohgeR_kh8Pw,26
BO3Zs5UZNyc,UCCK3OZi788Ok44K97WAhLKQ,25
BoV1NFAhu28,UCJsN1Mmx4GRA6sCYdfKqpSQ,10
bp-cdn1bJi8,UCvQoK_VN52NG9CwB7Tc9WZg,27
bPcaMfwL62E,UCJsN1Mmx4GRA6sCYdfKqpSQ,10
BPCfqTlUGbQ,UCFPySgAumPBFo0VFf8hjCjw,2
bPdH2efJSls,UCgnFSj7jQffD5V5m05j4dPw,22
BpeohpVvHkE,UC7hqTC-ChL-_PUKhctTt50A,19
BPeskp90AN4,UCk6Bzr5M-8n_KN2guSmWmMw,24
BPgUmQSa9xY,UCgnFSj7jQffD5V5m05j4dPw,25
bPmdEV8JfBo,UCdY0SS4tZPdWdQ6m5bX-ZBg,24
bPRfadgQPO0,UCckltLEhFLv8Xz_lQhYfwmg,25
bpSSJ1ZZ0LY,UCckltLEhFLv8Xz_lQhYfwmg,25
bpUsU6fSEQY,UCmqflTSJ6911aCrnaWIXxsA,24
bpxbSxXwRdk,UCAapm4DhqB5ckqr61IGdTUw,22
bq-aHbeU62w,UC-ss1l2vO46QAgyCsPRIVDA,27
BQ7P1_GF1KQ,UCkysZsPin4y9iQHS-QYygeQ,20
bQcpoZN_aw4,UCs_mHlm5_C82W5WCIJaSMbQ,22
bQro9N-1-HE,UCHQfFg_epoUK0htwmiUyzEQ,27
BQs3PWsKhMs,UCDO8zlJiV9ZgaMMK2DyX1Dw,17
BQWhx6I20Rg,UCU5WmQA3Ur1Yriw5pMqoBNQ,24
BQwnQb27LMo,UCckltLEhFLv8Xz_lQhYfwmg,25
bR1OCi4P4IU,UCgnFSj7jQffD5V5m05j4dPw,22
br29H8D_F0I,UCckltLEhFLv8Xz_lQhYfwmg,25
bR2nBhhH4bg,UCCK3OZi788Ok44K97WAhLKQ,25
BR2Vmon3b5Y,UCU5WmQA3Ur1Yriw5pMqoBNQ,24
bRDo7Ws4wBg,UCEoihco2ah097z2YwYOtojw,20
BRerR5YEtb4,UCmqflTSJ6911aCrnaWIXxsA,24
BRFQQBASnSE,UCGkzF25IZBE1SF9ykM64xEA,24
BRi9CUbVpqk,UCgnFSj7jQffD5V5m05j4dPw,22
bRJ940BW9p0,UCcpCelkp30ukU3ZKUXsU25g,25
BRl4Z1BIcjQ,UC_BPD0TBnFtRExZOhIFEQYQ,20
brN83m_lNnA,UCFPySgAumPBFo0VFf8hjCjw,10
Bs_BF-pXVSQ,UCckltLEhFLv8Xz_lQhYfwmg,25
bS576gHCcyU,UCk6Bzr5M-8n_KN2guSmWmMw,24
BScExafnMlc,UCMQYRNX1Fg-HJ8Ey7Z3WPrA,24
bSEDLKSKfZA,UCCK3OZi788Ok44K97WAhLKQ,25
bsGq0PaLvTw,UCaRBojHlDl24Tzh6Vt6dihQ,20
BSZW3_BdqOw,UCdY0SS4tZPdWdQ6m5bX-ZBg,24
bT7dL8FhDiw,UCgnFSj7jQffD5V5m05j4dPw,22
bTc7wLD5GZE,UCdY0SS4tZPdWdQ6m5bX-ZBg,24
bTecNWw_rdY,UCh9qXeL8eP3Txra2908xksg,10
BTGYGULVyLw,UCKA7SQOUkD1_z5lr016Q70w,22
BtIz3LrWxmg,UCckltLEhFLv8Xz_lQhYfwmg,25
btlQiDdjaC0,UCYG2PZN2DImFqoTcj983iqA,24
BToJgUq8n8A,UCckltLEhFLv8Xz_lQhYfwmg,25
BtqgR3nTZ78,UCckltLEhFLv8Xz_lQhYfwmg,25
Bu-1POXwF_A,UCckltLEhFLv8Xz_lQhYfwmg,25
bugUrmt3Oxg,UCckltLEhFLv8Xz_lQhYfwmg,25
buvfI1dnkpU,UCDm4BW0Q5d-zASSuRyvPGXw,22
BUWe7am-Rt8,UCGN3TM5lZQ1DAvMwI1LIc8Q,27
bV4FULnucz8,UCmqflTSJ6911aCrnaWIXxsA,24
BV9IpnAd3KY,UCFPySgAumPBFo0VFf8hjCjw,10
bv9JmJIWX1s,UCR0Bia1mQ7NQp31WWNhoFnw,20
BVF-A1GFKVU,UCckltLEhFLv8Xz_lQhYfwmg,25
Bvmlh1g476Y,UCm-TY_JakK4dHAwF6QqcZSg,20
BvnF1Nja0rs,UCHQfFg_epoUK0htwmiUyzEQ,27
bvY-XJfGnBE,UCaRBojHlDl24Tzh6Vt6dihQ,20
BWAkd1gfo0M,UCdTL_n9uC2_DlLX7ohcKpVQ,24
BwaWHZ1582w,UCCK3OZi788Ok44K97WAhLKQ,25
BwYjfoQuDQA,UCgnFSj7jQffD5V5m05j4dPw,22
BxDTKU3HyUI,UCRnC_XIuIVFKWphUcLd4MVA,27
BXDXzj_7G14,UCCK3OZi788Ok44K97WAhLKQ,25
BY1uboom2r0,UCKA7SQOUkD1_z5lr016Q70w,22
bYEnHJ8TrRA,UCckltLEhFLv8Xz_lQhYfwmg,25
byqM899tu3c,UCr8qGT-Mv9tdCo-aPr06REQ,1
BZDPFUraasg,UCKA7SQOUkD1_z5lr016Q70w,22
BzdsLLCoOxg,UCCK3OZi788Ok44K97WAhLKQ,25
bZfgCaP5MFM,UCk6Bzr5M-8n_KN2guSmWmMw,24
bZGmUwfX_Kk,UC1Q3UfVjchyhbtyJXc_mu5w,24
bZjg13jqNpA,UCMQYRNX1Fg-HJ8Ey7Z3WPrA,24
BzKXdrDmeCk,UCKEKf35apTUvSLs-c1DCekw,27
BzLQmfBFwb0,UCltN1illHSguno1gokRShxA,26
bzrYymbWMtA,UCfK5mYo5nvU4d4vkguhSn6Q,24
BztJnenHJiI,UCJsN1Mmx4GRA6sCYdfKqpSQ,10
BZW2l2jYqa0,UCGkzF25IZBE1SF9ykM64xEA,24
BZyJjD-ex98,UCCK3OZi788Ok44K97WAhLKQ,25
C_kQdjYZYMU,UCn0XmAUFv6d2tofMFEesSNw,24
C_MRlHm3PNs,UCDO8zlJiV9ZgaMMK2DyX1Dw,17
C_P63Sch60w,UCe13xXtdfx_n0_z1qeXV6_g,10
c_vZS7PjMGg,UCDm4BW0Q5d-zASSuRyvPGXw,22
c-TGVKMUDCM,UC7hqTC-ChL-_PUKhctTt50A,19
C-YPVIEl6_g,UCQxq1x6XKl1oRJ_aSOdurWQ,10
c0HM1_O01d8,UCGN3TM5lZQ1DAvMwI1LIc8Q,27
C0XjZnlO5s0,UCckltLEhFLv8Xz_lQhYfwmg,25
C1hHhh5_CR8,UCEmrzEYds6XN_7dd_5_XnrA,24
c1OkPxWVOco,UCnIKiPYRsC2iN4jpsUeBeXQ,24
c2H32985sho,UCckltLEhFLv8Xz_lQhYfwmg,25
C2nXVkwoLA0,UCgnFSj7jQffD5V5m05j4dPw,22
C2XFp-Gal10,UCe13xXtdfx_n0_z1qeXV6_g,10
C2zXM8l_iRo,UCiTVdDN9GI0xzzyvPHrk8VA,22
C3EidBNYm2s,UCJsN1Mmx4GRA6sCYdfKqpSQ,10
c3Ifb5Ac784,UCKS1HX4moHCcDBZnM9k4giw,1
C3NO2Jw9UMw,UCnY7v189bwoSTFFYD_PNWhQ,27
C3pGcMaXSY4,UCCK3OZi788Ok44K97WAhLKQ,25
c483l-R5g8Q,UCBR9iW2qo_7LP9_9u3A2ZeQ,20
c4AH2lCBepA,UCckltLEhFLv8Xz_lQhYfwmg,25
c4gg8xUn0S4,UCn0XmAUFv6d2tofMFEesSNw,24
C53LhpCPcrM,UCfK5mYo5nvU4d4vkguhSn6Q,10
c5duEYsMmKA,UCKS1HX4moHCcDBZnM9k4giw,1
c5rsf-CypuM,UCaRBojHlDl24Tzh6Vt6dihQ,20
C5RSxsqqloo,UCckltLEhFLv8Xz_lQhYfwmg,25
C5SGvH-osUA,UCnY7v189bwoSTFFYD_PNWhQ,27
c5sp6UJjBGA,UCWqN5l7FwMO6-gT8Dg9mx5A,22
C5T17W_pJ30,UCr8qGT-Mv9tdCo-aPr06REQ,1
C5ZRDcm84d4,UCCK3OZi788Ok44K97WAhLKQ,25
c6Biyg2hIMQ,UCgnFSj7jQffD5V5m05j4dPw,22
C6p_S1Z5ZBc,UCcpCelkp30ukU3ZKUXsU25g,24
c6WMwWS1LE8,UCckltLEhFLv8Xz_lQhYfwmg,25
C71iS-nQXdQ,UCgnFSj7jQffD5V5m05j4dPw,22
c71XTawA3qk,UC4UaWbUUwVvCxWNqhb4f16Q,22
C7FgmgO3VO4,UCckltLEhFLv8Xz_lQhYfwmg,25
c7jb3iMqpOk,UCgnFSj7jQffD5V5m05j4dPw,24
c7m4gR1t68U,UC92h2ZVbLNazWe038DnzIUA,22
C8EX83AcNyw,UCckltLEhFLv8Xz_lQhYfwmg,25
C8ouaJVSCR4,UCCK3OZi788Ok44K97WAhLKQ,25
C91p1HlmPqU,UCn0XmAUFv6d2tofMFEesSNw,24
c9eG_5au2vo,UCckltLEhFLv8Xz_lQhYfwmg,25
c9NdyqPx39E,UCwKYO2L9xzLtWhSv4ncYCIA,22
c9NQB8-UvYk,UCnirzf0fEAPfQV__61iwSQQ,20
c9xtk7G23fM,UCR5y9OV23c0jJ4RGwDvGnLw,27
ca-Fi_E2m_I,UCJsN1Mmx4GRA6sCYdfKqpSQ,10
Ca101F3MsoQ,UCcrktZCp1tY9eDqrk6fMrsA,24
Caa866MZ7Aw,UCEa6e_J_Xs_GKCzG8Eq15Xw,10
CAFBffk6t78,UC3C6rQHX8pkjSyOm-620k3w,28
CafuLT3YKjs,UCCK3OZi788Ok44K97WAhLKQ,25
cajaM8yMS6g,UCwkHQPpM4IvsJZiIwW9_8Ng,22
Cak2f00WjE8,UC8irIP66QzlZNVgqe4vwN9g,10
caOSpn4Y15Y,UCvQoK_VN52NG9CwB7Tc9WZg,27
CAQNnCUm7_8,UCjK3LREYZUrNKnk56Prhe4w,29
casCQwOQstA,UCckltLEhFLv8Xz_lQhYfwmg,25
cat8Z5WINII,UCEoihco2ah097z2YwYOtojw,20
CAvvVWKWQH0,UCDdPJHmxHCJLH1sDyytCATw,22
caZuTC2WUuw,UC1Q3UfVjchyhbtyJXc_mu5w,24
cb1uKmU_Jok,UC2Wq8OiU3P9sSRxHpFEe_0Q,22
cb6TSNUFdo4,UC92h2ZVbLNazWe038DnzIUA,22
Cb75w54T1nM,UC2Wq8OiU3P9sSRxHpFEe_0Q,22
cb9vxI_qaio,UCAapm4DhqB5ckqr61IGdTUw,20
CBB5y7IJ6ms,UCR0Bia1mQ7NQp31WWNhoFnw,22
cBckZD0YBdo,UCgnFSj7jQffD5V5m05j4dPw,22
CBi2oJTHCY4,UCckltLEhFLv8Xz_lQhYfwmg,25
cBP3OIZaqSA,UC-ss1l2vO46QAgyCsPRIVDA,27
CbQsUFlc55k,UCCK3OZi788Ok44K97WAhLKQ,25
CC02ukbC5Us,UCDO8zlJiV9ZgaMMK2DyX1Dw,17
Cc9B_43qPH0,UCckltLEhFLv8Xz_lQhYfwmg,25
ccEFEOmH1U8,UCdY0SS4tZPdWdQ6m5bX-ZBg,24
ccI6v3tmYGQ,UCr8qGT-Mv9tdCo-aPr06REQ,1
CCIP4uD-jDg,UCTb1H9XUOHjqA9hVvxCht0w,17
CcjyAekDx_8,UCcpCelkp30ukU3ZKUXsU25g,24
CCPHvk6JSE0,UCckltLEhFLv8Xz_lQhYfwmg,25
CcRuGBfXadc,UC4UaWbUUwVvCxWNqhb4f16Q,22
CCxEdh4J3GA,UCWqN5l7FwMO6-gT8Dg9mx5A,22
cdIDUbCcqwA,UCEUSUxrhCt4n0Pp9WB7q7-w,24
cdQ1ZKheYwM,UCCK3OZi788Ok44K97WAhLKQ,25
cDUM8kpeIMw,UCAapm4DhqB5ckqr61IGdTUw,22
CEC8s9n56wM,UCEjCyBoWP57QRkmFRz-aOGw,27
CECIO7-xhbA,UCckltLEhFLv8Xz_lQhYfwmg,25
CeiYZMfoD2Y,UC1Q3UfVjchyhbtyJXc_mu5w,24
CeKQUzs5OuA,UC7hqTC-ChL-_PUKhctTt50A,19
cenHPnSrCeo,UCkysZsPin4y9iQHS-QYygeQ,20
cenKjFeM5x0,UCHQfFg_epoUK0htwmiUyzEQ,27
CErKHgkeoeQ,UCckltLEhFLv8Xz_lQhYfwmg,25
CeTXPb3vfFA,UC7hqTC-ChL-_PUKhctTt50A,19
CF-NEK0Cq_w,UCMeObxIFpmRVL22ZpL4ME9g,22
CF6f2io3Vlc,UCKEKf35apTUvSLs-c1DCekw,27
cfdzVWju8Cc,UCOLdaAcrdzYY3ug15EuuFAg,26
CfrS6WGmKAk,UCGc6e2-SXlGP_cKkV5H39Kg,24
cfUGxiuPN6w,UCKA7SQOUkD1_z5lr016Q70w,22
CFuM1NfCk3I,UCgnFSj7jQffD5V5m05j4dPw,24
cfvZEKXcsgI,UCETxOvOv9_44-CUzsPlzyxQ,28
cfWKk_u-haw,UCFPySgAumPBFo0VFf8hjCjw,10
cg_sHVCvWzE,UCu7cGbQEMgGk8TD0ZYucM5g,27
Cg3ve6bWOjU,UCu7cGbQEMgGk8TD0ZYucM5g,27
CGgZsNmHRtw,UCckltLEhFLv8Xz_lQhYfwmg,25
CGZ4Erys-Sk,UCgnFSj7jQffD5V5m05j4dPw,22
cH3Zl0WmSaA,UCglXlpWjIi95auM3umWWLdw,28
ch5N9-5sczA,UC6lDrxy3lS4LNRuuBtryqpQ,22
CHE7mTJci2g,UC2Wq8OiU3P9sSRxHpFEe_0Q,22
ChlbXFa_n_c,UCckltLEhFLv8Xz_lQhYfwmg,25
ChoVA4BE2r4,UCgnFSj7jQffD5V5m05j4dPw,22
ChPGjQ4DTH4,UCgnFSj7jQffD5V5m05j4dPw,22
chQn5F3FXXU,UCe13xXtdfx_n0_z1qeXV6_g,10
CHskvgURRkM,UCckltLEhFLv8Xz_lQhYfwmg,25
chYgKGz8AjQ,UCr8qGT-Mv9tdCo-aPr06REQ,1
cI6xqTPTuw8,UCYG2PZN2DImFqoTcj983iqA,24
CIG_iojHGTQ,UCNFDDKoTezuSWbIjjHA76xQ,22
CilXeiauXCA,UCgnFSj7jQffD5V5m05j4dPw,22
cioOFJMmQMo,UCckltLEhFLv8Xz_lQhYfwmg,25
CJk3eeI_vcE,UC_BPD0TBnFtRExZOhIFEQYQ,20
cJL-OlvJ20U,UCQxq1x6XKl1oRJ_aSOdurWQ,10
cjnc1rN_Idc,UCs_mHlm5_C82W5WCIJaSMbQ,22
CJT_njGwo5s,UCgnFSj7jQffD5V5m05j4dPw,22
CK-5jos8bqM,UCEjCyBoWP57QRkmFRz-aOGw,27
CK7FrvIujQQ,UCltN1illHSguno1gokRShxA,26
CKAhnzN4HNg,UCAapm4DhqB5ckqr61IGdTUw,22
ckFoqfcmZ1Y,UCGc6e2-SXlGP_cKkV5H39Kg,24
cKGOgFC6x0k,UCVwbUjoiTUXxeVjsxW9Kwng,10
CKMEHKB8UTU,UCKS1HX4moHCcDBZnM9k4giw,1
Ckv6wF4uij0,UC0PdkCm3QlHJ8HdH4JeNirA,20
cKxA2fcbkaw,UCdY0SS4tZPdWdQ6m5bX-ZBg,24
CKYGeE3JOdw,UCrjQG1gLZ4cDwIzrGA5pRBw,22
ckYtiqdhtnY,UCckltLEhFLv8Xz_lQhYfwmg,25
Clc1LZkq8-I,UCckltLEhFLv8Xz_lQhYfwmg,25
clD4CVcyZgs,UC1Q3UfVjchyhbtyJXc_mu5w,24
clHe2P03d5k,UCs_mHlm5_C82W5WCIJaSMbQ,22
clQ8eayO210,UCJsN1Mmx4GRA6sCYdfKqpSQ,10
cLvOAzzGGDo,UCWqN5l7FwMO6-gT8Dg9mx5A,22
clXCnLNPhJ8,UCwXfRdTtVeVnXXF4poaYw0Q,19
cMA_elSmna8,UCRnC_XIuIVFKWphUcLd4MVA,27
CmbzRMYdGAU,UCcrktZCp1tY9eDqrk6fMrsA,24
Cmdv0J_rgpI,UCu_V8lfzyGspxP-LNFowW9w,10
cMw8hwRniA0,UC_BPD0TBnFtRExZOhIFEQYQ,20
Cmy_9lcR0BM,UCEoihco2ah097z2YwYOtojw,20
cMy12eTwQKY,UCckltLEhFLv8Xz_lQhYfwmg,25
cn2I0MIz5B4,UCRtAu8OVYVfuNZmTV-Ug0zA,27
CN7hdrADPUs,UCmqflTSJ6911aCrnaWIXxsA,24
cnbBV-xt2vU,UCCK3OZi788Ok44K97WAhLKQ,25
CnCBOGiakbA,UCgnFSj7jQffD5V5m05j4dPw,22
CNhRb1sTZ0s,UCgnFSj7jQffD5V5m05j4dPw,22
CNMtlPaoRkY,UCckltLEhFLv8Xz_lQhYfwmg,25
CnNgftWeqTY,UCgnFSj7jQffD5V5m05j4dPw,22
cOGZ7FeRB5I,UCfK5mYo5nvU4d4vkguhSn6Q,24
cOs6Acn_Klk,UC0CXMeU0432EMgBnlBaY_yA,27
Coumt5qkQsg,UCfK5mYo5nvU4d4vkguhSn6Q,24
Coyu1_lVCS0,UCckltLEhFLv8Xz_lQhYfwmg,25
Cp37ouxFopY,UCYFn7BOOlmL21iNJ6q5IDfg,24
cPGp62fhAwg,UCh9qXeL8eP3Txra2908xksg,10
CPXzcWZQ6r4,UCckltLEhFLv8Xz_lQhYfwmg,25
CQ9yPmoudGw,UCCK3OZi788Ok44K97WAhLKQ,25
CqbmisDW-mo,UCCK3OZi788Ok44K97WAhLKQ,25
cQhAf9EtD9E,UC0PdkCm3QlHJ8HdH4JeNirA,20
CqKgi5mNc30,UCu7cGbQEMgGk8TD0ZYucM5g,27
cQsbxlVfCbY,UCKS1HX4moHCcDBZnM9k4giw,1
cQT_YtauGsA,UCgnFSj7jQffD5V5m05j4dPw,22
cQTFI1EaGv0,UCR5y9OV23c0jJ4RGwDvGnLw,27
cQZKG7xAQBI,UCOQAZV0vURpWMKTlAGVy8rQ,27
cr--diOO53o,UCaRBojHlDl24Tzh6Vt6dihQ,20
cr-SjK5-hvI,UCckltLEhFLv8Xz_lQhYfwmg,25
cR0P-6v9jlw,UCt7aYc76HmITvYbbQlHyFnw,27
cr5bo7ABcEo,UCCK3OZi788Ok44K97WAhLKQ,25
Cr6KcEhIBRI,UCwXfRdTtVeVnXXF4poaYw0Q,19
cRkbBympKWg,UCWqN5l7FwMO6-gT8Dg9mx5A,22
crMFN0ltVmQ,UCCK3OZi788Ok44K97WAhLKQ,25
cRpbhPci540,UCckltLEhFLv8Xz_lQhYfwmg,25
crPui2KQZKw,UCdY0SS4tZPdWdQ6m5bX-ZBg,24
crRd_g81BOI,UCR5y9OV23c0jJ4RGwDvGnLw,27
CRstysydLzE,UCETxOvOv9_44-CUzsPlzyxQ,28
CSaH6lBLJdw,UCgnFSj7jQffD5V5m05j4dPw,22
CSarSo-8Ut0,UCckltLEhFLv8Xz_lQhYfwmg,25
CSMoBXnDSgM,UC9ZdXR-RYydFqdIb1lqM4LQ,19
cSzniOInWls,UCckltLEhFLv8Xz_lQhYfwmg,25
Ct5JsLBjjSg,UCjK3LREYZUrNKnk56Prhe4w,29
ct8OaWwh_pQ,UCckltLEhFLv8Xz_lQhYfwmg,25
cTBI4KgB-cM,UCs_mHlm5_C82W5WCIJaSMbQ,22
CtEDb2Jjnwc,UC0CXMeU0432EMgBnlBaY_yA,27
cU_FOJ0fROU,UCckltLEhFLv8Xz_lQhYfwmg,25
Cu3NPs0UjMA,UCEUSUxrhCt4n0Pp9WB7q7-w,27
CU8cSvvTjOA,UCCK3OZi788Ok44K97WAhLKQ,25
cuaIF8HP0rE,UCh9qXeL8eP3Txra2908xksg,10
cuB1dYrBKaI,UCnY7v189bwoSTFFYD_PNWhQ,27
cUi6jkzDBq8,UCFq73irpdELVQc5yYQcLCcA,22
cUJw9hZA0Mw,UCVmkgq5EQR_Dls3LG-wkrjw,22
cujxwS6a7Mw,UC3C6rQHX8pkjSyOm-620k3w,28
cuTFQV0HlEc,UCckltLEhFLv8Xz_lQhYfwmg,25
CuWgydT_FeY,UCmqflTSJ6911aCrnaWIXxsA,24
CUy81MEyD8g,UCckltLEhFLv8Xz_lQhYfwmg,25
CuYfTV1V2dE,UCHQfFg_epoUK0htwmiUyzEQ,27
cv08xW_Fvx4,UC0CXMeU0432EMgBnlBaY_yA,27
cv1QQmjB9io,UCckltLEhFLv8Xz_lQhYfwmg,25
CVbaTREo6OM,UC_BPD0TBnFtRExZOhIFEQYQ,20
cVJc9D97K8o,UCn0XmAUFv6d2tofMFEesSNw,24
CVsAaRPf60E,UCRtAu8OVYVfuNZmTV-Ug0zA,27
CVXqQLfy5mM,UCVmkgq5EQR_Dls3LG-wkrjw,28
cvzG-J7G6dg,UCu7cGbQEMgGk8TD0ZYucM5g,27
CW1Tr76sodM,UCfK5mYo5nvU4d4vkguhSn6Q,24
CWC8q9oRXdo,UCCK3OZi788Ok44K97WAhLKQ,25
CWH_JCwGsmo,UC9ZdXR-RYydFqdIb1lqM4LQ,19
cwilGT08a6w,UCMQYRNX1Fg-HJ8Ey7Z3WPrA,24
cWLr-mj77Kc,UCJsN1Mmx4GRA6sCYdfKqpSQ,10
cWQZY82hlt8,UCrjQG1gLZ4cDwIzrGA5pRBw,22
Cws4X1a6qZw,UCCK3OZi788Ok44K97WAhLKQ,25
CwT37R9H76M,UC6lDrxy3lS4LNRuuBtryqpQ,22
CX-Rd5i7RSc,UCn0XmAUFv6d2tofMFEesSNw,24
Cx4_ola_9bI,UCCK3OZi788Ok44K97WAhLKQ,25
cx9-OZ6hEn4,UCBR9iW2qo_7LP9_9u3A2ZeQ,20
CxmaTs8EMLo,UCrjQG1gLZ4cDwIzrGA5pRBw,22
cXN_-45eBtU,UCDm4BW0Q5d-zASSuRyvPGXw,22
CXVceQLK-10,UCCK3OZi788Ok44K97WAhLKQ,25
cXxQCnm9fLc,UCckltLEhFLv8Xz_lQhYfwmg,25
CXyn0Y_QxXU,UCGN3TM5lZQ1DAvMwI1LIc8Q,27
cxZ7D_9Wwho,UCgnFSj7jQffD5V5m05j4dPw,22
CyEo0K5dTL4,UCn0XmAUFv6d2tofMFEesSNw,24
cyXtfEWh7BI,UCNyujDJFZqQml78mdpb2rNA,24
cYXYY1K-u8E,UCckltLEhFLv8Xz_lQhYfwmg,25
Cz_-TXXroyw,UCCK3OZi788Ok44K97WAhLKQ,25
cz8G5MAd81U,UCgnFSj7jQffD5V5m05j4dPw,22
CZAFcv4lsIQ,UCCK3OZi788Ok44K97WAhLKQ,25
cZCbO8V1V9o,UC3C6rQHX8pkjSyOm-620k3w,28
CZdZbQIH3pQ,UCgnFSj7jQffD5V5m05j4dPw,22
cZeBe-Vz_Jk,UCnY7v189bwoSTFFYD_PNWhQ,27
CzhtHldbqu8,UCCK3OZi788Ok44K97WAhLKQ,25
CZSbj6_P6qo,UCMQYRNX1Fg-HJ8Ey7Z3WPrA,24
czTw2ytsU-U,UCCK3OZi788Ok44K97WAhLKQ,25
D_dGx_IWtx0,UCckltLEhFLv8Xz_lQhYfwmg,25
D_sUJ6v5f1E,UCckltLEhFLv8Xz_lQhYfwmg,25
D_VnymDqREc,UCckltLEhFLv8Xz_lQhYfwmg,25
d-fCqnMSDC8,UCBR9iW2qo_7LP9_9u3A2ZeQ,20
D-I_mzJhnZQ,UC1Q3UfVjchyhbtyJXc_mu5w,24
D-zXZGTz3hc,UC_BPD0TBnFtRExZOhIFEQYQ,20
D0bo44Qj5z4,UCiOEgWwAKbfrVb795hqQc9A,24
d0dZKUqlloc,UCCK3OZi788Ok44K97WAhLKQ,25
d0wHgVMoJuU,UCKA7SQOUkD1_z5lr016Q70w,22
D0WO1egNL7o,UCETxOvOv9_44-CUzsPlzyxQ,28
d1orpSgzoP4,UCCK3OZi788Ok44K97WAhLKQ,25
D1rwgk0lAMM,UC0CXMeU0432EMgBnlBaY_yA,27
d1scqYIZHVc,UCgnFSj7jQffD5V5m05j4dPw,24
d2rH05iWGY0,UCCK3OZi788Ok44K97WAhLKQ,25
D3bhAp0Y1aU,UCEoihco2ah097z2YwYOtojw,20
d3qNe3iIb9A,UCwXfRdTtVeVnXXF4poaYw0Q,19
D3WjLBl3v60,UCgnFSj7jQffD5V5m05j4dPw,24
D4910C3ShiA,UCCK3OZi788Ok44K97WAhLKQ,25
d4A9kXLPfoA,UCCK3OZi788Ok44K97WAhLKQ,25
D4dexAg1lFo,UCRnC_XIuIVFKWphUcLd4MVA,27
d4ieigRL2zc,UCwkHQPpM4IvsJZiIwW9_8Ng,22
d58WMPPLQQ4,UCltN1illHSguno1gokRShxA,26
d5ilWJWgzUI,UCWqN5l7FwMO6-gT8Dg9mx5A,22
d5N9lbDzOtc,UCckltLEhFLv8Xz_lQhYfwmg,25
D5nOEb7YVZM,UCiOEgWwAKbfrVb795hqQc9A,24
d5tqvrY1cpU,UCWqN5l7FwMO6-gT8Dg9mx5A,22
D5x_CfEHsX0,UCEmrzEYds6XN_7dd_5_XnrA,24
D6-mqNiy5V0,UCCK3OZi788Ok44K97WAhLKQ,25
D6KT_GERV74,UC92h2ZVbLNazWe038DnzIUA,22
d6OBl9RexxM,UCMeObxIFpmRVL22ZpL4ME9g,22
d6uD0uKEyHA,UCckltLEhFLv8Xz_lQhYfwmg,25
D7A9sch20-0,UCCK3OZi788Ok44K97WAhLKQ,25
d7DN0I7RF1g,UCwkHQPpM4IvsJZiIwW9_8Ng,22
d7fiBhaOvY4,UCDm4BW0Q5d-zASSuRyvPGXw,22
d7pEqrPT2CY,UCgnFSj7jQffD5V5m05j4dPw,22
d8HaivGruCw,UCCK3OZi788Ok44K97WAhLKQ,25
d8hUgvYT1Us,UCnirzf0fEAPfQV__61iwSQQ,20
d8Ln5qIn4e8,UCgnFSj7jQffD5V5m05j4dPw,22
D8mARGp-a5E,UCwkHQPpM4IvsJZiIwW9_8Ng,22
d8ti4nJtmOs,UCDm4BW0Q5d-zASSuRyvPGXw,22
D9KF63geU0I,UCrjQG1gLZ4cDwIzrGA5pRBw,22
Dab63fmzBvo,UCcpCelkp30ukU3ZKUXsU25g,22
daeVmEUwihA,UCOLdaAcrdzYY3ug15EuuFAg,26
daHG9vwAZtI,UC7301rstHsGPohgeR_kh8Pw,26
daJBo2UgX8c,UCKS1HX4moHCcDBZnM9k4giw,1
DaMOBoECy1s,UCckltLEhFLv8Xz_lQhYfwmg,25
daT9U7-KQxQ,UC6lDrxy3lS4LNRuuBtryqpQ,22
DaumCbbW9Bs,UCckltLEhFLv8Xz_lQhYfwmg,25
daUMLwtyR1Y,UCmqflTSJ6911aCrnaWIXxsA,24
Dax_btkT6t8,UCYG2PZN2DImFqoTcj983iqA,24
DaZj-eBn0TA,UCgnFSj7jQffD5V5m05j4dPw,22
Db1Il3T5b2I,UCKA7SQOUkD1_z5lr016Q70w,22
DB3Tz65cbrA,UCEa6e_J_Xs_GKCzG8Eq15Xw,24
dBfOJZrT-28,UCYG2PZN2DImFqoTcj983iqA,24
DbHFXtThnDs,UCCK3OZi788Ok44K97WAhLKQ,25
DbJ70i3LFPc,UC1Q3UfVjchyhbtyJXc_mu5w,24
DcFUsUR107U,UCGkzF25IZBE1SF9ykM64xEA,24
dCh9Vw_7exU,UC1Q3UfVjchyhbtyJXc_mu5w,24
DCi52fruI2Q,UCiOEgWwAKbfrVb795hqQc9A,24
dckqYUdeBvo,UC7hqTC-ChL-_PUKhctTt50A,19
DcrGihvFiYc,UC4UaWbUUwVvCxWNqhb4f16Q,22
dCt0VNmb1vE,UCDO8zlJiV9ZgaMMK2DyX1Dw,17
dcYE_Uo0uu4,UCckltLEhFLv8Xz_lQhYfwmg,25
Dd-CSKYFjJw,UCJsN1Mmx4GRA6sCYdfKqpSQ,10
Dd88zCI0SnE,UC0PdkCm3QlHJ8HdH4JeNirA,20
DdA4NmklMMA,UCKEKf35apTUvSLs-c1DCekw,27
DDcepSp6Mzk,UCIWNVlovGKqnOhJ2eRC_xfg,22
DDDVYvKe_Yk,UCckltLEhFLv8Xz_lQhYfwmg,25
DdFyXwZ-P6E,UCVwbUjoiTUXxeVjsxW9Kwng,10
DDpoEl-d084,UCKEKf35apTUvSLs-c1DCekw,27
DDwBdFTKae4,UCCK3OZi788Ok44K97WAhLKQ,25
de9vMLwgvYk,UCKS1HX4moHCcDBZnM9k4giw,1
Dea0vmBNZ_w,UCKEKf35apTUvSLs-c1DCekw,27
dEST_fF2KRs,UCuc40qp1ZKB_ZbDw9iml8Kg,22
dEWGMNjaMdY,UCs_mHlm5_C82W5WCIJaSMbQ,22
DewKZGZ__IE,UCNyujDJFZqQml78mdpb2rNA,24
DezCLprZxpg,UCckltLEhFLv8Xz_lQhYfwmg,25
DF1DPRXW6ZE,UC7hqTC-ChL-_PUKhctTt50A,19
df8WBNLMr2A,UC0CXMeU0432EMgBnlBaY_yA,27
dfECc_RTdyU,UCR5y9OV23c0jJ4RGwDvGnLw,27
dfoR-OwP7l4,UCgnFSj7jQffD5V5m05j4dPw,22
DFxVjq0u1m8,UCEUSUxrhCt4n0Pp9WB7q7-w,24
dG0N4h8MND0,UCckltLEhFLv8Xz_lQhYfwmg,25
DgnScAP2cdI,UCckltLEhFLv8Xz_lQhYfwmg,25
dGq9vz5UoPE,UCMQYRNX1Fg-HJ8Ey7Z3WPrA,24
dGv8U-NKrYk,UC7hqTC-ChL-_PUKhctTt50A,19
dgYIS5DLgs0,UCCK3OZi788Ok44K97WAhLKQ,25
DH5jpPIWLf0,UC0CXMeU0432EMgBnlBaY_yA,27
DHBnA9m8zBw,UCuc40qp1ZKB_ZbDw9iml8Kg,22
dhDPAQJlJY8,UCfK5mYo5nvU4d4vkguhSn6Q,24
Dhk1y8phecI,UCgnFSj7jQffD5V5m05j4dPw,24
DHNwQqG9-l4,UCKS1HX4moHCcDBZnM9k4giw,1
di0nVlBpzQ0,UCCK3OZi788Ok44K97WAhLKQ,25
dIikaBCqpU8,UCn0XmAUFv6d2tofMFEesSNw,24
diIWlYAKrnI,UCckltLEhFLv8Xz_lQhYfwmg,25
DIUuP74i3Y8,UCCK3OZi788Ok44K97WAhLKQ,25
DJ792qYlNvU,UCRJPCCeeEsLiZkCjWlulDCg,22
dJEvEnyq61k,UCNyujDJFZqQml78mdpb2rNA,24
DJIEWDty_TM,UCwXfRdTtVeVnXXF4poaYw0Q,19
DJIiwX38mVc,UCCK3OZi788Ok44K97WAhLKQ,25
DjJ2EANz2DA,UCwkHQPpM4IvsJZiIwW9_8Ng,22
DjnH9KAtUp4,UCCK3OZi788Ok44K97WAhLKQ,25
dJV-6e2EjnQ,UCu7cGbQEMgGk8TD0ZYucM5g,27
DKD_oCSE-bk,UCAapm4DhqB5ckqr61IGdTUw,22
DkLaWh9SEok,UC92h2ZVbLNazWe038DnzIUA,22
dkoKmMmVLCs,UC9U2IYFVPd-Hl6zAeZQL7eQ,22
DKUPOAu3Tow,UCm-TY_JakK4dHAwF6QqcZSg,20
dkXry9rvSCg,UC0PdkCm3QlHJ8HdH4JeNirA,20
dLaRCQ4wO_E,UCiOEgWwAKbfrVb795hqQc9A,24
DLjVcxRBtgU,UCgnFSj7jQffD5V5m05j4dPw,22
dLm3PT3H3kc,UCwkHQPpM4IvsJZiIwW9_8Ng,22
DLxJwAnpfcU,UCgnFSj7jQffD5V5m05j4dPw,22
Dm36WrwYRFw,UC1Q3UfVjchyhbtyJXc_mu5w,24
dm5eOUeGJ08,UCCK3OZi788Ok44K97WAhLKQ,25
dMDq5qrsGP8,UCcrktZCp1tY9eDqrk6fMrsA,24
dml-9rMdPKI,UC0PdkCm3QlHJ8HdH4JeNirA,20
dmMceLRGWaw,UC0PdkCm3QlHJ8HdH4JeNirA,20
dMXbweKlKcc,UCU5WmQA3Ur1Yriw5pMqoBNQ,24
dnC7DYbsmAQ,UCcrktZCp1tY9eDqrk6fMrsA,24
dNeXtmlDJR4,UCgnFSj7jQffD5V5m05j4dPw,22
DNFseZmYt1A,UCgnFSj7jQffD5V5m05j4dPw,24
DnILdZGhN5A,UCGkzF25IZBE1SF9ykM64xEA,10
dnIUTwaZw5E,UC8irIP66QzlZNVgqe4vwN9g,10
DnNSJcAAfzY,UCnY7v189bwoSTFFYD_PNWhQ,27
DnVFMwIUrFE,UCk6Bzr5M-8n_KN2guSmWmMw,22
dObNTLJwIL0,UC0CXMeU0432EMgBnlBaY_yA,27
doe_OkHkLeE,UCVwbUjoiTUXxeVjsxW9Kwng,10
DoHzukvPA7E,UC7hqTC-ChL-_PUKhctTt50A,19
DoPrllaMwM0,UC0CXMeU0432EMgBnlBaY_yA,27
dOr4kXAnpGM,UCckltLEhFLv8Xz_lQhYfwmg,25
DP_ozkSoQJk,UCckltLEhFLv8Xz_lQhYfwmg,25
dp7FcwI6z9Y,UCCK3OZi788Ok44K97WAhLKQ,25
DPCFe-oF0R0,UCCK3OZi788Ok44K97WAhLKQ,25
DphaGDfV1Yw,UCckltLEhFLv8Xz_lQhYfwmg,25
DPHXyYlyLEk,UCCK3OZi788Ok44K97WAhLKQ,25
DPp9nwOucjQ,UCcrktZCp1tY9eDqrk6fMrsA,24
dQF_yZsA-cM,UC0PdkCm3QlHJ8HdH4JeNirA,20
dQjLO4I_hLQ,UCcrktZCp1tY9eDqrk6fMrsA,27
Dqsax4bdnOM,UCKS1HX4moHCcDBZnM9k4giw,1
DqsXGrh1VgI,UCdY0SS4tZPdWdQ6m5bX-ZBg,24
dQVM2MqZtjc,UCEa6e_J_Xs_GKCzG8Eq15Xw,10
drd9vbLiIAo,UCckltLEhFLv8Xz_lQhYfwmg,25
drDR0lusSeU,UC7301rstHsGPohgeR_kh8Pw,26
drJzPSogYBU,UCc8W1zUTmtNqXIhOHxPIAuw,20
ds1nvhtQCks,UCuc40qp1ZKB_ZbDw9iml8Kg,22
dS6UJpmVHR0,UCiOEgWwAKbfrVb795hqQc9A,24
dsCon5rc21s,UCYFn7BOOlmL21iNJ6q5IDfg,24
DSgqgxCldjg,UCQxq1x6XKl1oRJ_aSOdurWQ,10
dSnqTZ3-PPk,UCckltLEhFLv8Xz_lQhYfwmg,25
dsXYrV8wVgk,UC7301rstHsGPohgeR_kh8Pw,26
dsyGyNQAdQU,UCh9qXeL8eP3Txra2908xksg,10
DT6R407eYb0,UCCK3OZi788Ok44K97WAhLKQ,25
DTaNvu1PzKw,UCCK3OZi788Ok44K97WAhLKQ,25
Dtj8QJXSSx4,UCQxq1x6XKl1oRJ_aSOdurWQ,10
dTx_WLgjokA,UCckltLEhFLv8Xz_lQhYfwmg,25
duExuP95LEg,UCEmrzEYds6XN_7dd_5_XnrA,24
dufbLqmu8qY,UCCK3OZi788Ok44K97WAhLKQ,25
dunbuxQmS8E,UCckltLEhFLv8Xz_lQhYfwmg,25
duoNnIeGJio,UCdY0SS4tZPdWdQ6m5bX-ZBg,24
DuR9NR2Xx7A,UCRnC_XIuIVFKWphUcLd4MVA,27
DuTq00eKf_k,UC0PdkCm3QlHJ8HdH4JeNirA,20
duV2hzkQhZ4,UCckltLEhFLv8Xz_lQhYfwmg,25
DVbYsoWOm78,UCgnFSj7jQffD5V5m05j4dPw,22
dvk61zM8uxg,UCRnC_XIuIVFKWphUcLd4MVA,27
DvMGeqtWg1U,UCu7cGbQEMgGk8TD0ZYucM5g,27
DVMuLtPsMyM,UCckltLEhFLv8Xz_lQhYfwmg,25
DvoVTSkNJlw,UC8irIP66QzlZNVgqe4vwN9g,10
dVpxlBSQg98,UCckltLEhFLv8Xz_lQhYfwmg,25
DvR9RDYJx4s,UC0CXMeU0432EMgBnlBaY_yA,27
DVT4l_MIu9I,UCR5y9OV23c0jJ4RGwDvGnLw,27
Dw_lUkza33k,UCBR9iW2qo_7LP9_9u3A2ZeQ,20
dw7nL0APAGE,UCCK3OZi788Ok44K97WAhLKQ,25
dw9VszMMM2w,UCgnFSj7jQffD5V5m05j4dPw,22
DwfcJeQoASY,UCfK5mYo5nvU4d4vkguhSn6Q,24
dwswmgxhXWA,UC92h2ZVbLNazWe038DnzIUA,22
dWUkd_TKrac,UCckltLEhFLv8Xz_lQhYfwmg,25
DXAbq030KrQ,UC3C6rQHX8pkjSyOm-620k3w,28
DxcgzAxLEc4,UCgnFSj7jQffD5V5m05j4dPw,24
dXFQEZ3TIsc,UCCK3OZi788Ok44K97WAhLKQ,25
DXnKk0GuQpw,UCr8qGT-Mv9tdCo-aPr06REQ,1
DXS-8m-nkqI,UCnirzf0fEAPfQV__61iwSQQ,20
dyFHMq3dwHc,UCckltLEhFLv8Xz_lQhYfwmg,25
DYH96Y1gboY,UCKEKf35apTUvSLs-c1DCekw,27
DYrOuQJbLsM,UCVwbUjoiTUXxeVjsxW9Kwng,10
DyWFq4_JfpA,UCCK3OZi788Ok44K97WAhLKQ,25
DZ6VBJ2xhdQ,UCCK3OZi788Ok44K97WAhLKQ,25
DZ7tUI2pCTM,UCn0XmAUFv6d2tofMFEesSNw,24
DZgoBVVYGjo,UCVwbUjoiTUXxeVjsxW9Kwng,10
dzHyDxykXH4,UCe13xXtdfx_n0_z1qeXV6_g,10
DzlLkpS_674,UCRtAu8OVYVfuNZmTV-Ug0zA,27
DZsHB3Dxy3A,UCckltLEhFLv8Xz_lQhYfwmg,25
DzTcfKhiuGE,UCCK3OZi788Ok44K97WAhLKQ,25
DZXty39FFLc,UC1Q3UfVjchyhbtyJXc_mu5w,24
E_C31g1Jgew,UCckltLEhFLv8Xz_lQhYfwmg,25
e_FfwUqNuhA,UCnY7v189bwoSTFFYD_PNWhQ,27
E_Kam4gxT7M,UCn0XmAUFv6d2tofMFEesSNw,24
e-9aZvxxwck,UCh9qXeL8eP3Txra2908xksg,10
e-b8g-jYGtw,UCCK3OZi788Ok44K97WAhLKQ,25
E-vgYQfLIOo,UCgnFSj7jQffD5V5m05j4dPw,22
e-ZHgHVmcKM,UCn0XmAUFv6d2tofMFEesSNw,24
e0EIYIJ75gA,UC-ss1l2vO46QAgyCsPRIVDA,27
E0mt82bt7Q0,UCgnFSj7jQffD5V5m05j4dPw,22
e0QMjXntObw,UCrjQG1gLZ4cDwIzrGA5pRBw,22
e0wgy6maMRY,UC3C6rQHX8pkjSyOm-620k3w,28
e0xSPd3p6q0,UCgnFSj7jQffD5V5m05j4dPw,22
E1lhTqHihgs,UC7301rstHsGPohgeR_kh8Pw,26
E2aFW5c-FGc,UC2Wq8OiU3P9sSRxHpFEe_0Q,22
E2Hi3AVOT7s,UCRtAu8OVYVfuNZmTV-Ug0zA,27
e2NJy4ZqFTw,UCCK3OZi788Ok44K97WAhLKQ,25
E3DJHkT7F9o,UCQxq1x6XKl1oRJ_aSOdurWQ,10
e3lyb6omZuI,UCCK3OZi788Ok44K97WAhLKQ,25
e3VmcvSTqiU,UCOQAZV0vURpWMKTlAGVy8rQ,10
e3xYFATqmzs,UCh9qXeL8eP3Txra2908xksg,10
e4vf7zgEiqM,UCNFDDKoTezuSWbIjjHA76xQ,22
E57U3Bu_QDA,UCdY0SS4tZPdWdQ6m5bX-ZBg,24
e5cJnK9Kt0s,UCKA7SQOUkD1_z5lr016Q70w,22
e5dPqccQJ9c,UCc8W1zUTmtNqXIhOHxPIAuw,27
E5GL3MUMSN8,UCckltLEhFLv8Xz_lQhYfwmg,25
e5loYtOjsZs,UC3C6rQHX8pkjSyOm-620k3w,28
E64aJfb_PCc,UCCK3OZi788Ok44K97WAhLKQ,25
e6j6U9Tt6Go,UCCK3OZi788Ok44K97WAhLKQ,25
e6m-oKTFycQ,UC6lDrxy3lS4LNRuuBtryqpQ,22
e6UL-6yvKDA,UCCK3OZi788Ok44K97WAhLKQ,25
e76axVDLITI,UCckltLEhFLv8Xz_lQhYfwmg,25
e7hpqFRs5Pg,UCFq73irpdELVQc5yYQcLCcA,22
E7QBOe7VGkc,UC0PdkCm3QlHJ8HdH4JeNirA,20
E7uC7pR2zLY,UCU5WmQA3Ur1Yriw5pMqoBNQ,24
E7Z_xdwGmI0,UCCK3OZi788Ok44K97WAhLKQ,25
e7ZerRq0c-s,UCRtAu8OVYVfuNZmTV-Ug0zA,27
E8hdujEPwaM,UCCK3OZi788Ok44K97WAhLKQ,25
E8RjRakzOv0,UCltN1illHSguno1gokRShxA,26
e9GRTrIb1EQ,UC_BPD0TBnFtRExZOhIFEQYQ,20
E9pZ_A1Zb1k,UCckltLEhFLv8Xz_lQhYfwmg,25
E9UArBff2CM,UCEmrzEYds6XN_7dd_5_XnrA,24
e9V4CW5EXjc,UCckltLEhFLv8Xz_lQhYfwmg,25
E9XI9XPNk-A,UCETxOvOv9_44-CUzsPlzyxQ,28
EA0PLUhNDhw,UCgnFSj7jQffD5V5m05j4dPw,22
Ea1K_iNYu3E,UCMeObxIFpmRVL22ZpL4ME9g,22
EA1QHTIbMS8,UCckltLEhFLv8Xz_lQhYfwmg,25
eA4_lQ0B8BE,UCKA7SQOUkD1_z5lr016Q70w,22
eACJ9cnGXrI,UCYFn7BOOlmL21iNJ6q5IDfg,24
eAeZBgSwLGI,UCKEKf35apTUvSLs-c1DCekw,27
EAK3LmJ6-V8,UCckltLEhFLv8Xz_lQhYfwmg,25
EaN6DeqPcDU,UCm-TY_JakK4dHAwF6QqcZSg,20
EAtdwHthYDs,UCVwbUjoiTUXxeVjsxW9Kwng,10
eAX2t_I1E04,UCckltLEhFLv8Xz_lQhYfwmg,25
eAz5qG2dvag,UCDO8zlJiV9ZgaMMK2DyX1Dw,17
Eb31PR3Lq3Q,UCNFDDKoTezuSWbIjjHA76xQ,22
ebajiNDYZ2A,UCckltLEhFLv8Xz_lQhYfwmg,25
EbEPHYjJTBw,UC9ZdXR-RYydFqdIb1lqM4LQ,19
eBGMYqMZ6d0,UCCK3OZi788Ok44K97WAhLKQ,25
EBlt7GMT6xM,UCCK3OZi788Ok44K97WAhLKQ,25
ebMH6VFu93g,UCgnFSj7jQffD5V5m05j4dPw,22
ebvcFkaxuKg,UCRtAu8OVYVfuNZmTV-Ug0zA,27
ec0ktzDN1Fs,UCmqflTSJ6911aCrnaWIXxsA,24
EC35TZs4Bz4,UCCK3OZi788Ok44K97WAhLKQ,25
eC43LGSpdLU,UCt7aYc76HmITvYbbQlHyFnw,27
EcCmWLGiLI4,UCR0Bia1mQ7NQp31WWNhoFnw,22
EChUgBA7PkQ,UC7301rstHsGPohgeR_kh8Pw,26
ecqQIfa8lv4,UCn0XmAUFv6d2tofMFEesSNw,24
ecZ0HtBcEf0,UCcpCelkp30ukU3ZKUXsU25g,24
eD23kNPWEwA,UCETxOvOv9_44-CUzsPlzyxQ,28
EdBs6iZYeFk,UCCK3OZi788Ok44K97WAhLKQ,25
EdfcP3ymnGU,UCckltLEhFLv8Xz_lQhYfwmg,25
edff1wz_uz0,UCDm4BW0Q5d-zASSuRyvPGXw,22
eDFppqyUhWY,UCVwbUjoiTUXxeVjsxW9Kwng,10
EdG_aQJPHls,UCVmkgq5EQR_Dls3LG-wkrjw,22
edg0TfQgaJw,UCckltLEhFLv8Xz_lQhYfwmg,25
EDIuNq0XFgI,UCckltLEhFLv8Xz_lQhYfwmg,25
eDjpoWinAos,UCckltLEhFLv8Xz_lQhYfwmg,25
EdLPIV7DDTE,UCIWNVlovGKqnOhJ2eRC_xfg,22
eDnKV1Q7zSs,UCckltLEhFLv8Xz_lQhYfwmg,25
EE8bmzaj518,UCgnFSj7jQffD5V5m05j4dPw,25
eeCM6DF_ZVA,UCEoihco2ah097z2YwYOtojw,20
eEILOYpGrb8,UCckltLEhFLv8Xz_lQhYfwmg,25
eel_cB6AYXg,UCCK3OZi788Ok44K97WAhLKQ,25
eeLF8KhsfOk,UCEuz_HGv5er0LZsztjO4g5Q,24
EemrGIWOSTU,UCYG2PZN2DImFqoTcj983iqA,24
EERVNFs5LpY,UC3C6rQHX8pkjSyOm-620k3w,28
eeufvS_gIT4,UCwXfRdTtVeVnXXF4poaYw0Q,19
EeZ07eVdVP0,UCCK3OZi788Ok44K97WAhLKQ,25
Ef2ojhS0ETA,UCckltLEhFLv8Xz_lQhYfwmg,25
eFavpXDTVqc,UC6lDrxy3lS4LNRuuBtryqpQ,22
EFc1osiKtLw,UCNFDDKoTezuSWbIjjHA76xQ,22
eFin2_9jBAw,UCckltLEhFLv8Xz_lQhYfwmg,25
eFUFsGnyxuM,UC2Wq8OiU3P9sSRxHpFEe_0Q,22
Eg-uJZ6vJx8,UCMQYRNX1Fg-HJ8Ey7Z3WPrA,24
eg04vgpDN20,UCKS1HX4moHCcDBZnM9k4giw,1
eG15elYtf6w,UC2Wq8OiU3P9sSRxHpFEe_0Q,22
egCdQTxel6s,UCckltLEhFLv8Xz_lQhYfwmg,25
EGcKkjZkDB0,UCckltLEhFLv8Xz_lQhYfwmg,25
EGCPFSuYJvs,UCcrktZCp1tY9eDqrk6fMrsA,27
EGE8JeVDqKY,UCk6Bzr5M-8n_KN2guSmWmMw,22
eGgKPmqttIk,UCmqflTSJ6911aCrnaWIXxsA,24
eGiWyZdggII,UCCK3OZi788Ok44K97WAhLKQ,25
eGq5u_3r_Os,UCrjQG1gLZ4cDwIzrGA5pRBw,22
EgQH6YaZ8Nk,UCHQfFg_epoUK0htwmiUyzEQ,27
eGuLqdOJbQA,UCr8qGT-Mv9tdCo-aPr06REQ,1
eHAWtEXVDds,UCgnFSj7jQffD5V5m05j4dPw,25
eHgFwTzX0fM,UCMeObxIFpmRVL22ZpL4ME9g,22
EHI5WdIQj9w,UCgnFSj7jQffD5V5m05j4dPw,22
Ehm9U0QWzzQ,UC4UaWbUUwVvCxWNqhb4f16Q,22
EHpDvq3y7bk,UC6lDrxy3lS4LNRuuBtryqpQ,22
EhQ1A01NfjQ,UC1Q3UfVjchyhbtyJXc_mu5w,24
EHyeV8-p4a4,UCcpCelkp30ukU3ZKUXsU25g,19
Ei0GVZH4oEI,UCKS1HX4moHCcDBZnM9k4giw,1
eI5GKEav-aY,UCmqflTSJ6911aCrnaWIXxsA,24
ei9FzNwaOfk,UC6lDrxy3lS4LNRuuBtryqpQ,22
eIdZnwkR-Zs,UCu7cGbQEMgGk8TD0ZYucM5g,27
eIgqB8ImwBg,UCEjCyBoWP57QRkmFRz-aOGw,27
eIVSTM1fVKc,UCOLdaAcrdzYY3ug15EuuFAg,26
eIWHUStOgso,UCckltLEhFLv8Xz_lQhYfwmg,25
eIYCXYvX6BQ,UC2Wq8OiU3P9sSRxHpFEe_0Q,22
EJ-pzP7JMIw,UCCK3OZi788Ok44K97WAhLKQ,25
ej5cJhIADgw,UCVmkgq5EQR_Dls3LG-wkrjw,28
eJDNakyAo7M,UCckltLEhFLv8Xz_lQhYfwmg,25
ejgyD7L7IMA,UCRtAu8OVYVfuNZmTV-Ug0zA,27
ejhgIUps5Y8,UCckltLEhFLv8Xz_lQhYfwmg,25
ejKxeigH2Cs,UCCK3OZi788Ok44K97WAhLKQ,25
ejlz4NGhfnc,UCVwbUjoiTUXxeVjsxW9Kwng,10
EJMwEu4WTPw,UC4UaWbUUwVvCxWNqhb4f16Q,22
ekERlER23jM,UCCK3OZi788Ok44K97WAhLKQ,25
ekFQT2qtuCo,UCWqN5l7FwMO6-gT8Dg9mx5A,22
eKm8QxyXyGs,UCMQYRNX1Fg-HJ8Ey7Z3WPrA,10
ekQzR-rFIa0,UCckltLEhFLv8Xz_lQhYfwmg,25
eKtMqbgHd08,UCDdPJHmxHCJLH1sDyytCATw,22
ekZJ5Sz2B8Y,UCglXlpWjIi95auM3umWWLdw,28
ElJYtle8_OY,UCkysZsPin4y9iQHS-QYygeQ,20
eLRDjZInym4,UCBR9iW2qo_7LP9_9u3A2ZeQ,20
ELvSygvqF_s,UCDdPJHmxHCJLH1sDyytCATw,22
EM24w0PNu2Q,UCckltLEhFLv8Xz_lQhYfwmg,25
embrAN64GR0,UCFq73irpdELVQc5yYQcLCcA,22
EMjakJHQfB4,UCNyujDJFZqQml78mdpb2rNA,24
emP_49-EPgQ,UCGkzF25IZBE1SF9ykM64xEA,24
EMThKcWgneU,UCvQoK_VN52NG9CwB7Tc9WZg,27
emUfB6undBo,UCvQoK_VN52NG9CwB7Tc9WZg,27
En66i6o0Ukc,UCKEKf35apTUvSLs-c1DCekw,27
EnCij5U448Q,UCn0XmAUFv6d2tofMFEesSNw,24
eNFH87o6694,UCKEKf35apTUvSLs-c1DCekw,27
ENirnDBPHyU,UCwkHQPpM4IvsJZiIwW9_8Ng,22
ENLh3gQS9rA,UC6lDrxy3lS4LNRuuBtryqpQ,22
enLKU2rwMrw,UCCK3OZi788Ok44K97WAhLKQ,25
Enw2g_LhcoQ,UCdTL_n9uC2_DlLX7ohcKpVQ,19
eNZOj9pUKq0,UCEmrzEYds6XN_7dd_5_XnrA,24
eo4tclsAoUU,UCiOEgWwAKbfrVb795hqQc9A,24
Eo8TzDyHVXA,UCCK3OZi788Ok44K97WAhLKQ,25
EoBKQXlJ8-w,UC1Q3UfVjchyhbtyJXc_mu5w,24
EogSV7HGEYs,UCGN3TM5lZQ1DAvMwI1LIc8Q,27
eohUsWwAwDk,UCnY7v189bwoSTFFYD_PNWhQ,27
EOj-pLevtnI,UCETxOvOv9_44-CUzsPlzyxQ,28
eOLSslydEMQ,UC4UaWbUUwVvCxWNqhb4f16Q,22
EOQn41nHDm4,UCVmkgq5EQR_Dls3LG-wkrjw,22
eoWjLITW2SI,UCwkHQPpM4IvsJZiIwW9_8Ng,22
eOXL7pyt9HM,UCNyujDJFZqQml78mdpb2rNA,24
eP_fH5d1G8c,UCRnC_XIuIVFKWphUcLd4MVA,27
eP5fDy6WivY,UCJsN1Mmx4GRA6sCYdfKqpSQ,28
ePh6EPareFw,UCVmkgq5EQR_Dls3LG-wkrjw,28
EpUXBfedcRk,UCgnFSj7jQffD5V5m05j4dPw,22
epVGUCnqj-M,UCDm4BW0Q5d-zASSuRyvPGXw,22
EPzOdgRlSDA,UCCK3OZi788Ok44K97WAhLKQ,25
eQdeOvhNCSM,UCu7cGbQEMgGk8TD0ZYucM5g,27
eQu0quD4DHI,UCckltLEhFLv8Xz_lQhYfwmg,25
eqwkVfAhJOw,UCckltLEhFLv8Xz_lQhYfwmg,25
eR9OuwsjQ2w,UCVmkgq5EQR_Dls3LG-wkrjw,22
eRcbWKq2L_c,UCckltLEhFLv8Xz_lQhYfwmg,25
eRyGkbW7mvI,UCgnFSj7jQffD5V5m05j4dPw,22
eS4jrN5esj8,UCu_V8lfzyGspxP-LNFowW9w,10
EsOPixxI0A0,UCkysZsPin4y9iQHS-QYygeQ,20
eSOQhNXRCxs,UCwkHQPpM4IvsJZiIwW9_8Ng,22
eSs2qGDUhTI,UCOLdaAcrdzYY3ug15EuuFAg,26
EStjAppRgck,UCEmrzEYds6XN_7dd_5_XnrA,24
eStNn7_h1PI,UCnIKiPYRsC2iN4jpsUeBeXQ,24
eSWPTyuokWI,UCQxq1x6XKl1oRJ_aSOdurWQ,10
esY4Xj-loUU,UCgnFSj7jQffD5V5m05j4dPw,22
eT63-QVx4ek,UCYFn7BOOlmL21iNJ6q5IDfg,24
Et9vvusT0Uo,UCAapm4DhqB5ckqr61IGdTUw,24
ETxh0mNMx1U,UCwXfRdTtVeVnXXF4poaYw0Q,19
eU8b0ae7K9M,UCgnFSj7jQffD5V5m05j4dPw,24
EudZJ_ORX4c,UCckltLEhFLv8Xz_lQhYfwmg,25
eUENxSHcAbs,UCCK3OZi788Ok44K97WAhLKQ,25
euK75IxjlrU,UCDm4BW0Q5d-zASSuRyvPGXw,22
eUohXry-Xr4,UCjK3LREYZUrNKnk56Prhe4w,29
EurduKm4uf8,UCkysZsPin4y9iQHS-QYygeQ,20
EuS6Mws57dk,UCcrktZCp1tY9eDqrk6fMrsA,24
euW3Kh3JAnU,UCCK3OZi788Ok44K97WAhLKQ,25
EV0Tl6y0fU4,UCR0Bia1mQ7NQp31WWNhoFnw,20
eVfctwdMaMU,UCEa6e_J_Xs_GKCzG8Eq15Xw,10
EVGFUkT3mzs,UC-ss1l2vO46QAgyCsPRIVDA,27
EVgHUQ3byG4,UCu_V8lfzyGspxP-LNFowW9w,10
EVlm9a8ximY,UCrjQG1gLZ4cDwIzrGA5pRBw,22
eVmC7Gnf2JQ,UCn0XmAUFv6d2tofMFEesSNw,24
eVoAZNJuha8,UCdTL_n9uC2_DlLX7ohcKpVQ,24
EvrnHiQRdsE,UCu7cGbQEMgGk8TD0ZYucM5g,27
evtjck6JAlQ,UCHQfFg_epoUK0htwmiUyzEQ,27
EVwOztZC-f4,UCYFn7BOOlmL21iNJ6q5IDfg,24
EwB7Nfdm2mw,UC8irIP66QzlZNVgqe4vwN9g,10
EwdMjdsL3rA,UCckltLEhFLv8Xz_lQhYfwmg,25
ewQqHZO6zOM,UCw7u6NM3AzfdAylSLIoLeOQ,22
EwrUGs1cle0,UCgnFSj7jQffD5V5m05j4dPw,22
eX6-8XMGzDA,UCWqN5l7FwMO6-gT8Dg9mx5A,22
ex6Jgu1CqyQ,UCQxq1x6XKl1oRJ_aSOdurWQ,10
EXEVVUhd7a8,UCNFDDKoTezuSWbIjjHA76xQ,22
exM8Ny0Z4BI,UCckltLEhFLv8Xz_lQhYfwmg,25
exMbMBytOzI,UCgnFSj7jQffD5V5m05j4dPw,22
Exq8_Rhb4R4,UCCK3OZi788Ok44K97WAhLKQ,25
exsPOTIPmuw,UCckltLEhFLv8Xz_lQhYfwmg,25
EXW0nlbP1XY,UCEa6e_J_Xs_GKCzG8Eq15Xw,24
EY3y0Hb2qDQ,UCETxOvOv9_44-CUzsPlzyxQ,28
EYb932X79cc,UCckltLEhFLv8Xz_lQhYfwmg,25
EyEv_7zdzt0,UCAapm4DhqB5ckqr61IGdTUw,22
eyf2z80dd-k,UCk6Bzr5M-8n_KN2guSmWmMw,22
eypSItPyl3g,UCckltLEhFLv8Xz_lQhYfwmg,25
eZAYarbm3BE,UC0CXMeU0432EMgBnlBaY_yA,27
ezmU28nBU2w,UCFPySgAumPBFo0VFf8hjCjw,2
eZpz-qUeC88,UCHQfFg_epoUK0htwmiUyzEQ,27
EZsA8Edh560,UCr8qGT-Mv9tdCo-aPr06REQ,1
EzStZ_oA5iI,UC8irIP66QzlZNVgqe4vwN9g,10
f_5XxHK1w4Y,UCt7aYc76HmITvYbbQlHyFnw,27
F_FJ3GRgk0Y,UCEmrzEYds6XN_7dd_5_XnrA,24
f_i8-SHDjyw,UCEoihco2ah097z2YwYOtojw,20
F_P1E3PWC8I,UC0CXMeU0432EMgBnlBaY_yA,27
F_r6mX4gwdE,UCCK3OZi788Ok44K97WAhLKQ,25
f_vutmdNHbY,UCwXfRdTtVeVnXXF4poaYw0Q,19
F-3bp1jMTpQ,UCkysZsPin4y9iQHS-QYygeQ,20
f-ABtvv_s08,UCgnFSj7jQffD5V5m05j4dPw,22
F-el1-3qm84,UCKEKf35apTUvSLs-c1DCekw,27
F-TbHPnK_Ic,UCOQAZV0vURpWMKTlAGVy8rQ,10
f0G0EWT5Sik,UCJsN1Mmx4GRA6sCYdfKqpSQ,28
f0XXXe_IRdI,UCCK3OZi788Ok44K97WAhLKQ,25
F1DwivWT60g,UCNyujDJFZqQml78mdpb2rNA,24
F1KFfyjFZko,UCjK3LREYZUrNKnk56Prhe4w,29
F1lBGrAawH0,UCEuz_HGv5er0LZsztjO4g5Q,24
F1LhcNsL5JA,UCkysZsPin4y9iQHS-QYygeQ,20
F1uMYeAspyU,UCn0XmAUFv6d2tofMFEesSNw,24
f1YFPZnEl_0,UCdTL_n9uC2_DlLX7ohcKpVQ,28
f22aF8bH-UI,UCfK5mYo5nvU4d4vkguhSn6Q,24
F2GKsnl_W8w,UCh9qXeL8eP3Txra2908xksg,10
f2TikGvUumM,UCglXlpWjIi95auM3umWWLdw,28
F2UWhLxYKD4,UCgnFSj7jQffD5V5m05j4dPw,22
f3GHoYd0qtY,UCRnC_XIuIVFKWphUcLd4MVA,27
f3VqwfjR-sk,UCaRBojHlDl24Tzh6Vt6dihQ,20
F41OxHyDZo4,UCDO8zlJiV9ZgaMMK2DyX1Dw,17
F4JszFKYmnE,UCHQfFg_epoUK0htwmiUyzEQ,27
f4kPIZbVZo0,UCFPySgAumPBFo0VFf8hjCjw,10
f52yQM_EUb4,UCckltLEhFLv8Xz_lQhYfwmg,25
F5gg9gDofgc,UC3C6rQHX8pkjSyOm-620k3w,28
F5IWD9wC-SI,UCCK3OZi788Ok44K97WAhLKQ,25
f5UBZZbu8_E,UCckltLEhFLv8Xz_lQhYfwmg,25
F5Wnn-jXZ3E,UCCK3OZi788Ok44K97WAhLKQ,25
F6HVKRHQt5E,UCgnFSj7jQffD5V5m05j4dPw,24
f6q6Gs31WCM,UCETxOvOv9_44-CUzsPlzyxQ,28
f6Rf2pnRa-U,UCgnFSj7jQffD5V5m05j4dPw,24
F6YUXYoix6I,UCKA7SQOUkD1_z5lr016Q70w,22
f7_qFG7_NLQ,UCKS1HX4moHCcDBZnM9k4giw,1
f7BjZC_FYao,UCCK3OZi788Ok44K97WAhLKQ,25
f7nd_rBIlrM,UC3C6rQHX8pkjSyOm-620k3w,28
f7opzdo9SWM,UCu7cGbQEMgGk8TD0ZYucM5g,27
f81BIGWN9Fs,UCAapm4DhqB5ckqr61IGdTUw,17
f8lcSor0HhA,UCckltLEhFLv8Xz_lQhYfwmg,25
F8Plf9cgAII,UCckltLEhFLv8Xz_lQhYfwmg,25
F9j3pHjpmA4,UC-ss1l2vO46QAgyCsPRIVDA,27
F9jJBQsSK34,UCvQoK_VN52NG9CwB7Tc9WZg,27
FA_8d6bBRnQ,UCCK3OZi788Ok44K97WAhLKQ,25
Fabo3rJxT7w,UCVmkgq5EQR_Dls3LG-wkrjw,28
fAIvZyVYD7I,UCglXlpWjIi95auM3umWWLdw,28
fajcAJ5xdlQ,UCYFn7BOOlmL21iNJ6q5IDfg,24
FAMVP_tm3NE,UCDdPJHmxHCJLH1sDyytCATw,22
fAR7Y3vLOV4,UC92h2ZVbLNazWe038DnzIUA,22
fasy4b-quGI,UC9ZdXR-RYydFqdIb1lqM4LQ,19
FbaTEqaFztw,UCjK3LREYZUrNKnk56Prhe4w,29
FbHpVyOPlfo,UCdY0SS4tZPdWdQ6m5bX-ZBg,24
fBIhY_xRl_g,UCOQAZV0vURpWMKTlAGVy8rQ,10
FBNxTLcMvCg,UCCK3OZi788Ok44K97WAhLKQ,25
FBSgpFZl2mU,UCDm4BW0Q5d-zASSuRyvPGXw,22
fbsL59z_wIA,UCkysZsPin4y9iQHS-QYygeQ,20
FBWE3gXH0AI,UCckltLEhFLv8Xz_lQhYfwmg,25
Fc_XGY8xNBw,UCe13xXtdfx_n0_z1qeXV6_g,10
fcCSdjO65D0,UCDO8zlJiV9ZgaMMK2DyX1Dw,17
FcCY3h3E6WI,UCNFDDKoTezuSWbIjjHA76xQ,22
fCeAjA2zqN8,UCAapm4DhqB5ckqr61IGdTUw,22
fcfjT_yIX-E,UCckltLEhFLv8Xz_lQhYfwmg,25
FcOA9XgBBDo,UCwKYO2L9xzLtWhSv4ncYCIA,19
FcSvTo9ow5M,UCckltLEhFLv8Xz_lQhYfwmg,25
fCWCrF4Vt_c,UC7301rstHsGPohgeR_kh8Pw,26
FCWDr_Saj0o,UCn0XmAUFv6d2tofMFEesSNw,24
FD_f5cqQORE,UC8irIP66QzlZNVgqe4vwN9g,10
fD4_ueD8qM0,UCEuz_HGv5er0LZsztjO4g5Q,24
fdjWuwkPRUk,UCCK3OZi788Ok44K97WAhLKQ,25
fDm2cCYveoM,UC-ss1l2vO46QAgyCsPRIVDA,27
FDo7MfPOiBE,UCQxq1x6XKl1oRJ_aSOdurWQ,10
fDQEikSYQGU,UCMQYRNX1Fg-HJ8Ey7Z3WPrA,24
FdsVDwDllBU,UCGkzF25IZBE1SF9ykM64xEA,24
FdZH4RqrDOA,UCCK3OZi788Ok44K97WAhLKQ,25
fECpfQ5iu3U,UCckltLEhFLv8Xz_lQhYfwmg,25
fEE5Mwgyx_M,UCckltLEhFLv8Xz_lQhYfwmg,25
FEemx7hDa5U,UCEuz_HGv5er0LZsztjO4g5Q,24
FeenWJlS9Jo,UC2Wq8OiU3P9sSRxHpFEe_0Q,22
FeiKCBE4jSw,UCU5WmQA3Ur1Yriw5pMqoBNQ,24
feLuHX_xxvw,UCgnFSj7jQffD5V5m05j4dPw,22
FEOXXo5F4N0,UCCK3OZi788Ok44K97WAhLKQ,25
fEv3janLfpI,UCKEKf35apTUvSLs-c1DCekw,27
feVvVb3QEjg,UCu_V8lfzyGspxP-LNFowW9w,10
ff44glyerxc,UCCK3OZi788Ok44K97WAhLKQ,25
fF5ZZtMz42Q,UCKS1HX4moHCcDBZnM9k4giw,1
FFLwsMB_8Dw,UCCK3OZi788Ok44K97WAhLKQ,25
FFNFUAqvffw,UCjK3LREYZUrNKnk56Prhe4w,29
FFRf_8GY7ko,UCRtAu8OVYVfuNZmTV-Ug0zA,27
FfYxOEfAzQw,UC92h2ZVbLNazWe038DnzIUA,22
Fg-UKIF7oAI,UCDm4BW0Q5d-zASSuRyvPGXw,22
fg81tsso8ks,UCAapm4DhqB5ckqr61IGdTUw,22
FgBK0aRHV9w,UCR5y9OV23c0jJ4RGwDvGnLw,27
fGSiacRkvwQ,UCgnFSj7jQffD5V5m05j4dPw,24
fgUrxSb58ic,UCCK3OZi788Ok44K97WAhLKQ,25
fgwDM94ReH8,UCETxOvOv9_44-CUzsPlzyxQ,28
fGWPBfN8XFE,UC0PdkCm3QlHJ8HdH4JeNirA,20
FGxh3FWFQV0,UC_wCgvTythKNffDZ0IQNvYQ,28
fgYtYZNgdT8,UCu_V8lfzyGspxP-LNFowW9w,10
Fh4Ds-JrMUo,UCCK3OZi788Ok44K97WAhLKQ,25
fH76QV0CklI,UCCK3OZi788Ok44K97WAhLKQ,25
fHfwHQP9GfU,UCd3VsafChPVXeIufCAzCprA,27
FHICjYRZEYY,UCdY0SS4tZPdWdQ6m5bX-ZBg,24
fHn0jEO9L-M,UCEjCyBoWP57QRkmFRz-aOGw,27
FHRgPEgHepA,UCckltLEhFLv8Xz_lQhYfwmg,25
fi7l0imJSBo,UCGc6e2-SXlGP_cKkV5H39Kg,27
fIaA4TCBqwk,UCNyujDJFZqQml78mdpb2rNA,24
fIC62mqjoUA,UCRtAu8OVYVfuNZmTV-Ug0zA,27
FiGkvygqSlc,UCwkHQPpM4IvsJZiIwW9_8Ng,22
fIi9dMo5LSs,UCglXlpWjIi95auM3umWWLdw,28
FijNm9-odMY,UC7hqTC-ChL-_PUKhctTt50A,19
fimZ71Js_fM,UC4UaWbUUwVvCxWNqhb4f16Q,22
FInQj3mqH1U,UCgnFSj7jQffD5V5m05j4dPw,22
fJlZMLnMZds,UCdTL_n9uC2_DlLX7ohcKpVQ,27
FJq38HnKI5k,UCu_V8lfzyGspxP-LNFowW9w,10
Fjq7ZdYPcm8,UCDm4BW0Q5d-zASSuRyvPGXw,22
fJr5nXI81pM,UCgnFSj7jQffD5V5m05j4dPw,22
fjSaffeJPSw,UCnirzf0fEAPfQV__61iwSQQ,20
FjsDu-HaSQk,UCrjQG1gLZ4cDwIzrGA5pRBw,22
FjWURcURsZo,UCCK3OZi788Ok44K97WAhLKQ,25
fjz5ULheyKE,UCmqflTSJ6911aCrnaWIXxsA,24
fK1OBmGWZuk,UCvQoK_VN52NG9CwB7Tc9WZg,27
fKcv2rSuSLA,UCt7aYc76HmITvYbbQlHyFnw,27
FkD4z--95lw,UCckltLEhFLv8Xz_lQhYfwmg,25
FkdDHNbIm_M,UCCK3OZi788Ok44K97WAhLKQ,25
FKnr43MX8Iw,UCR5y9OV23c0jJ4RGwDvGnLw,27
FkqIikgv0P8,UCCK3OZi788Ok44K97WAhLKQ,25
fkQMpEGBtbQ,UCU5WmQA3Ur1Yriw5pMqoBNQ,24
fl-jMQviG0Y,UCOQAZV0vURpWMKTlAGVy8rQ,10
FL-R7lSeKNU,UCgnFSj7jQffD5V5m05j4dPw,22
fL8wGunIfRM,UCAapm4DhqB5ckqr61IGdTUw,20
fLbUTwKL3Dw,UCKA7SQOUkD1_z5lr016Q70w,22
FlGPpiInyng,UCBR9iW2qo_7LP9_9u3A2ZeQ,20
FlqZwdyoRbw,UCckltLEhFLv8Xz_lQhYfwmg,25
FlVnszF7KcM,UCCK3OZi788Ok44K97WAhLKQ,25
fMlTBYYJ10s,UCckltLEhFLv8Xz_lQhYfwmg,25
FMnGiIk5Jlw,UC-ss1l2vO46QAgyCsPRIVDA,27
fMT8wvXUmt8,UCckltLEhFLv8Xz_lQhYfwmg,25
fn99DyPEkT0,UCKS1HX4moHCcDBZnM9k4giw,1
fNbKkjF98Tk,UCs_mHlm5_C82W5WCIJaSMbQ,22
FnlTa1jV-Vk,UCgnFSj7jQffD5V5m05j4dPw,22
FoaIRfB7PqI,UC4UaWbUUwVvCxWNqhb4f16Q,22
fOBf5ol8SAc,UCMQYRNX1Fg-HJ8Ey7Z3WPrA,24
fOFT2YKvSeQ,UCltN1illHSguno1gokRShxA,26
FogR4OsRUDc,UC3C6rQHX8pkjSyOm-620k3w,28
foJ_Ns3tTCg,UCgnFSj7jQffD5V5m05j4dPw,22
foLY0bdGNxg,UCCK3OZi788Ok44K97WAhLKQ,25
fomzNRe_R3E,UCm-TY_JakK4dHAwF6QqcZSg,20
FOOQ2Pl_oYg,UCR0Bia1mQ7NQp31WWNhoFnw,20
foubAsIGur8,UCckltLEhFLv8Xz_lQhYfwmg,25
fowTM5FAZC4,UCCK3OZi788Ok44K97WAhLKQ,25
fOyLQT7C3YQ,UCDO8zlJiV9ZgaMMK2DyX1Dw,17
FpbfihVvhIA,UCCK3OZi788Ok44K97WAhLKQ,25
FPIxxza-B7E,UCfK5mYo5nvU4d4vkguhSn6Q,24
FPX6vvgdOOk,UCckltLEhFLv8Xz_lQhYfwmg,25
fpzYG-nySCg,UCF5efTIgHxLMduJeMLdbbUw,10
FQ4uFhwrZow,UCm-TY_JakK4dHAwF6QqcZSg,20
FQno6ljgoPE,UCIWNVlovGKqnOhJ2eRC_xfg,10
fqpG0qB55PQ,UCCK3OZi788Ok44K97WAhLKQ,25
Fr52HiOGGyw,UCKS1HX4moHCcDBZnM9k4giw,1
fR8ihseXxTU,UCckltLEhFLv8Xz_lQhYfwmg,25
FRf8Kd-sSbs,UCckltLEhFLv8Xz_lQhYfwmg,25
FRGhDIvkpXQ,UC-ss1l2vO46QAgyCsPRIVDA,27
FRGNAS_apeU,UCnirzf0fEAPfQV__61iwSQQ,20
frNUT0MjTec,UCCK3OZi788Ok44K97WAhLKQ,25
frO2U0cctgU,UCdY0SS4tZPdWdQ6m5bX-ZBg,24
FROFjOr0xNU,UCkysZsPin4y9iQHS-QYygeQ,20
FrsNUQzlGXk,UCckltLEhFLv8Xz_lQhYfwmg,25
fRuMoh41pUU,UCHQfFg_epoUK0htwmiUyzEQ,27
frxkxmtJ-SY,UCckltLEhFLv8Xz_lQhYfwmg,25
fS4Le-6jcmE,UCcrktZCp1tY9eDqrk6fMrsA,24
FS9ktzc_LN4,UCCK3OZi788Ok44K97WAhLKQ,25
fSbYTpDdOYw,UCcrktZCp1tY9eDqrk6fMrsA,24
fsCcsqz3G4M,UC3C6rQHX8pkjSyOm-620k3w,28
fSlJ4L-A1uY,UCWqN5l7FwMO6-gT8Dg9mx5A,22
FsUEAkZP9x4,UCRnC_XIuIVFKWphUcLd4MVA,27
fTEx6-2yYDw,UCgnFSj7jQffD5V5m05j4dPw,22
ftmiDy7LqYk,UC9ZdXR-RYydFqdIb1lqM4LQ,19
FtPV5fRjiYM,UC0CXMeU0432EMgBnlBaY_yA,27
FTq0uxpV84M,UCu7cGbQEMgGk8TD0ZYucM5g,27
FtQCAPImWVw,UCckltLEhFLv8Xz_lQhYfwmg,25
FtZx3lYE0uQ,UCMeObxIFpmRVL22ZpL4ME9g,22
FU8KhaCtWdU,UCckltLEhFLv8Xz_lQhYfwmg,25
fUdyDQ83w_I,UCglXlpWjIi95auM3umWWLdw,28
fuOAnFovxFY,UCNFDDKoTezuSWbIjjHA76xQ,22
fUU0xpo3inM,UCCK3OZi788Ok44K97WAhLKQ,25
fvEcMptQsEQ,UCc8W1zUTmtNqXIhOHxPIAuw,27
FW3G2DGBFME,UCckltLEhFLv8Xz_lQhYfwmg,25
fWAuoVBMkpk,UCFPySgAumPBFo0VFf8hjCjw,10
fwcadh4qfw8,UCCK3OZi788Ok44K97WAhLKQ,25
fWmYKxrICJI,UCCK3OZi788Ok44K97WAhLKQ,25
fWPLEsqqfGU,UCu_V8lfzyGspxP-LNFowW9w,10
fWYP7c1lhFU,UCAapm4DhqB5ckqr61IGdTUw,20
FX-KetXfXFo,UCk6Bzr5M-8n_KN2guSmWmMw,22
fx1U_d885Pg,UCs_mHlm5_C82W5WCIJaSMbQ,22
Fxm2LvEvnkk,UCU5WmQA3Ur1Yriw5pMqoBNQ,24
fxpM571QI6w,UC1Q3UfVjchyhbtyJXc_mu5w,24
fXRCU-eSwPM,UCrjQG1gLZ4cDwIzrGA5pRBw,22
FxTd6QYptlw,UCU5WmQA3Ur1Yriw5pMqoBNQ,24
FXwDDxSeXmw,UC9ZdXR-RYydFqdIb1lqM4LQ,19
FxWY6N6EFrE,UCgnFSj7jQffD5V5m05j4dPw,22
fy-24foqzsE,UCKS1HX4moHCcDBZnM9k4giw,1
FyEIpFfzTn4,UCCK3OZi788Ok44K97WAhLKQ,25
fYzBD-YJKBg,UCKA7SQOUkD1_z5lr016Q70w,22
Fz0f-w5P7fE,UCnY7v189bwoSTFFYD_PNWhQ,27
FZCB0NFfUbY,UCR5y9OV23c0jJ4RGwDvGnLw,27
FZfeHme7LdA,UCe13xXtdfx_n0_z1qeXV6_g,10
FZG7kMVgkNo,UCmqflTSJ6911aCrnaWIXxsA,24
FZI3ss4jD9U,UCrjQG1gLZ4cDwIzrGA5pRBw,22
fzKcjQjIDN8,UCckltLEhFLv8Xz_lQhYfwmg,25
FZrzU2wqmIo,UCCK3OZi788Ok44K97WAhLKQ,25
fzsAvCil5sc,UCVmkgq5EQR_Dls3LG-wkrjw,28
G_-aLgtFuaM,UCJsN1Mmx4GRA6sCYdfKqpSQ,28
g_gnD-o4fr8,UCCK3OZi788Ok44K97WAhLKQ,25
g_I4Q9RxAkQ,UCKA7SQOUkD1_z5lr016Q70w,22
G_UgpUjIZQ8,UCckltLEhFLv8Xz_lQhYfwmg,25
g_V1U3reRQ8,UCRJPCCeeEsLiZkCjWlulDCg,22
G-m7TuPsYLo,UCDO8zlJiV9ZgaMMK2DyX1Dw,17
g-Rh5Hu5ZvI,UCgnFSj7jQffD5V5m05j4dPw,22
g00EhndCFQU,UCckltLEhFLv8Xz_lQhYfwmg,25
G03xUXmLrMk,UC-ss1l2vO46QAgyCsPRIVDA,27
g09B2h2zDzw,UCgnFSj7jQffD5V5m05j4dPw,22
g0X1oZUtI24,UCCK3OZi788Ok44K97WAhLKQ,25
G1oFOc3oxTg,UCe13xXtdfx_n0_z1qeXV6_g,10
G2c1RH1PkaM,UC0PdkCm3QlHJ8HdH4JeNirA,20
G2TJE4tKNB0,UCh9qXeL8eP3Txra2908xksg,10
G35hvjkt6S8,UCCK3OZi788Ok44K97WAhLKQ,25
g3dv2lRWg2A,UCCK3OZi788Ok44K97WAhLKQ,25
g3I2BAO2POA,UCckltLEhFLv8Xz_lQhYfwmg,25
g3NLgl4E93M,UCckltLEhFLv8Xz_lQhYfwmg,25
g3rE3AT3Mpg,UCFPySgAumPBFo0VFf8hjCjw,10
G41teVTYzxo,UCMQYRNX1Fg-HJ8Ey7Z3WPrA,24
g4Xgyh72wAk,UCETxOvOv9_44-CUzsPlzyxQ,28
g4xuKqYCD4k,UCc8W1zUTmtNqXIhOHxPIAuw,27
G511fNnAJ2s,UCh9qXeL8eP3Txra2908xksg,10
g52tJ3Lbllc,UCCK3OZi788Ok44K97WAhLKQ,25
G5kawF_7hM0,UCDm4BW0Q5d-zASSuRyvPGXw,22
G5RJNbP85ng,UCNFDDKoTezuSWbIjjHA76xQ,22
g5xHiQsHQBs,UCBR9iW2qo_7LP9_9u3A2ZeQ,20
g69q_8aCguo,UCmqflTSJ6911aCrnaWIXxsA,24
G6FEswYAaj4,UCFPySgAumPBFo0VFf8hjCjw,10
g6iMdRQFUGE,UCckltLEhFLv8Xz_lQhYfwmg,25
g6sixOVg8Ks,UCgnFSj7jQffD5V5m05j4dPw,22
g77qAGZ0JCA,UCu7cGbQEMgGk8TD0ZYucM5g,27
g79sP_u3OSU,UCckltLEhFLv8Xz_lQhYfwmg,25
G8-8TDTWe3c,UCR0Bia1mQ7NQp31WWNhoFnw,22
g8-jxQwuuvs,UC7301rstHsGPohgeR_kh8Pw,26
G84g7ER_pCA,UCu7cGbQEMgGk8TD0ZYucM5g,27
G86erKQ70Eg,UCckltLEhFLv8Xz_lQhYfwmg,25
g8fS3g5ijuo,UCAapm4DhqB5ckqr61IGdTUw,22
G8FSp_qL_N8,UCCK3OZi788Ok44K97WAhLKQ,25
g8h052oWeFk,UC7301rstHsGPohgeR_kh8Pw,26
g9_g4zZcnXU,UCU5WmQA3Ur1Yriw5pMqoBNQ,24
G9-0oN9CnwU,UCCK3OZi788Ok44K97WAhLKQ,25
Ga0DbMxPEzc,UCETxOvOv9_44-CUzsPlzyxQ,28
gA1l_ocFiv4,UCCK3OZi788Ok44K97WAhLKQ,25
GAfsfsfRl90,UCDO8zlJiV9ZgaMMK2DyX1Dw,17
gaFV8GXsBv4,UCEoihco2ah097z2YwYOtojw,20
gAqOqwwibFk,UCEa6e_J_Xs_GKCzG8Eq15Xw,24
gAU-wGpDSFU,UCckltLEhFLv8Xz_lQhYfwmg,25
gb76c3wR17s,UCFPySgAumPBFo0VFf8hjCjw,10
GbSkUZhBqv4,UCwkHQPpM4IvsJZiIwW9_8Ng,22
gChiuPkA4-M,UCckltLEhFLv8Xz_lQhYfwmg,25
GCJjzdEljug,UCYG2PZN2DImFqoTcj983iqA,24
gCorQN4YONE,UCckltLEhFLv8Xz_lQhYfwmg,25
gCsTMMsw4kw,UCETxOvOv9_44-CUzsPlzyxQ,28
gCXMyc3x9ps,UCn0XmAUFv6d2tofMFEesSNw,24
gD7duFmLUyQ,UCKS1HX4moHCcDBZnM9k4giw,1
gdB9ShtDzNU,UCgnFSj7jQffD5V5m05j4dPw,22
GDcNsZsH_U0,UCYG2PZN2DImFqoTcj983iqA,24
gDk4TU-t_60,UCckltLEhFLv8Xz_lQhYfwmg,25
GDm2ca2CigE,UCDO8zlJiV9ZgaMMK2DyX1Dw,17
gE7V7pbxHAA,UCwKYO2L9xzLtWhSv4ncYCIA,22
gEBxVJtAlPw,UCrjQG1gLZ4cDwIzrGA5pRBw,22
gEfKDp42vbI,UCckltLEhFLv8Xz_lQhYfwmg,25
GEJ-ly7au20,UCEjCyBoWP57QRkmFRz-aOGw,27
gEVHbxFLwDU,UCEUSUxrhCt4n0Pp9WB7q7-w,24
GEVVA5cMzfM,UC1Q3UfVjchyhbtyJXc_mu5w,24
GFg1qZscOJc,UCYFn7BOOlmL21iNJ6q5IDfg,24
gFLO3CFRClI,UC92h2ZVbLNazWe038DnzIUA,22
gFNnd16BMyE,UCHQfFg_epoUK0htwmiUyzEQ,27
gFODsHWS1x4,UCDdPJHmxHCJLH1sDyytCATw,22
GfubpXs6P40,UCu_V8lfzyGspxP-LNFowW9w,10
GfydykINfNE,UCk6Bzr5M-8n_KN2guSmWmMw,22
gg6PLtg5fWQ,UCglXlpWjIi95auM3umWWLdw,28
GgAwndHNYy8,UCltN1illHSguno1gokRShxA,26
ggIpv8lM-f8,UCEUSUxrhCt4n0Pp9WB7q7-w,24
ggntgY_kaiY,UCiOEgWwAKbfrVb795hqQc9A,24
GGVMuTzgUsY,UCcrktZCp1tY9eDqrk6fMrsA,24
Gh6Q_q5rCYU,UCCK3OZi788Ok44K97WAhLKQ,25
GHBHwFHDwkc,UCEmrzEYds6XN_7dd_5_XnrA,24
GhTEatZVhdc,UCRtAu8OVYVfuNZmTV-Ug0zA,27
gHujdEpKbes,UCNFDDKoTezuSWbIjjHA76xQ,22
GiagLUz2_HA,UCvQoK_VN52NG9CwB7Tc9WZg,27
GigY4b8F2tI,UCR0Bia1mQ7NQp31WWNhoFnw,24
GIjp_adN-qQ,UCuc40qp1ZKB_ZbDw9iml8Kg,22
gimpJi6xy94,UCGkzF25IZBE1SF9ykM64xEA,24
GipGkdAd86o,UC_BPD0TBnFtRExZOhIFEQYQ,20
gIrwWkFp3h8,UCckltLEhFLv8Xz_lQhYfwmg,25
Giv5XyjMNlc,UCwKYO2L9xzLtWhSv4ncYCIA,2
Gj2E_GSxuqo,UCdY0SS4tZPdWdQ6m5bX-ZBg,24
gjCO1oDL7BY,UCCK3OZi788Ok44K97WAhLKQ,25
GJdBRxSg3PU,UC6lDrxy3lS4LNRuuBtryqpQ,22
GJEOO0rUJ14,UCVmkgq5EQR_Dls3LG-wkrjw,28
gjKs4UzrR_Q,UCNFDDKoTezuSWbIjjHA76xQ,22
GjUNCf4HGQQ,UCNyujDJFZqQml78mdpb2rNA,24
Gk_6aRC0vwY,UCR0Bia1mQ7NQp31WWNhoFnw,24
gK1Rj2sKizo,UCckltLEhFLv8Xz_lQhYfwmg,25
GK5ryTt5nH4,UCKS1HX4moHCcDBZnM9k4giw,1
GK89y2c5sA4,UCcpCelkp30ukU3ZKUXsU25g,24
GKa5Yk1fbas,UCR0Bia1mQ7NQp31WWNhoFnw,24
gkczstHYiSo,UCNFDDKoTezuSWbIjjHA76xQ,22
gKiv2ot3-Eg,UCRtAu8OVYVfuNZmTV-Ug0zA,27
gkm5yX_37g4,UC1Q3UfVjchyhbtyJXc_mu5w,24
gko92sxo6II,UCCK3OZi788Ok44K97WAhLKQ,25
Gkx7_CoHiI0,UCRnC_XIuIVFKWphUcLd4MVA,27
GKxjOuDUFkI,UC0PdkCm3QlHJ8HdH4JeNirA,20
gkZohmRYH9I,UCltN1illHSguno1gokRShxA,26
Gl5RFFJYm-4,UCQxq1x6XKl1oRJ_aSOdurWQ,10
GLclQfQHdR8,UCCK3OZi788Ok44K97WAhLKQ,25
GLirNiRmLGM,UCdTL_n9uC2_DlLX7ohcKpVQ,28
glYFYagxfZ8,UCiOEgWwAKbfrVb795hqQc9A,24
GmbaKXm_n0Y,UCR0Bia1mQ7NQp31WWNhoFnw,20
GmjMIMwnzXk,UCgnFSj7jQffD5V5m05j4dPw,22
gMktZtpo0KU,UCh9qXeL8eP3Txra2908xksg,10
gMriCU9OYOY,UC0PdkCm3QlHJ8HdH4JeNirA,20
gMVRdJjH828,UC9ZdXR-RYydFqdIb1lqM4LQ,19
GMW5Srm3Dto,UCYG2PZN2DImFqoTcj983iqA,24
GnBrARhhmIk,UCckltLEhFLv8Xz_lQhYfwmg,25
GnLIWRjkz8g,UCd3VsafChPVXeIufCAzCprA,27
gO38MhZPogA,UC3C6rQHX8pkjSyOm-620k3w,28
gO8ZouVZn8U,UCHQfFg_epoUK0htwmiUyzEQ,27
GOIGGNmoUNM,UCk6Bzr5M-8n_KN2guSmWmMw,24
gOM_b6UR_UY,UCVwbUjoiTUXxeVjsxW9Kwng,10
GONDgZgzOG0,UCTb1H9XUOHjqA9hVvxCht0w,22
GOP07Ic4q6M,UCrjQG1gLZ4cDwIzrGA5pRBw,22
gPfrff4toj8,UCCK3OZi788Ok44K97WAhLKQ,25
gpGeRgKzuDk,UC-ss1l2vO46QAgyCsPRIVDA,27
gPIr1nocAt0,UCckltLEhFLv8Xz_lQhYfwmg,25
GPLsDp1r9kI,UCckltLEhFLv8Xz_lQhYfwmg,25
gppgfquHvwg,UC6lDrxy3lS4LNRuuBtryqpQ,22
gpZdZw3X2AA,UC7301rstHsGPohgeR_kh8Pw,26
gQ1g7svCj04,UCt7aYc76HmITvYbbQlHyFnw,27
GQ3pqks0E4Q,UCc8W1zUTmtNqXIhOHxPIAuw,27
GQDmwLrRkGM,UCckltLEhFLv8Xz_lQhYfwmg,25
gQow7pnqggU,UCwkHQPpM4IvsJZiIwW9_8Ng,22
gqvXiMIL5bA,UCEoihco2ah097z2YwYOtojw,20
GQWgXMBQU0w,UCCK3OZi788Ok44K97WAhLKQ,25
gQzbivFGifY,UC8irIP66QzlZNVgqe4vwN9g,10
Gqzo8RvfvK0,UCckltLEhFLv8Xz_lQhYfwmg,25
gr_45jwaVDc,UC7301rstHsGPohgeR_kh8Pw,26
Gr54a65Z95c,UCKA7SQOUkD1_z5lr016Q70w,22
gr6Akxp3R7o,UCEoihco2ah097z2YwYOtojw,20
GRAZQmqmwoI,UCDm4BW0Q5d-zASSuRyvPGXw,22
grJt9KWFziE,UCn0XmAUFv6d2tofMFEesSNw,24
GrpngvNq4YY,UC1Q3UfVjchyhbtyJXc_mu5w,24
GRT4ABia6BY,UCMQYRNX1Fg-HJ8Ey7Z3WPrA,24
grW6CAr6WKY,UCwKYO2L9xzLtWhSv4ncYCIA,22
grwlQ8SQJn0,UCMeObxIFpmRVL22ZpL4ME9g,22
GRZDMo-g-UY,UCGN3TM5lZQ1DAvMwI1LIc8Q,27
gs8AJx443Zw,UCrjQG1gLZ4cDwIzrGA5pRBw,22
gs8pdj5h4Gk,UCEuz_HGv5er0LZsztjO4g5Q,24
GSCHFTRCraQ,UCETxOvOv9_44-CUzsPlzyxQ,28
gSHWxuo7M9w,UCU5WmQA3Ur1Yriw5pMqoBNQ,24
gsjjhSP2jhw,UCglXlpWjIi95auM3umWWLdw,28
gskxj55iv8I,UCHQfFg_epoUK0htwmiUyzEQ,27
gsqB9-OlLc0,UCnY7v189bwoSTFFYD_PNWhQ,27
gSTZ2RMUFSw,UCd3VsafChPVXeIufCAzCprA,27
GTCs77G6O6M,UC0PdkCm3QlHJ8HdH4JeNirA,20
gTDPLAEqxIw,UCiOEgWwAKbfrVb795hqQc9A,24
GTEITMC-nJA,UCWqN5l7FwMO6-gT8Dg9mx5A,22
GtqdGhQQbhQ,UCt7aYc76HmITvYbbQlHyFnw,27
GTsO5ImzMSs,UCltN1illHSguno1gokRShxA,26
gTsQxDoZvmE,UCmqflTSJ6911aCrnaWIXxsA,24
GU60ZNpSnnk,UCh9qXeL8eP3Txra2908xksg,10
gub0nuro_Ak,UCgnFSj7jQffD5V5m05j4dPw,22
gUbRSCItdj8,UCuc40qp1ZKB_ZbDw9iml8Kg,22
GufykAeW-Ws,UCltN1illHSguno1gokRShxA,26
gUg0AaA9B5Y,UCWqN5l7FwMO6-gT8Dg9mx5A,22
GUnGsjXq224,UCQxq1x6XKl1oRJ_aSOdurWQ,10
GUoAu3xt6HI,UCgnFSj7jQffD5V5m05j4dPw,22
GUWfxDZV7_Q,UCGN3TM5lZQ1DAvMwI1LIc8Q,27
guzh8v-fx2o,UC4UaWbUUwVvCxWNqhb4f16Q,22
GV7ri5pYXG0,UCCK3OZi788Ok44K97WAhLKQ,25
gVBfNybkwY0,UCgnFSj7jQffD5V5m05j4dPw,22
GVd7-spvLzc,UC6lDrxy3lS4LNRuuBtryqpQ,22
GVElfIV5ISQ,UCu_V8lfzyGspxP-LNFowW9w,10
GVfW8Zc6Sj8,UCaRBojHlDl24Tzh6Vt6dihQ,20
gVGCElKnLNs,UCmqflTSJ6911aCrnaWIXxsA,24
gvgTc4wwnKw,UCckltLEhFLv8Xz_lQhYfwmg,25
gvLVjbqiNdU,UCRnC_XIuIVFKWphUcLd4MVA,27
gWaVfl1vi_0,UCgnFSj7jQffD5V5m05j4dPw,22
gwHViyERNTU,UCRtAu8OVYVfuNZmTV-Ug0zA,27
gWjKICdh4Lg,UCMQYRNX1Fg-HJ8Ey7Z3WPrA,24
gwjP5cupiC4,UCNFDDKoTezuSWbIjjHA76xQ,22
GWNencM6QKA,UCm-TY_JakK4dHAwF6QqcZSg,20
Gwrh0XXWHvI,UCckltLEhFLv8Xz_lQhYfwmg,25
gWUXAdOT66g,UCGkzF25IZBE1SF9ykM64xEA,24
gXDFhOjt-pI,UCEmrzEYds6XN_7dd_5_XnrA,24
gxjqteKG4yI,UCJsN1Mmx4GRA6sCYdfKqpSQ,28
GXUW985XE-c,UCDm4BW0Q5d-zASSuRyvPGXw,22
GXWlqpvPIB4,UCgnFSj7jQffD5V5m05j4dPw,22
gxx1KYei6k0,UCkysZsPin4y9iQHS-QYygeQ,20
Gy6OA4RaG4E,UC3C6rQHX8pkjSyOm-620k3w,28
GYc4rc8kku0,UCcpCelkp30ukU3ZKUXsU25g,24
GyDKSKrO0G4,UC0CXMeU0432EMgBnlBaY_yA,27
gYnybx9sFEo,UCOQAZV0vURpWMKTlAGVy8rQ,10
GYV_jLOQgtY,UCNyujDJFZqQml78mdpb2rNA,24
GYV1dJ6UyCM,UCCK3OZi788Ok44K97WAhLKQ,25
gYYNQ7q1DyM,UCckltLEhFLv8Xz_lQhYfwmg,25
GZCfT3lMFZo,UCgnFSj7jQffD5V5m05j4dPw,22
GZtYtTXmrsw,UCWqN5l7FwMO6-gT8Dg9mx5A,22
h_orQ_z-LbU,UCckltLEhFLv8Xz_lQhYfwmg,25
h0eaIQLlKuI,UCTb1H9XUOHjqA9hVvxCht0w,10
H0resBbs3WA,UCckltLEhFLv8Xz_lQhYfwmg,25
h0uv-o5UKOc,UCckltLEhFLv8Xz_lQhYfwmg,25
H1ev42kFJY0,UC2Wq8OiU3P9sSRxHpFEe_0Q,22
h1imyIcR3mM,UCu_V8lfzyGspxP-LNFowW9w,10
H24mtgSn7Vg,UCwXfRdTtVeVnXXF4poaYw0Q,19
h2rkiuYWLJ4,UCckltLEhFLv8Xz_lQhYfwmg,25
H31e86ypy6c,UCgnFSj7jQffD5V5m05j4dPw,22
h39VrQr3gog,UCvQoK_VN52NG9CwB7Tc9WZg,27
H3dwNSME2ms,UCEjCyBoWP57QRkmFRz-aOGw,27
H3jd68gwPzM,UCCK3OZi788Ok44K97WAhLKQ,25
h3MhcrBdCLM,UCdY0SS4tZPdWdQ6m5bX-ZBg,24
H3vgf0GUqBI,UCEUSUxrhCt4n0Pp9WB7q7-w,27
H446ToeLNGQ,UCGN3TM5lZQ1DAvMwI1LIc8Q,27
h4DcuvwoVtk,UCR5y9OV23c0jJ4RGwDvGnLw,27
h4nHr8dD9h4,UCCK3OZi788Ok44K97WAhLKQ,25
h4tmcnu9ziQ,UCu7cGbQEMgGk8TD0ZYucM5g,27
h4ugjYTSMK8,UCEjCyBoWP57QRkmFRz-aOGw,27
H4Wt7ESrSro,UCd3VsafChPVXeIufCAzCprA,27
h4YYZ3YBPwY,UCkysZsPin4y9iQHS-QYygeQ,20
h6GVls4IDTo,UCkysZsPin4y9iQHS-QYygeQ,20
H6mhrSDH3-8,UCu7cGbQEMgGk8TD0ZYucM5g,27
H75IPxdY5Gg,UCcrktZCp1tY9eDqrk6fMrsA,24
h7nU9kAJnLM,UCYFn7BOOlmL21iNJ6q5IDfg,24
H7RIYVIskew,UCDdPJHmxHCJLH1sDyytCATw,22
H7S3B-Q7ZQ8,UCn0XmAUFv6d2tofMFEesSNw,24
H7xMKaQMb14,UCVwbUjoiTUXxeVjsxW9Kwng,10
h8DUerae-9w,UCBR9iW2qo_7LP9_9u3A2ZeQ,20
h8Hdf9XTmi8,UC9ZdXR-RYydFqdIb1lqM4LQ,19
h8HtYPxmpNU,UCgnFSj7jQffD5V5m05j4dPw,22
h8nVSdYGkVw,UCc8W1zUTmtNqXIhOHxPIAuw,20
h8q2QlcoE00,UCRnC_XIuIVFKWphUcLd4MVA,27
H8S9eWH9M0c,UCgnFSj7jQffD5V5m05j4dPw,22
h9kPHBjvpDQ,UCCK3OZi788Ok44K97WAhLKQ,25
H9uGT4NjVJU,UCCK3OZi788Ok44K97WAhLKQ,25
hA4Q03n6RzA,UCfK5mYo5nvU4d4vkguhSn6Q,24
HaC57Pr31tE,UCglXlpWjIi95auM3umWWLdw,28
HApLnUerT00,UCe13xXtdfx_n0_z1qeXV6_g,10
HAS7zwJ6x1k,UCfK5mYo5nvU4d4vkguhSn6Q,24
Haz-UjVpgJM,UCckltLEhFLv8Xz_lQhYfwmg,25
hB-x8v3TYXo,UCDdPJHmxHCJLH1sDyytCATw,22
hb927qPudbc,UCBR9iW2qo_7LP9_9u3A2ZeQ,20
hbGsDsmJGho,UCETxOvOv9_44-CUzsPlzyxQ,28
hbqmVsCcJE0,UCMeObxIFpmRVL22ZpL4ME9g,22
hbRjgzOjbT8,UCgnFSj7jQffD5V5m05j4dPw,24
HbzCRcMKGiA,UCgnFSj7jQffD5V5m05j4dPw,22
hc1IN3kRoAs,UCckltLEhFLv8Xz_lQhYfwmg,25
hcBahFWjZv8,UCcpCelkp30ukU3ZKUXsU25g,10
HCpXCSNNaiQ,UCGN3TM5lZQ1DAvMwI1LIc8Q,27
hcS_ibkNo-c,UCWqN5l7FwMO6-gT8Dg9mx5A,22
hcVYsK5izZY,UC7hqTC-ChL-_PUKhctTt50A,19
hD30j_jtQLI,UC92h2ZVbLNazWe038DnzIUA,22
hd731VC8tk0,UCe13xXtdfx_n0_z1qeXV6_g,10
HDa05oF-JNs,UCJsN1Mmx4GRA6sCYdfKqpSQ,10
hdazHTra3ZY,UCglXlpWjIi95auM3umWWLdw,28
hddlbesMHRk,UCgnFSj7jQffD5V5m05j4dPw,22
HDE3UMknDoo,UCKEKf35apTUvSLs-c1DCekw,27
hDEQxMx3fVM,UCu7cGbQEMgGk8TD0ZYucM5g,27
hdJrK5e_0-k,UC1Q3UfVjchyhbtyJXc_mu5w,24
HEbF9G4fpEk,UC-ss1l2vO46QAgyCsPRIVDA,27
Hekbk_LHl-I,UCckltLEhFLv8Xz_lQhYfwmg,25
hEkdP2_rbgk,UCgnFSj7jQffD5V5m05j4dPw,25
hEl0Md9huVQ,UCgnFSj7jQffD5V5m05j4dPw,22
hEmQov19iOU,UCDdPJHmxHCJLH1sDyytCATw,22
HeVUo2IJapA,UC9ZdXR-RYydFqdIb1lqM4LQ,19
hfhtzPiIxcg,UCckltLEhFLv8Xz_lQhYfwmg,25
hFIkKBvH7po,UCR5y9OV23c0jJ4RGwDvGnLw,27
HFKoIEXxsFE,UC7hqTC-ChL-_PUKhctTt50A,19
hFr_wIbB79E,UC1Q3UfVjchyhbtyJXc_mu5w,24
hFSP_oQY-xM,UCCK3OZi788Ok44K97WAhLKQ,25
HFtZp05pjKs,UC1Q3UfVjchyhbtyJXc_mu5w,24
HFucpBaSoLU,UCcpCelkp30ukU3ZKUXsU25g,24
Hfv49X5MYW8,UCckltLEhFLv8Xz_lQhYfwmg,25
HFvt9feHdxw,UCVwbUjoiTUXxeVjsxW9Kwng,10
HfwrNn0-s2o,UCgnFSj7jQffD5V5m05j4dPw,22
HfyWxJZW7mE,UCAapm4DhqB5ckqr61IGdTUw,22
hgCsygjofhE,UCn0XmAUFv6d2tofMFEesSNw,24
hghbS2zU2_Q,UCMQYRNX1Fg-HJ8Ey7Z3WPrA,24
hGNfROwBxkg,UCh9qXeL8eP3Txra2908xksg,10
hgNrMwwQJzk,UCCK3OZi788Ok44K97WAhLKQ,25
HgUqkMyZ83s,UCgnFSj7jQffD5V5m05j4dPw,22
hh8J2wCaYzA,UCNyujDJFZqQml78mdpb2rNA,24
hhWCkvOD7Os,UCiOEgWwAKbfrVb795hqQc9A,24
HhYwS6qdJkQ,UC2Wq8OiU3P9sSRxHpFEe_0Q,22
hI07O5nVSnU,UCkysZsPin4y9iQHS-QYygeQ,20
Hi0kBRsrmhs,UC3C6rQHX8pkjSyOm-620k3w,28
hI0td7_Qe0U,UCYG2PZN2DImFqoTcj983iqA,24
hIdDZjcJ1MM,UCmqflTSJ6911aCrnaWIXxsA,24
HIh9_XXrWTw,UCNFDDKoTezuSWbIjjHA76xQ,22
HIMwOpzicjg,UCfK5mYo5nvU4d4vkguhSn6Q,24
hioLeRLPsTw,UCBR9iW2qo_7LP9_9u3A2ZeQ,20
hiT_NRYGKRM,UCu_V8lfzyGspxP-LNFowW9w,10
hiy16w7CDAs,UCCK3OZi788Ok44K97WAhLKQ,25
HJ0tiRxH7T0,UCCK3OZi788Ok44K97WAhLKQ,25
HJ9idmV-tUc,UCwKYO2L9xzLtWhSv4ncYCIA,22
HJadN-3Npbc,UC6lDrxy3lS4LNRuuBtryqpQ,22
hjblErgQ4SI,UCR0Bia1mQ7NQp31WWNhoFnw,24
HjDmnVPwE8U,UCRJPCCeeEsLiZkCjWlulDCg,22
hjIlffTDhMY,UCGc6e2-SXlGP_cKkV5H39Kg,27
hJjTsTgaBsE,UCKA7SQOUkD1_z5lr016Q70w,22
HJOob1uyRDM,UCcpCelkp30ukU3ZKUXsU25g,22
HJOqYE_KdKU,UCwXfRdTtVeVnXXF4poaYw0Q,19
hjRVsiJ04Co,UCmqflTSJ6911aCrnaWIXxsA,24
HJrx07OuIVo,UCt7aYc76HmITvYbbQlHyFnw,27
hjRXbPq4vuI,UCDdPJHmxHCJLH1sDyytCATw,22
hJsegpu60Fc,UCckltLEhFLv8Xz_lQhYfwmg,25
hjvETPmxti0,UCn0XmAUFv6d2tofMFEesSNw,24
HjwiBcFBJRo,UCCK3OZi788Ok44K97WAhLKQ,25
HJY_eNiGXoQ,UCckltLEhFLv8Xz_lQhYfwmg,25
HJY94N_0QPo,UCCK3OZi788Ok44K97WAhLKQ,25
hkz3OQTrons,UCh9qXeL8eP3Txra2908xksg,10
HL1tyU_Ct2A,UC0CXMeU0432EMgBnlBaY_yA,27
hL96ma_V5yA,UCckltLEhFLv8Xz_lQhYfwmg,25
hLhxETSL08Y,UCKEKf35apTUvSLs-c1DCekw,27
hlLSzxVJ5ak,UCckltLEhFLv8Xz_lQhYfwmg,25
hlrC_rdZsiM,UCcpCelkp30ukU3ZKUXsU25g,22
HlTd7ZHloAU,UCHQfFg_epoUK0htwmiUyzEQ,27
hm-kc3qbj8U,UCCK3OZi788Ok44K97WAhLKQ,25
hM3Zhmur8nE,UCckltLEhFLv8Xz_lQhYfwmg,25
HM8Nupv5YNE,UCCK3OZi788Ok44K97WAhLKQ,25
HMQWtjMOXvE,UCDO8zlJiV9ZgaMMK2DyX1Dw,17
HMrF-1PGQVo,UC6lDrxy3lS4LNRuuBtryqpQ,22
hMtEk-SWZmY,UC1Q3UfVjchyhbtyJXc_mu5w,24
HNbclowpsyo,UCckltLEhFLv8Xz_lQhYfwmg,25
HNBjo_vAVwE,UCKEKf35apTUvSLs-c1DCekw,27
HnchExlpQdA,UCCK3OZi788Ok44K97WAhLKQ,25
hnejBvndxTw,UCs_mHlm5_C82W5WCIJaSMbQ,22
hNgI7ciBmlU,UCVwbUjoiTUXxeVjsxW9Kwng,10
HngJGvfs3Mw,UCckltLEhFLv8Xz_lQhYfwmg,25
HNR6OnK3uM0,UCckltLEhFLv8Xz_lQhYfwmg,25
HNS7QsFP6JI,UCfK5mYo5nvU4d4vkguhSn6Q,10
HO8bFhanCmI,UCd3VsafChPVXeIufCAzCprA,27
HOB4xkX1m60,UC7301rstHsGPohgeR_kh8Pw,26
hOFuLqBrX3A,UC2Wq8OiU3P9sSRxHpFEe_0Q,22
HoKocWN1lmQ,UC0CXMeU0432EMgBnlBaY_yA,27
hon5nfy1OG8,UC2Wq8OiU3P9sSRxHpFEe_0Q,22
hotqCKoO5eE,UCh9qXeL8eP3Txra2908xksg,10
HovOyvG8Ueo,UCuc40qp1ZKB_ZbDw9iml8Kg,22
hOvYzTdQzoM,UCe13xXtdfx_n0_z1qeXV6_g,10
hOXsVLSqVa8,UCRtAu8OVYVfuNZmTV-Ug0zA,27
hp8DOTVf8js,UCckltLEhFLv8Xz_lQhYfwmg,25
HpF-tZaz8Wk,UC1Q3UfVjchyhbtyJXc_mu5w,24
hphtBbovEJw,UCckltLEhFLv8Xz_lQhYfwmg,25
hpjHKB-powM,UCWqN5l7FwMO6-gT8Dg9mx5A,22
hpXZd8xAxDs,UCYG2PZN2DImFqoTcj983iqA,24
Hq0z-fvK9wA,UCKEKf35apTUvSLs-c1DCekw,27
hqbWBtlemc8,UCOLdaAcrdzYY3ug15EuuFAg,26
hQUnk3M6VYw,UCgnFSj7jQffD5V5m05j4dPw,22
HqvBF19uEP0,UCCK3OZi788Ok44K97WAhLKQ,25
HQYzGC-4Cnc,UCJsN1Mmx4GRA6sCYdfKqpSQ,10
hrcVG73xH08,UC92h2ZVbLNazWe038DnzIUA,22
HRERGDukOXw,UC9ZdXR-RYydFqdIb1lqM4LQ,19
hrLIwe41qzI,UCNFDDKoTezuSWbIjjHA76xQ,22
Hrpg_1mC19k,UC1Q3UfVjchyhbtyJXc_mu5w,24
hrQzfmJIl8M,UCCK3OZi788Ok44K97WAhLKQ,25
HRucznmLHh8,UCEUSUxrhCt4n0Pp9WB7q7-w,24
hrUPwwnbIHE,UCnirzf0fEAPfQV__61iwSQQ,20
HrVe6FDETqc,UC4UaWbUUwVvCxWNqhb4f16Q,22
HSbPsu4eZM4,UC0CXMeU0432EMgBnlBaY_yA,27
HSC17O4Erjw,UCn0XmAUFv6d2tofMFEesSNw,24
HSDaIZLeVAI,UC3C6rQHX8pkjSyOm-620k3w,28
hsjbx-i8UV8,UCc8W1zUTmtNqXIhOHxPIAuw,27
HSSuVhxduHs,UCDO8zlJiV9ZgaMMK2DyX1Dw,17
ht9adQesAPc,UCckltLEhFLv8Xz_lQhYfwmg,25
hTIjdkO5iQA,UCDdPJHmxHCJLH1sDyytCATw,22
hTiXxcvpE_U,UCMeObxIFpmRVL22ZpL4ME9g,22
HTL9D3GqwDs,UCYFn7BOOlmL21iNJ6q5IDfg,24
HtmOY7T8JKw,UCgnFSj7jQffD5V5m05j4dPw,22
HTRnDQzlUyE,UCuc40qp1ZKB_ZbDw9iml8Kg,22
hU62JmglLOc,UCu_V8lfzyGspxP-LNFowW9w,10
hu7TMkY3hH0,UCKS1HX4moHCcDBZnM9k4giw,1
Hu8HtnXt-A0,UCrjQG1gLZ4cDwIzrGA5pRBw,22
Hud65riS95A,UCckltLEhFLv8Xz_lQhYfwmg,25
Huhpo_xzg4g,UCCK3OZi788Ok44K97WAhLKQ,25
HuL_utz7w24,UCu_V8lfzyGspxP-LNFowW9w,10
HuSOhCJ34cw,UCckltLEhFLv8Xz_lQhYfwmg,25
hUXuKd3SQsE,UCCK3OZi788Ok44K97WAhLKQ,25
HUyFLiRusp8,UCRtAu8OVYVfuNZmTV-Ug0zA,27
hV0Qp61MAHc,UCckltLEhFLv8Xz_lQhYfwmg,25
hV5zK-Fgbug,UCCK3OZi788Ok44K97WAhLKQ,25
HVFWTLfBytE,UCFPySgAumPBFo0VFf8hjCjw,2
HVzk-V7uJ2s,UCRtAu8OVYVfuNZmTV-Ug0zA,27
hW-C5YCx8HE,UCjK3LREYZUrNKnk56Prhe4w,29
HW-u3YOTJso,UCckltLEhFLv8Xz_lQhYfwmg,25
HW16fkOMaHw,UC3C6rQHX8pkjSyOm-620k3w,28
Hw8OVxEc2bc,UCckltLEhFLv8Xz_lQhYfwmg,25
HwchoVDtVaE,UC5216enGX_-P4fTk9nPG9UQ,25
HwJ2VyyJhTM,UCvQoK_VN52NG9CwB7Tc9WZg,27
hWS1mId87Ac,UCCK3OZi788Ok44K97WAhLKQ,25
HWtIRFZ9URs,UCd3VsafChPVXeIufCAzCprA,27
HwvpxzqS-Qw,UCEjCyBoWP57QRkmFRz-aOGw,27
Hx-S8y9H4XI,UCR0Bia1mQ7NQp31WWNhoFnw,20
HX5bhIE6Ka8,UC7hqTC-ChL-_PUKhctTt50A,19
HXf4kCktfCA,UCEoihco2ah097z2YwYOtojw,20
HxFB3R8zi7s,UCCK3OZi788Ok44K97WAhLKQ,25
HXL3R8StIAA,UCckltLEhFLv8Xz_lQhYfwmg,25
HxsPR395cDM,UC0PdkCm3QlHJ8HdH4JeNirA,20
HxWUwlHtb5Y,UCh9qXeL8eP3Txra2908xksg,10
HXxxE6awe2U,UCR5y9OV23c0jJ4RGwDvGnLw,27
hy_zD20coj8,UCCK3OZi788Ok44K97WAhLKQ,25
hY0sknvMH-M,UCDm4BW0Q5d-zASSuRyvPGXw,22
Hy7IEcpk874,UCYG2PZN2DImFqoTcj983iqA,24
hybJ88kPfZE,UCh9qXeL8eP3Txra2908xksg,10
hyIS1quh5oM,UCckltLEhFLv8Xz_lQhYfwmg,25
hYPnLQ7hUJA,UCckltLEhFLv8Xz_lQhYfwmg,25
hysn-K4ZOnk,UCETxOvOv9_44-CUzsPlzyxQ,28
hywG4d536GM,UCKS1HX4moHCcDBZnM9k4giw,1
hZYI8E0MSxI,UCiOEgWwAKbfrVb795hqQc9A,24
I_7n8q2l8mo,UCJsN1Mmx4GRA6sCYdfKqpSQ,10
i_8yxAcl8WM,UCEUSUxrhCt4n0Pp9WB7q7-w,24
i_CFWWyJs74,UCglXlpWjIi95auM3umWWLdw,28
I_t7R8f4jwY,UCuc40qp1ZKB_ZbDw9iml8Kg,22
i_XcOcdEfsA,UCBR9iW2qo_7LP9_9u3A2ZeQ,20
I-E8dgInZOA,UCt7aYc76HmITvYbbQlHyFnw,27
I-nhUOlcYss,UCCK3OZi788Ok44K97WAhLKQ,25
I-xXZuGATi0,UCuc40qp1ZKB_ZbDw9iml8Kg,22
i0hc0b9d6TM,UCgnFSj7jQffD5V5m05j4dPw,22
i0MAmRZWzY0,UCr8qGT-Mv9tdCo-aPr06REQ,1
I0mRYYDy5K4,UCAapm4DhqB5ckqr61IGdTUw,22
i0OacggsIDg,UCCK3OZi788Ok44K97WAhLKQ,25
i0p9ZgBg8wI,UC1Q3UfVjchyhbtyJXc_mu5w,24
i0T3FL3yHao,UCR5y9OV23c0jJ4RGwDvGnLw,27
i2zf81eIo-E,UCh9qXeL8eP3Txra2908xksg,10
i3GQVU8UFKg,UC_BPD0TBnFtRExZOhIFEQYQ,20
I3ieqa5BFXk,UCCK3OZi788Ok44K97WAhLKQ,25
I3qROKb7BsM,UCaRBojHlDl24Tzh6Vt6dihQ,20
i3TLrX9P91o,UCckltLEhFLv8Xz_lQhYfwmg,25
I4DyaPpfcjM,UCnirzf0fEAPfQV__61iwSQQ,20
I4omEn6eK30,UCEjCyBoWP57QRkmFRz-aOGw,27
i51ZtbCCPHU,UCkysZsPin4y9iQHS-QYygeQ,20
I5hdSdhMLZA,UCgnFSj7jQffD5V5m05j4dPw,25
i5HrCZ7kyzc,UCckltLEhFLv8Xz_lQhYfwmg,25
I5Q0IHipn74,UCcrktZCp1tY9eDqrk6fMrsA,24
I61dRKNna28,UCgnFSj7jQffD5V5m05j4dPw,22
I6PkdFQ3Bek,UCaRBojHlDl24Tzh6Vt6dihQ,20
i6VBaPRPq_Q,UCCK3OZi788Ok44K97WAhLKQ,25
I6ZkPmRIPQo,UC1Q3UfVjchyhbtyJXc_mu5w,24
i7apEc92l28,UCckltLEhFLv8Xz_lQhYfwmg,25
I7b-bUuSWQw,UCcpCelkp30ukU3ZKUXsU25g,24
i7l0HAiKE6Y,UCnirzf0fEAPfQV__61iwSQQ,20
I82Y48UTI3A,UCwXfRdTtVeVnXXF4poaYw0Q,19
i8GfZM4uHQE,UCn0XmAUFv6d2tofMFEesSNw,24
i8NDTx0dk-c,UCCK3OZi788Ok44K97WAhLKQ,25
i8WqgEcXsl0,UCR5y9OV23c0jJ4RGwDvGnLw,27
I9z1cnwl8VI,UCckltLEhFLv8Xz_lQhYfwmg,25
IA-IMMY8_bE,UCs_mHlm5_C82W5WCIJaSMbQ,22
IADVZH4Mj0k,UCu7cGbQEMgGk8TD0ZYucM5g,27
iapDnbKhgJg,UCckltLEhFLv8Xz_lQhYfwmg,25
iAqnwCeoorU,UCCK3OZi788Ok44K97WAhLKQ,25
iAS79cuZaWw,UCVmkgq5EQR_Dls3LG-wkrjw,28
ib2HHz4CjI8,UCCK3OZi788Ok44K97WAhLKQ,25
Ib8JlIHqluk,UC1Q3UfVjchyhbtyJXc_mu5w,24
iBAm8nt4EVM,UCAapm4DhqB5ckqr61IGdTUw,22
ibez8o3r8Vo,UCjK3LREYZUrNKnk56Prhe4w,29
Ibhavkn1Ty0,UCDdPJHmxHCJLH1sDyytCATw,22
iBNvgflz0Og,UCfK5mYo5nvU4d4vkguhSn6Q,10
ibPtRLnAPrM,UCckltLEhFLv8Xz_lQhYfwmg,25
IbSfz3uPciE,UCmqflTSJ6911aCrnaWIXxsA,24
iBZphHb3h_8,UC9ZdXR-RYydFqdIb1lqM4LQ,19
ic40VUi6n7w,UCMeObxIFpmRVL22ZpL4ME9g,22
ic7Z-3t1GVs,UCHQfFg_epoUK0htwmiUyzEQ,27
ICbZ7CKypuU,UCkysZsPin4y9iQHS-QYygeQ,20
iccobOw6OsU,UC7301rstHsGPohgeR_kh8Pw,26
ICOjbNxqz00,UCm-TY_JakK4dHAwF6QqcZSg,20
iCshtsIVaN8,UCn0XmAUFv6d2tofMFEesSNw,24
IcUvyNOx9n4,UCCK3OZi788Ok44K97WAhLKQ,25
iCvrIYec1og,UCr8qGT-Mv9tdCo-aPr06REQ,1
icwVoXfUZF4,UCETxOvOv9_44-CUzsPlzyxQ,28
ICZA2defr2w,UCCK3OZi788Ok44K97WAhLKQ,25
ID1bEJXeR9s,UCvQoK_VN52NG9CwB7Tc9WZg,27
ida2OlmCiq4,UCrjQG1gLZ4cDwIzrGA5pRBw,22
idejfT7zk1w,UCiOEgWwAKbfrVb795hqQc9A,24
iDH5X4_mUmM,UCglXlpWjIi95auM3umWWLdw,28
IdkSpxK-AUU,UCKEKf35apTUvSLs-c1DCekw,27
IDmHyh1cOJE,UCs_mHlm5_C82W5WCIJaSMbQ,22
iDuq5ZxNk8U,UCEjCyBoWP57QRkmFRz-aOGw,27
idZsaqgNf3Q,UCckltLEhFLv8Xz_lQhYfwmg,25
iE-dfJhumlA,UCRtAu8OVYVfuNZmTV-Ug0zA,27
ieE0ZF2mJ4o,UCckltLEhFLv8Xz_lQhYfwmg,25
IeF5Lhm3hoQ,UCCK3OZi788Ok44K97WAhLKQ,25
ieMVClJ6abk,UCEUSUxrhCt4n0Pp9WB7q7-w,24
iemxsYDi2U8,UCGkzF25IZBE1SF9ykM64xEA,24
IEXEYn5IdiQ,UCOQAZV0vURpWMKTlAGVy8rQ,10
IEXjH9JiVHI,UC-ss1l2vO46QAgyCsPRIVDA,27
IexZmTwz4po,UC6lDrxy3lS4LNRuuBtryqpQ,22
iezBqN2Nb_s,UC3C6rQHX8pkjSyOm-620k3w,28
ifb7APJ-dFU,UCckltLEhFLv8Xz_lQhYfwmg,25
IfdR7KGAsYE,UCltN1illHSguno1gokRShxA,26
IFocnVgiYzE,UCwXfRdTtVeVnXXF4poaYw0Q,19
iFpvYYGn2eQ,UCCK3OZi788Ok44K97WAhLKQ,25
Ig3pF7OpyXM,UCEa6e_J_Xs_GKCzG8Eq15Xw,10
iG4FYHGyzIA,UCcrktZCp1tY9eDqrk6fMrsA,24
Ig7LyEf1IjM,UCFPySgAumPBFo0VFf8hjCjw,10
IGJuuOiMNl0,UCEa6e_J_Xs_GKCzG8Eq15Xw,10
IgQmhzJohZk,UCCK3OZi788Ok44K97WAhLKQ,25
IGqn36L6VZA,UCrjQG1gLZ4cDwIzrGA5pRBw,22
iGsgI9WTrQg,UCWqN5l7FwMO6-gT8Dg9mx5A,22
Igv-Ac0DsJY,UCgnFSj7jQffD5V5m05j4dPw,22
IGVJqK8VohM,UCCK3OZi788Ok44K97WAhLKQ,25
iGvq_UxwFwY,UCOLdaAcrdzYY3ug15EuuFAg,26
IhM1_e5Gjn4,UCdTL_n9uC2_DlLX7ohcKpVQ,24
IhU64k2J3zM,UCEuz_HGv5er0LZsztjO4g5Q,24
IHuD6GdbHWI,UCTb1H9XUOHjqA9hVvxCht0w,22
iHUWxDvnIY0,UCkysZsPin4y9iQHS-QYygeQ,20
iHXdfNViVs8,UCCK3OZi788Ok44K97WAhLKQ,25
II9ec6hq3FY,UCCK3OZi788Ok44K97WAhLKQ,25
Iig7QKi_pXY,UCckltLEhFLv8Xz_lQhYfwmg,25
iIjw8aQrEjU,UCEjCyBoWP57QRkmFRz-aOGw,27
IiOWiOJT6Ts,UC_BPD0TBnFtRExZOhIFEQYQ,20
Iipby5qW8VY,UC-ss1l2vO46QAgyCsPRIVDA,27
iiSTpp3jPM8,UCgnFSj7jQffD5V5m05j4dPw,22
IiTuJQ5FDwI,UCc8W1zUTmtNqXIhOHxPIAuw,27
IiupuRLoKvc,UCnirzf0fEAPfQV__61iwSQQ,20
iJ1ihXyoRRc,UCkysZsPin4y9iQHS-QYygeQ,20
iJ6C0uorhCE,UCBR9iW2qo_7LP9_9u3A2ZeQ,20
iJ9Y7cVi-Xo,UCltN1illHSguno1gokRShxA,26
IJdT7hHJRDE,UC4UaWbUUwVvCxWNqhb4f16Q,22
IKMrhYertWM,UC9ZdXR-RYydFqdIb1lqM4LQ,19
IknmCCbd7mc,UCcpCelkp30ukU3ZKUXsU25g,24
iKO8uDtpoY8,UCgnFSj7jQffD5V5m05j4dPw,22
IkR5gMuf3bE,UCDdPJHmxHCJLH1sDyytCATw,22
il5eoFHj6HY,UCR0Bia1mQ7NQp31WWNhoFnw,24
iLlHDHFBafU,UCCK3OZi788Ok44K97WAhLKQ,25
iLND5b00o-U,UCs_mHlm5_C82W5WCIJaSMbQ,22
iLv3Tb1k04E,UCuc40qp1ZKB_ZbDw9iml8Kg,22
ilvjmMTDktg,UCu_V8lfzyGspxP-LNFowW9w,10
ILZQQwWTOT0,UCCK3OZi788Ok44K97WAhLKQ,25
iM9afKBlSYs,UCOLdaAcrdzYY3ug15EuuFAg,26
iMC1wDJUIus,UCMQYRNX1Fg-HJ8Ey7Z3WPrA,24
IMDkZDAGOFc,UCu7cGbQEMgGk8TD0ZYucM5g,27
IMgkVHJgoAM,UCCK3OZi788Ok44K97WAhLKQ,25
imH35X77D_c,UCwXfRdTtVeVnXXF4poaYw0Q,19
IMlhMzX2kGA,UCvQoK_VN52NG9CwB7Tc9WZg,27
IMPhLzo1gYk,UCEa6e_J_Xs_GKCzG8Eq15Xw,10
IMRecQybFRc,UCckltLEhFLv8Xz_lQhYfwmg,25
IMReiVuZwSA,UC2Wq8OiU3P9sSRxHpFEe_0Q,22
IMsvsuuJxj8,UCEUSUxrhCt4n0Pp9WB7q7-w,27
ImwpVcDfMTQ,UCltN1illHSguno1gokRShxA,26
imybuJaLEjY,UCU5WmQA3Ur1Yriw5pMqoBNQ,24
IMYUUMdOwyk,UCCK3OZi788Ok44K97WAhLKQ,25
iMZHIIcmh-k,UCFq73irpdELVQc5yYQcLCcA,22
IN0VE4f-OZ4,UCCK3OZi788Ok44K97WAhLKQ,25
Inb0nQLXr54,UCdY0SS4tZPdWdQ6m5bX-ZBg,24
inDZjvFxXh4,UCYFn7BOOlmL21iNJ6q5IDfg,24
InH0JbJlxZQ,UC0PdkCm3QlHJ8HdH4JeNirA,20
iNWayncQifA,UCMQYRNX1Fg-HJ8Ey7Z3WPrA,24
io9RYvn15QI,UCckltLEhFLv8Xz_lQhYfwmg,25
IObVi7evk94,UCBR9iW2qo_7LP9_9u3A2ZeQ,20
IoG2qPIJveQ,UC7301rstHsGPohgeR_kh8Pw,26
iOlF6aV7ksA,UCvQoK_VN52NG9CwB7Tc9WZg,27
ioMU_oNa9W0,UC92h2ZVbLNazWe038DnzIUA,22
iOvG6ifj0b4,UCckltLEhFLv8Xz_lQhYfwmg,25
iOvva078__o,UCCK3OZi788Ok44K97WAhLKQ,25
ipbKGkhBNkQ,UCJsN1Mmx4GRA6sCYdfKqpSQ,10
IPDAnX7_5zI,UCCK3OZi788Ok44K97WAhLKQ,25
iPg6PX7fXd0,UCu7cGbQEMgGk8TD0ZYucM5g,27
ipgkU0xq0mc,UCEoihco2ah097z2YwYOtojw,20
IphWyU0SFbA,UCn0XmAUFv6d2tofMFEesSNw,24
ipT9kVZxYnw,UCckltLEhFLv8Xz_lQhYfwmg,25
iQ3qVakwX_M,UCaRBojHlDl24Tzh6Vt6dihQ,20
IqAH24RDiT8,UCdY0SS4tZPdWdQ6m5bX-ZBg,24
iqcfO2DL7cY,UC1Q3UfVjchyhbtyJXc_mu5w,24
IqdLOAav68c,UCn0XmAUFv6d2tofMFEesSNw,24
iQGjEFRVM7o,UCckltLEhFLv8Xz_lQhYfwmg,25
IQHIX3zU7LU,UC0PdkCm3QlHJ8HdH4JeNirA,20
iQlpVHwmNas,UCh9qXeL8eP3Txra2908xksg,10
iqm-st0EvN4,UCNyujDJFZqQml78mdpb2rNA,24
iqp19nTngmk,UCckltLEhFLv8Xz_lQhYfwmg,25
iQXqfrVPEkY,UCNFDDKoTezuSWbIjjHA76xQ,22
iRdC2TIR19I,UCNyujDJFZqQml78mdpb2rNA,24
IRg2CxA0mRk,UCOLdaAcrdzYY3ug15EuuFAg,26
IRVgfTu-UGc,UCgnFSj7jQffD5V5m05j4dPw,24
Is71XamFf5I,UCckltLEhFLv8Xz_lQhYfwmg,25
is9PhQGXBvw,UCckltLEhFLv8Xz_lQhYfwmg,25
isE3ZLgL-j4,UCDm4BW0Q5d-zASSuRyvPGXw,22
IsGiaOLQEvc,UCckltLEhFLv8Xz_lQhYfwmg,25
ISmOZiw_GZ0,UCKEKf35apTUvSLs-c1DCekw,27
IsMqMQHDRRw,UCt7aYc76HmITvYbbQlHyFnw,27
IsOjnfXEH1E,UCckltLEhFLv8Xz_lQhYfwmg,25
IsRMZVc63H4,UCFq73irpdELVQc5yYQcLCcA,22
istTegIMj4o,UCn0XmAUFv6d2tofMFEesSNw,24
isYRO_wz270,UCcpCelkp30ukU3ZKUXsU25g,24
ISzx02N0p_E,UCckltLEhFLv8Xz_lQhYfwmg,25
iT1_HCgk--E,UCNyujDJFZqQml78mdpb2rNA,24
itAZy0IzZeM,UCckltLEhFLv8Xz_lQhYfwmg,25
ItDdk-KyF5o,UCu_V8lfzyGspxP-LNFowW9w,10
iTFOh0mnVdA,UCWqN5l7FwMO6-gT8Dg9mx5A,22
ItGQrCtMO2s,UCjK3LREYZUrNKnk56Prhe4w,29
iTiEaRBYhXc,UC-ss1l2vO46QAgyCsPRIVDA,27
ITKRiK3-SLE,UCckltLEhFLv8Xz_lQhYfwmg,25
iTTUO7rRdoQ,UCgnFSj7jQffD5V5m05j4dPw,22
iTYc-KjNcMA,UCgnFSj7jQffD5V5m05j4dPw,24
ItzabYLPER0,UCCK3OZi788Ok44K97WAhLKQ,25
iU7KqSfT398,UCckltLEhFLv8Xz_lQhYfwmg,25
iuCwPBjwjqI,UC1Q3UfVjchyhbtyJXc_mu5w,24
iUHY35bPrBQ,UCn0XmAUFv6d2tofMFEesSNw,24
IupQjPEseyE,UC7hqTC-ChL-_PUKhctTt50A,19
Iut1xdGl768,UCfK5mYo5nvU4d4vkguhSn6Q,24
IUyE-MYuAPI,UC8irIP66QzlZNVgqe4vwN9g,10
iV_AJQ41Vt4,UC4UaWbUUwVvCxWNqhb4f16Q,22
IvAnuNU9YG0,UCRnC_XIuIVFKWphUcLd4MVA,27
IvBlHnzWsOI,UCDdPJHmxHCJLH1sDyytCATw,22
IVdTjjZ0W3A,UCvQoK_VN52NG9CwB7Tc9WZg,27
iVhFq-nxgQU,UCCK3OZi788Ok44K97WAhLKQ,25
IvHSW5mvLok,UCn0XmAUFv6d2tofMFEesSNw,24
IVjd0v7hNjg,UCCK3OZi788Ok44K97WAhLKQ,25
iVMP9EpAMsk,UCgnFSj7jQffD5V5m05j4dPw,22
ivQ4Or5ossI,UCCK3OZi788Ok44K97WAhLKQ,25
IW6DRigd830,UCCK3OZi788Ok44K97WAhLKQ,25
iw9krTtR2Is,UCuc40qp1ZKB_ZbDw9iml8Kg,22
IwjCKF6R5kw,UCgnFSj7jQffD5V5m05j4dPw,22
iWla_I0jeeU,UCEjCyBoWP57QRkmFRz-aOGw,27
iWN8765dP5g,UCmqflTSJ6911aCrnaWIXxsA,24
iwNhVZtTQfs,UCh9qXeL8eP3Txra2908xksg,10
iwojbkNfCTs,UCJsN1Mmx4GRA6sCYdfKqpSQ,10
iWtpoxtFlZY,UCQxq1x6XKl1oRJ_aSOdurWQ,10
IwvMImNAZdc,UCNyujDJFZqQml78mdpb2rNA,24
iX3GwR0b_bg,UCDO8zlJiV9ZgaMMK2DyX1Dw,17
ixUy-CZEdyk,UCs_mHlm5_C82W5WCIJaSMbQ,25
ixvvli28U2Y,UC1Q3UfVjchyhbtyJXc_mu5w,24
ixYebSgLvr4,UCOQAZV0vURpWMKTlAGVy8rQ,10
IXyzcJGgrrs,UCs_mHlm5_C82W5WCIJaSMbQ,22
Iy9Zp79EaWo,UC0CXMeU0432EMgBnlBaY_yA,27
IycSux3LsQ4,UCu7cGbQEMgGk8TD0ZYucM5g,27
iyED8c0wm0k,UCCK3OZi788Ok44K97WAhLKQ,25
iYh1Zpcmaug,UCckltLEhFLv8Xz_lQhYfwmg,25
iyZpzg_wXLc,UCR5y9OV23c0jJ4RGwDvGnLw,27
Iz1J9QSgea4,UCgnFSj7jQffD5V5m05j4dPw,22
IZe265Yopdo,UCRtAu8OVYVfuNZmTV-Ug0zA,27
IzMCB-eG_sQ,UCm-TY_JakK4dHAwF6QqcZSg,20
izrBZHMNO0Q,UCcrktZCp1tY9eDqrk6fMrsA,27
Izu05uN_V98,UCOLdaAcrdzYY3ug15EuuFAg,26
J_DHQ4O0AWk,UCckltLEhFLv8Xz_lQhYfwmg,25
j_h7prTy2UA,UCDdPJHmxHCJLH1sDyytCATw,22
J_IpvetBamE,UCckltLEhFLv8Xz_lQhYfwmg,25
j--hsfkU7Hc,UCmqflTSJ6911aCrnaWIXxsA,24
j-7eNIwP24k,UCckltLEhFLv8Xz_lQhYfwmg,25
j-cHWFxqNyI,UC0PdkCm3QlHJ8HdH4JeNirA,20
J-FWg2-j7oc,UCDm4BW0Q5d-zASSuRyvPGXw,22
j-U-kl6RQ9U,UCvQoK_VN52NG9CwB7Tc9WZg,27
j0CfbfpHHo8,UCFPySgAumPBFo0VFf8hjCjw,10
j0EaqBDSgWY,UCCK3OZi788Ok44K97WAhLKQ,25
j0eGKwDr8c8,UCgnFSj7jQffD5V5m05j4dPw,24
j0H8Ikswtmk,UCNyujDJFZqQml78mdpb2rNA,24
J0OWwt2OQyU,UCckltLEhFLv8Xz_lQhYfwmg,25
J0Woim5p1y4,UCckltLEhFLv8Xz_lQhYfwmg,25
J1QvSQsTQ9A,UCgnFSj7jQffD5V5m05j4dPw,25
j20lhrO9lXY,UCJsN1Mmx4GRA6sCYdfKqpSQ,10
j287tF4-Tuo,UCCK3OZi788Ok44K97WAhLKQ,25
j2VcZVtTBO4,UC8irIP66QzlZNVgqe4vwN9g,10
J2x0eCQVOck,UCCK3OZi788Ok44K97WAhLKQ,25
J3i1G4_pmcg,UCr8qGT-Mv9tdCo-aPr06REQ,1
j3LrIMdO-yA,UCckltLEhFLv8Xz_lQhYfwmg,25
J3PW5ytcZB0,UCckltLEhFLv8Xz_lQhYfwmg,25
j3vKpSIKSjc,UCCK3OZi788Ok44K97WAhLKQ,25
J4BELS4xl5w,UCEUSUxrhCt4n0Pp9WB7q7-w,24
J4gR86gyRhk,UCn0XmAUFv6d2tofMFEesSNw,24
j4HUOy_Vfo0,UCCK3OZi788Ok44K97WAhLKQ,25
j4TSNxPdcrg,UCckltLEhFLv8Xz_lQhYfwmg,25
j4UDlLfEzzA,UCCK3OZi788Ok44K97WAhLKQ,25
j5hYBvkkPfE,UCd3VsafChPVXeIufCAzCprA,27
j5knH1JDa9c,UCckltLEhFLv8Xz_lQhYfwmg,25
J64l4pR4ylk,UCEjCyBoWP57QRkmFRz-aOGw,27
J6MrgFQ10_s,UCFPySgAumPBFo0VFf8hjCjw,1
J6PePs3nMSA,UCrjQG1gLZ4cDwIzrGA5pRBw,22
j6r0GoLWUik,UC_BPD0TBnFtRExZOhIFEQYQ,20
J6XciOTTj_E,UC1Q3UfVjchyhbtyJXc_mu5w,24
j7c4u3kTxLc,UC4UaWbUUwVvCxWNqhb4f16Q,22
j7DzqmZG7rg,UCAapm4DhqB5ckqr61IGdTUw,22
j7hoadpMSu0,UCgnFSj7jQffD5V5m05j4dPw,22
J84x2s7bGt0,UCHQfFg_epoUK0htwmiUyzEQ,27
j85rQSeQVd8,UCCK3OZi788Ok44K97WAhLKQ,25
j8EEauY5pS4,UCvQoK_VN52NG9CwB7Tc9WZg,27
J8eK3mDbLE0,UCRnC_XIuIVFKWphUcLd4MVA,27
j8qafJ2CKHA,UCcpCelkp30ukU3ZKUXsU25g,24
J8QhhBiizNs,UCn0XmAUFv6d2tofMFEesSNw,24
J8qxE41N054,UC9U2IYFVPd-Hl6zAeZQL7eQ,22
j8ScUtrt21M,UCEa6e_J_Xs_GKCzG8Eq15Xw,24
J8St1wBSTWc,UCckltLEhFLv8Xz_lQhYfwmg,25
j8tlHSIRTX8,UCCK3OZi788Ok44K97WAhLKQ,25
J8WWTnBoCTo,UCCK3OZi788Ok44K97WAhLKQ,25
j9MWviQBZv0,UCs_mHlm5_C82W5WCIJaSMbQ,22
J9ox4-RAuwA,UCCK3OZi788Ok44K97WAhLKQ,25
J9xQN-KHsQE,UCVwbUjoiTUXxeVjsxW9Kwng,10
jA_ub2oJ-Io,UCaRBojHlDl24Tzh6Vt6dihQ,20
JA76hif3Z6g,UCRnC_XIuIVFKWphUcLd4MVA,27
jA7or8x2bS8,UCYG2PZN2DImFqoTcj983iqA,24
jA82c56xbUU,UCR0Bia1mQ7NQp31WWNhoFnw,22
JAO4MddiiMU,UCRnC_XIuIVFKWphUcLd4MVA,27
JaoW4XJwvwo,UCrjQG1gLZ4cDwIzrGA5pRBw,22
JavyAAlw224,UC-ss1l2vO46QAgyCsPRIVDA,27
jB-qxga4q2w,UCETxOvOv9_44-CUzsPlzyxQ,28
jbEzCIqhTV8,UCglXlpWjIi95auM3umWWLdw,28
JBFGKqFYIEE,UCmqflTSJ6911aCrnaWIXxsA,24
JbGKPdvs_MU,UCdTL_n9uC2_DlLX7ohcKpVQ,24
JBhyx4jA-Qc,UCn0XmAUFv6d2tofMFEesSNw,24
JbIyn1Pkb0c,UC1Q3UfVjchyhbtyJXc_mu5w,24
jBLRM1ka3K4,UC8irIP66QzlZNVgqe4vwN9g,10
JbO_8tpK-M0,UCckltLEhFLv8Xz_lQhYfwmg,25
JbPgWtdeAOo,UCckltLEhFLv8Xz_lQhYfwmg,25
jBSqLym7vyE,UCckltLEhFLv8Xz_lQhYfwmg,25
JbxQUNys_MU,UCn0XmAUFv6d2tofMFEesSNw,24
Jc_sI8XwxFg,UC_BPD0TBnFtRExZOhIFEQYQ,20
jC4_jpujY4M,UCr8qGT-Mv9tdCo-aPr06REQ,1
JcChzXxsOx0,UCckltLEhFLv8Xz_lQhYfwmg,25
jCKBGf5c4u8,UCckltLEhFLv8Xz_lQhYfwmg,25
JclZghImcmo,UCrjQG1gLZ4cDwIzrGA5pRBw,22
JcpPgBuF6zk,UCckltLEhFLv8Xz_lQhYfwmg,25
jCQLKXsESw8,UCckltLEhFLv8Xz_lQhYfwmg,25
Jctb2bf-5tQ,UCFPySgAumPBFo0VFf8hjCjw,2
jD-WRkfolag,UCiOEgWwAKbfrVb795hqQc9A,24
jdErpnpi7HQ,UCCK3OZi788Ok44K97WAhLKQ,25
jDFSvfIH2Ic,UCr8qGT-Mv9tdCo-aPr06REQ,1
JdJWBw7wXlQ,UCgnFSj7jQffD5V5m05j4dPw,22
jDLZJj4zd4c,UCEmrzEYds6XN_7dd_5_XnrA,24
Jdpw71iqXdU,UCJsN1Mmx4GRA6sCYdfKqpSQ,10
JdU01UQbLj8,UCckltLEhFLv8Xz_lQhYfwmg,25
Je-pD0RJWz0,UCn0XmAUFv6d2tofMFEesSNw,24
jE6gzxSd5VA,UCckltLEhFLv8Xz_lQhYfwmg,25
JeACiJA5VsY,UCEUSUxrhCt4n0Pp9WB7q7-w,24
jEG6Y_3atVM,UC7hqTC-ChL-_PUKhctTt50A,19
jeHevW154kY,UCt7aYc76HmITvYbbQlHyFnw,27
jElPAQjxuWQ,UCrjQG1gLZ4cDwIzrGA5pRBw,22
JePtbgqRU7s,UCRJPCCeeEsLiZkCjWlulDCg,22
jEq_4BCz4cc,UC8irIP66QzlZNVgqe4vwN9g,10
JEu2l9tnOuo,UCckltLEhFLv8Xz_lQhYfwmg,25
JEWdkgyvVm0,UCgnFSj7jQffD5V5m05j4dPw,22
JEYPP9X-dYs,UCgnFSj7jQffD5V5m05j4dPw,22
jf_SBNu8lrE,UCBR9iW2qo_7LP9_9u3A2ZeQ,20
JF06QSMdPv0,UCrjQG1gLZ4cDwIzrGA5pRBw,22
JFAI4KE9mAM,UC92h2ZVbLNazWe038DnzIUA,22
jFbqCmVgPPI,UCu_V8lfzyGspxP-LNFowW9w,10
JfCJUdsEwZI,UCckltLEhFLv8Xz_lQhYfwmg,25
JFjEKxL0Lt0,UCCK3OZi788Ok44K97WAhLKQ,25
jfm2hOSokck,UCckltLEhFLv8Xz_lQhYfwmg,25
JFW2_-rM8LM,UCVmkgq5EQR_Dls3LG-wkrjw,28
jFWj7G_bN7I,UCEoihco2ah097z2YwYOtojw,20
jg2dzmVhj18,UCs_mHlm5_C82W5WCIJaSMbQ,22
JGAbOSmPMZE,UCckltLEhFLv8Xz_lQhYfwmg,25
JGFqrGqS6zg,UCrjQG1gLZ4cDwIzrGA5pRBw,22
jGgLgw0OggM,UCVmkgq5EQR_Dls3LG-wkrjw,22
JgRLfRvpAQU,UCCK3OZi788Ok44K97WAhLKQ,25
JgsBVfTtMrA,UCm-TY_JakK4dHAwF6QqcZSg,20
jGtbOlfTBX0,UCHQfFg_epoUK0htwmiUyzEQ,27
Jgwebx_ussg,UCuc40qp1ZKB_ZbDw9iml8Kg,22
Jh23A0dt9Ko,UCCK3OZi788Ok44K97WAhLKQ,25
JHAThZ3Nm1E,UCU5WmQA3Ur1Yriw5pMqoBNQ,24
Jhm5wr26aSI,UCFPySgAumPBFo0VFf8hjCjw,10
JHRwx_WEBtA,UC4UaWbUUwVvCxWNqhb4f16Q,22
jHUCB4AMaIA,UCBR9iW2qo_7LP9_9u3A2ZeQ,20
ji08dtOG0cM,UCckltLEhFLv8Xz_lQhYfwmg,25
Ji5EicC3Ewg,UCckltLEhFLv8Xz_lQhYfwmg,25
JIedujJh5ig,UC8irIP66QzlZNVgqe4vwN9g,10
jIHMN_FRoL4,UCn0XmAUFv6d2tofMFEesSNw,24
JITVDQ3dats,UCu_V8lfzyGspxP-LNFowW9w,10
jjC50Tzx0Ck,UCgnFSj7jQffD5V5m05j4dPw,24
jJCm63SjRY0,UCKA7SQOUkD1_z5lr016Q70w,22
JjE_tM13Nts,UCEuz_HGv5er0LZsztjO4g5Q,24
JjeH4QW7vNk,UCh9qXeL8eP3Txra2908xksg,10
jJHwwilYrDw,UCckltLEhFLv8Xz_lQhYfwmg,25
jjlJAWGdJaw,UCMeObxIFpmRVL22ZpL4ME9g,22
jk1vbrVVsZo,UCckltLEhFLv8Xz_lQhYfwmg,25
JK5XA4MPI5I,UCCK3OZi788Ok44K97WAhLKQ,25
jK7xns2cyho,UCFPySgAumPBFo0VFf8hjCjw,2
jk9i1b_B36k,UCKS1HX4moHCcDBZnM9k4giw,1
JKfP-tkGjU8,UCCK3OZi788Ok44K97WAhLKQ,25
JKpn8FPjc6Y,UCjK3LREYZUrNKnk56Prhe4w,29
jKR8ifeXOtY,UCaRBojHlDl24Tzh6Vt6dihQ,20
JkwcLzQqVK8,UCk6Bzr5M-8n_KN2guSmWmMw,24
jL-8wX3-3ws,UC0PdkCm3QlHJ8HdH4JeNirA,20
Jl9ykkhKJPQ,UCltN1illHSguno1gokRShxA,26
JLFHm3NOb5c,UCk6Bzr5M-8n_KN2guSmWmMw,22
jLJuwlbKCdM,UCckltLEhFLv8Xz_lQhYfwmg,25
jlKTV66ZfCU,UCEjCyBoWP57QRkmFRz-aOGw,27
JLmzzzqXFzE,UCEUSUxrhCt4n0Pp9WB7q7-w,24
JLpeAAzjoGM,UCRnC_XIuIVFKWphUcLd4MVA,27
jLpQIMHXPCA,UCgnFSj7jQffD5V5m05j4dPw,25
jm6pdxot2PU,UCEjCyBoWP57QRkmFRz-aOGw,27
jma3GGLIYsc,UCCK3OZi788Ok44K97WAhLKQ,25
JMG1gyZxHVY,UC0PdkCm3QlHJ8HdH4JeNirA,20
jMiyWnIpNGA,UCt7aYc76HmITvYbbQlHyFnw,27
jMKc11QOzRg,UCr8qGT-Mv9tdCo-aPr06REQ,1
jMNCDdQ_v5g,UC_BPD0TBnFtRExZOhIFEQYQ,20
Jmpz82so9Ik,UCJsN1Mmx4GRA6sCYdfKqpSQ,10
JMtHVXOFioQ,UCckltLEhFLv8Xz_lQhYfwmg,25
jn9-O-81D7U,UCckltLEhFLv8Xz_lQhYfwmg,25
JNE-lAM1V7w,UCWqN5l7FwMO6-gT8Dg9mx5A,22
jnFInF3vTpA,UCCK3OZi788Ok44K97WAhLKQ,25
jNfldVLEP5s,UCglXlpWjIi95auM3umWWLdw,28
JnHNjwG05EM,UCc8W1zUTmtNqXIhOHxPIAuw,27
JNHWjjBdpSo,UC_BPD0TBnFtRExZOhIFEQYQ,20
jnnliRSWdVE,UCMQYRNX1Fg-HJ8Ey7Z3WPrA,24
jNSvvM8cu_Q,UCCK3OZi788Ok44K97WAhLKQ,25
JnzGzlfy6UA,UCYFn7BOOlmL21iNJ6q5IDfg,24
jo8aA-4GD-Q,UCEjCyBoWP57QRkmFRz-aOGw,27
jOApD533bb0,UC1Q3UfVjchyhbtyJXc_mu5w,24
jOBts-Ba4ww,UC_BPD0TBnFtRExZOhIFEQYQ,20
jOi0kZMcfz4,UCKA7SQOUkD1_z5lr016Q70w,22
JomtNYultKc,UCDm4BW0Q5d-zASSuRyvPGXw,22
joPCfSeDruI,UCwkHQPpM4IvsJZiIwW9_8Ng,22
JOWoiWp28tU,UCCK3OZi788Ok44K97WAhLKQ,25
jP1aDvcst58,UCKA7SQOUkD1_z5lr016Q70w,22
jPH-7jhQMaU,UCnY7v189bwoSTFFYD_PNWhQ,27
JPHG8q4nUGI,UCckltLEhFLv8Xz_lQhYfwmg,25
jpLuY9_3zNY,UCn0XmAUFv6d2tofMFEesSNw,24
JPT93NSnqUQ,UCNFDDKoTezuSWbIjjHA76xQ,22
JQ2nqakW3wY,UC6lDrxy3lS4LNRuuBtryqpQ,22
JQgZMWr6J1A,UCwkHQPpM4IvsJZiIwW9_8Ng,22
JQi06mZlQz8,UCiTVdDN9GI0xzzyvPHrk8VA,22
Jqpi7Xno3pw,UCOLdaAcrdzYY3ug15EuuFAg,26
JqQbgwSBcxs,UCn0XmAUFv6d2tofMFEesSNw,24
jqSTFooutQk,UCDm4BW0Q5d-zASSuRyvPGXw,22
JQT6_IStCoA,UC0PdkCm3QlHJ8HdH4JeNirA,20
JR-KC48Uqz0,UCR5y9OV23c0jJ4RGwDvGnLw,27
JRdy96Por_k,UCEUSUxrhCt4n0Pp9WB7q7-w,24
jREs-9yeTrA,UCckltLEhFLv8Xz_lQhYfwmg,25
Jrf3flLImsY,UCaRBojHlDl24Tzh6Vt6dihQ,20
JRJ_of7sYyE,UCckltLEhFLv8Xz_lQhYfwmg,25
JrNtOe0GuSY,UCOQAZV0vURpWMKTlAGVy8rQ,10
jrycYLV0cq4,UCnirzf0fEAPfQV__61iwSQQ,20
JS7qpJE_HOg,UCfK5mYo5nvU4d4vkguhSn6Q,10
jSQj2yCTiAI,UCu7cGbQEMgGk8TD0ZYucM5g,27
jSuJrpUJAgE,UCckltLEhFLv8Xz_lQhYfwmg,25
JSVRBXY-gY8,UCrjQG1gLZ4cDwIzrGA5pRBw,22
jT34Nw8rwus,UCgnFSj7jQffD5V5m05j4dPw,22
JTcwkBrM030,UCn0XmAUFv6d2tofMFEesSNw,24
JtgH9WvI9QA,UCgnFSj7jQffD5V5m05j4dPw,22
JtMoB2TrLaU,UCOQAZV0vURpWMKTlAGVy8rQ,10
JTNADIj1A4I,UCltN1illHSguno1gokRShxA,26
Jtnb7bGdYiU,UCTb1H9XUOHjqA9hVvxCht0w,22
JTni8gYzFbU,UCuc40qp1ZKB_ZbDw9iml8Kg,22
JtRbVw0fdIg,UCwkHQPpM4IvsJZiIwW9_8Ng,22
jukmlUWxTrA,UCNFDDKoTezuSWbIjjHA76xQ,22
jURIJre7DiU,UCu_V8lfzyGspxP-LNFowW9w,10
juy7m2iNIlA,UCckltLEhFLv8Xz_lQhYfwmg,25
JVA2P5y-THQ,UCd3VsafChPVXeIufCAzCprA,27
jvb9kJZF2BA,UCEUSUxrhCt4n0Pp9WB7q7-w,24
jVHVLu07a0g,UCEuz_HGv5er0LZsztjO4g5Q,24
jVnJU055_u8,UCDdPJHmxHCJLH1sDyytCATw,22
Jvsn_rUjkYo,UCKA7SQOUkD1_z5lr016Q70w,22
jvykMmA1Zck,UC92h2ZVbLNazWe038DnzIUA,22
Jw4LioLijJc,UCDdPJHmxHCJLH1sDyytCATw,22
jw9HeVE7Mtk,UCEjCyBoWP57QRkmFRz-aOGw,27
jWF1H-smYbA,UCOQAZV0vURpWMKTlAGVy8rQ,10
JWhjyg7iRGY,UCrjQG1gLZ4cDwIzrGA5pRBw,22
jWlFCHC-e4Y,UCJsN1Mmx4GRA6sCYdfKqpSQ,10
jwPQaEAKZlo,UCRnC_XIuIVFKWphUcLd4MVA,27
JwVD2fGYkZc,UCiOEgWwAKbfrVb795hqQc9A,24
JwW-XTOe51g,UC2Wq8OiU3P9sSRxHpFEe_0Q,22
jx03faWAJcU,UCe13xXtdfx_n0_z1qeXV6_g,10
JX8afxyHRnQ,UCOLdaAcrdzYY3ug15EuuFAg,26
jxF9qRHDoHU,UCwkHQPpM4IvsJZiIwW9_8Ng,22
jxl3mvEUylc,UC7301rstHsGPohgeR_kh8Pw,26
jXreaCpMwM0,UCt7aYc76HmITvYbbQlHyFnw,27
JxuLnsL5Mx0,UCs_mHlm5_C82W5WCIJaSMbQ,22
jXVeBdLGPHA,UC6lDrxy3lS4LNRuuBtryqpQ,22
JY1oV4BCkA0,UCckltLEhFLv8Xz_lQhYfwmg,25
jY3LT_co6Xo,UCNyujDJFZqQml78mdpb2rNA,24
Jyd38Ad_1t0,UCc8W1zUTmtNqXIhOHxPIAuw,27
jyhluww6EvY,UCckltLEhFLv8Xz_lQhYfwmg,25
jyq6AXmas7c,UC7301rstHsGPohgeR_kh8Pw,26
jYREQHmM9QM,UCh9qXeL8eP3Txra2908xksg,10
jYti6qs5K9M,UCt7aYc76HmITvYbbQlHyFnw,27
JYVIz-glON8,UCAapm4DhqB5ckqr61IGdTUw,22
jyY37OBKO_U,UCu_V8lfzyGspxP-LNFowW9w,10
JyyxlLIkSVI,UCckltLEhFLv8Xz_lQhYfwmg,25
JzaRemTIu2s,UCKEKf35apTUvSLs-c1DCekw,27
jZB-UGlN30Y,UCYG2PZN2DImFqoTcj983iqA,24
JZF4NXLqsns,UCAapm4DhqB5ckqr61IGdTUw,20
JZKu3f523c4,UCckltLEhFLv8Xz_lQhYfwmg,25
jZwHGGLM1FQ,UCCK3OZi788Ok44K97WAhLKQ,25
k_avKoXEtjk,UC3C6rQHX8pkjSyOm-620k3w,28
k_dx4OCI1nY,UCuc40qp1ZKB_ZbDw9iml8Kg,22
k_jIXU7Q6Cs,UCDdPJHmxHCJLH1sDyytCATw,22
k_mEuU67Spg,UCDdPJHmxHCJLH1sDyytCATw,22
k_mwPosOhyc,UCVmkgq5EQR_Dls3LG-wkrjw,28
K_UTXv0wLZw,UCckltLEhFLv8Xz_lQhYfwmg,25
K-G3EoWUvec,UCRtAu8OVYVfuNZmTV-Ug0zA,27
K-gVxYDx5ZA,UCuc40qp1ZKB_ZbDw9iml8Kg,22
k-tvanQbJbI,UCdTL_n9uC2_DlLX7ohcKpVQ,24
K0i2J4bhRAo,UCCK3OZi788Ok44K97WAhLKQ,25
k0LPXB84Qwg,UCOLdaAcrdzYY3ug15EuuFAg,26
k0n1SXDFEmU,UCmqflTSJ6911aCrnaWIXxsA,24
K0u8PJWX3V8,UCaRBojHlDl24Tzh6Vt6dihQ,20
k0ZcF0nSsSQ,UC8irIP66QzlZNVgqe4vwN9g,10
K11Pp6mJTZY,UCgnFSj7jQffD5V5m05j4dPw,22
K19AYOFzviA,UCckltLEhFLv8Xz_lQhYfwmg,25
k1hiyG2zHZg,UCU5WmQA3Ur1Yriw5pMqoBNQ,24
k1iichgb5F4,UCgnFSj7jQffD5V5m05j4dPw,24
K1kue4sUeBI,UCQxq1x6XKl1oRJ_aSOdurWQ,10
K1uSO7SK1Ec,UCn0XmAUFv6d2tofMFEesSNw,24
k2j0Lu8BJLQ,UCnY7v189bwoSTFFYD_PNWhQ,27
K39VYyjzACI,UCgnFSj7jQffD5V5m05j4dPw,22
k3npYommz0A,UCKS1HX4moHCcDBZnM9k4giw,1
k3vtCw95WN0,UCcrktZCp1tY9eDqrk6fMrsA,24
K4CjQ4Dxr80,UCcrktZCp1tY9eDqrk6fMrsA,24
K4eREcg1BIM,UCcrktZCp1tY9eDqrk6fMrsA,24
K4ghNlCVUpg,UCOLdaAcrdzYY3ug15EuuFAg,26
K4qdU7ZJFHE,UCR5y9OV23c0jJ4RGwDvGnLw,27
K4vji-KvcpI,UCgnFSj7jQffD5V5m05j4dPw,22
k5Dd9LkvKO4,UCu7cGbQEMgGk8TD0ZYucM5g,27
k5kg3mNP10U,UCU5WmQA3Ur1Yriw5pMqoBNQ,24
K5NPEgcZApw,UC_wCgvTythKNffDZ0IQNvYQ,28
k5OBDu9hJxk,UCh9qXeL8eP3Txra2908xksg,10
k6kmm9tJwpk,UCe13xXtdfx_n0_z1qeXV6_g,10
k6SLUl6Cp1c,UCNyujDJFZqQml78mdpb2rNA,24
K6X6WGDKmzo,UCmqflTSJ6911aCrnaWIXxsA,24
K794GzaPg3Q,UCkysZsPin4y9iQHS-QYygeQ,20
K7i4n0yQuPQ,UCRtAu8OVYVfuNZmTV-Ug0zA,27
K7TPpKkXZk4,UCrjQG1gLZ4cDwIzrGA5pRBw,22
K8kQaT4RYgY,UCRnC_XIuIVFKWphUcLd4MVA,27
K9TX0cTI_Uc,UCETxOvOv9_44-CUzsPlzyxQ,28
K9ysnM8ve68,UCMeObxIFpmRVL22ZpL4ME9g,22
kAdMkqi5-Dw,UCh9qXeL8eP3Txra2908xksg,10
kAfCsozEQzQ,UCmqflTSJ6911aCrnaWIXxsA,24
kaFK5rcJzvE,UCCK3OZi788Ok44K97WAhLKQ,25
kakSk5rPXe0,UCdTL_n9uC2_DlLX7ohcKpVQ,24
kAv1IdmzhlI,UCckltLEhFLv8Xz_lQhYfwmg,25
kb3j0pz9qhI,UCfK5mYo5nvU4d4vkguhSn6Q,24
KB4fMydImB8,UC2Wq8OiU3P9sSRxHpFEe_0Q,22
kB8cAL8ARV0,UC-ss1l2vO46QAgyCsPRIVDA,27
kBCKpDAGGco,UC3C6rQHX8pkjSyOm-620k3w,28
kbEbE2mwTls,UCCK3OZi788Ok44K97WAhLKQ,25
kBq3TN641Z0,UCckltLEhFLv8Xz_lQhYfwmg,25
KbsAZiK6sCA,UCckltLEhFLv8Xz_lQhYfwmg,25
KbxqJXA8EgI,UCCK3OZi788Ok44K97WAhLKQ,25
kBz6hvcqidQ,UCgnFSj7jQffD5V5m05j4dPw,22
kC9M--9Pv5M,UCTb1H9XUOHjqA9hVvxCht0w,22
kCGVf_Ai0-0,UCckltLEhFLv8Xz_lQhYfwmg,25
kcptUWx2zpQ,UCCK3OZi788Ok44K97WAhLKQ,25
KCWaTP2qIys,UCckltLEhFLv8Xz_lQhYfwmg,25
kD9MeajIEO4,UCR0Bia1mQ7NQp31WWNhoFnw,20
KDe-cjXPqzI,UCCK3OZi788Ok44K97WAhLKQ,25
KdGwn5FAwAo,UCDm4BW0Q5d-zASSuRyvPGXw,22
Kdhq7A1Pkbw,UCEuz_HGv5er0LZsztjO4g5Q,24
Kdl3qO9RhSQ,UCNyujDJFZqQml78mdpb2rNA,24
Kdpzyy4alIQ,UCEuz_HGv5er0LZsztjO4g5Q,24
KdR5WrUJm-8,UCCK3OZi788Ok44K97WAhLKQ,25
kDvNixmxUZk,UCgnFSj7jQffD5V5m05j4dPw,22
Ke4D-ZFu0_Q,UCnirzf0fEAPfQV__61iwSQQ,20
KEKE19uAL9o,UCKEKf35apTUvSLs-c1DCekw,27
kEl28GOGHGg,UCvQoK_VN52NG9CwB7Tc9WZg,27
kEyL5-W9bkI,UCckltLEhFLv8Xz_lQhYfwmg,25
kf_LQLcQzr4,UCWqN5l7FwMO6-gT8Dg9mx5A,22
KF5xId0cMAg,UCckltLEhFLv8Xz_lQhYfwmg,25
KF6XbdBKpDE,UCHQfFg_epoUK0htwmiUyzEQ,27
kfHTW9kEOg0,UCU5WmQA3Ur1Yriw5pMqoBNQ,24
KFphKBmVWt8,UCs_mHlm5_C82W5WCIJaSMbQ,22
kFrQhyI2xuo,UCMeObxIFpmRVL22ZpL4ME9g,22
KfwqB115PHs,UCmqflTSJ6911aCrnaWIXxsA,24
kgIB4jfGqcY,UCd3VsafChPVXeIufCAzCprA,27
KGp9kaZnvwc,UCEoihco2ah097z2YwYOtojw,20
KGplpHzSBPA,UC0CXMeU0432EMgBnlBaY_yA,27
KH_lOiBUd0E,UCd3VsafChPVXeIufCAzCprA,1
Kh7VXmmy4BM,UCCK3OZi788Ok44K97WAhLKQ,25
KhUXEmasqpM,UCKA7SQOUkD1_z5lr016Q70w,22
khwHi69NSfs,UCDO8zlJiV9ZgaMMK2DyX1Dw,17
KHwMNzxSCuA,UCjK3LREYZUrNKnk56Prhe4w,29
KhytGzJ7oCQ,UCgnFSj7jQffD5V5m05j4dPw,22
Ki972gR-EuU,UCckltLEhFLv8Xz_lQhYfwmg,25
KIE7kZdQ5gA,UCVmkgq5EQR_Dls3LG-wkrjw,28
KIITR-a9vs4,UCiOEgWwAKbfrVb795hqQc9A,24
KIOEdZJEFVs,UCYG2PZN2DImFqoTcj983iqA,24
kiplHdApqE4,UCn0XmAUFv6d2tofMFEesSNw,24
KixvlCW6dHY,UCgnFSj7jQffD5V5m05j4dPw,22
kJa0MDZIY7A,UCDO8zlJiV9ZgaMMK2DyX1Dw,17
KJAZb2ziOtI,UCu7cGbQEMgGk8TD0ZYucM5g,27
kjgiyRjyPpM,UCckltLEhFLv8Xz_lQhYfwmg,25
KJk6_MLRAkk,UCU5WmQA3Ur1Yriw5pMqoBNQ,24
KJmvd8oTFuA,UCmqflTSJ6911aCrnaWIXxsA,24
KJQcmAkazps,UCCK3OZi788Ok44K97WAhLKQ,25
KJRDMRstdDk,UC-ss1l2vO46QAgyCsPRIVDA,27
kK9_KuwC7O0,UCOQAZV0vURpWMKTlAGVy8rQ,27
kk9ehlj0v6I,UCnirzf0fEAPfQV__61iwSQQ,20
kkoHuPJgCU4,UCckltLEhFLv8Xz_lQhYfwmg,25
KkqaTT7iDww,UCQxq1x6XKl1oRJ_aSOdurWQ,10
kkU81OYdnfE,UCNyujDJFZqQml78mdpb2rNA,24
kKxafrev890,UCCK3OZi788Ok44K97WAhLKQ,25
kkXcSbb1Wyo,UCckltLEhFLv8Xz_lQhYfwmg,25
kL_UaxBFMVE,UCglXlpWjIi95auM3umWWLdw,28
Kl3hPG7gr-A,UC7hqTC-ChL-_PUKhctTt50A,19
Kl6tqZnNHWk,UCckltLEhFLv8Xz_lQhYfwmg,25
KLAxKiGktHY,UCn0XmAUFv6d2tofMFEesSNw,24
KLEVHFiwoDU,UCCK3OZi788Ok44K97WAhLKQ,25
KLgt0WfhkZ0,UC0CXMeU0432EMgBnlBaY_yA,27
kLHciZSOU6A,UC4UaWbUUwVvCxWNqhb4f16Q,22
kLHEOJnQIXc,UCr8qGT-Mv9tdCo-aPr06REQ,1
kLnk0htgQVo,UCCK3OZi788Ok44K97WAhLKQ,25
Klpw6E_erNI,UCnirzf0fEAPfQV__61iwSQQ,20
KLrjg-EmjYU,UCHQfFg_epoUK0htwmiUyzEQ,27
kM52vo4c2g0,UCHQfFg_epoUK0htwmiUyzEQ,27
KmaDvCWSWY8,UCckltLEhFLv8Xz_lQhYfwmg,25
KMAtlTUjans,UCFPySgAumPBFo0VFf8hjCjw,2
KMJ73QWobUc,UCOLdaAcrdzYY3ug15EuuFAg,26
kMmkCWZGeT4,UCn0XmAUFv6d2tofMFEesSNw,24
kMNZhXQPMjI,UCs_mHlm5_C82W5WCIJaSMbQ,22
Kmq2baMGWNM,UC7301rstHsGPohgeR_kh8Pw,26
KMSsxBLyM5c,UCrjQG1gLZ4cDwIzrGA5pRBw,22
KMYG64nShPk,UCcrktZCp1tY9eDqrk6fMrsA,24
kn4TdTb16dc,UCBR9iW2qo_7LP9_9u3A2ZeQ,20
Kn5i-WP-3ho,UC0CXMeU0432EMgBnlBaY_yA,27
kNS1DkoDEmc,UCWqN5l7FwMO6-gT8Dg9mx5A,22
KnVfZudJQnE,UCckltLEhFLv8Xz_lQhYfwmg,25
KO8RsEQoj-U,UCRtAu8OVYVfuNZmTV-Ug0zA,27
kOfV9HmbbT8,UCu_V8lfzyGspxP-LNFowW9w,10
KOiFs6MnSXQ,UC-ss1l2vO46QAgyCsPRIVDA,27
kOkVWFtA2QM,UCEUSUxrhCt4n0Pp9WB7q7-w,24
KOkwwoSU_6s,UCKA7SQOUkD1_z5lr016Q70w,22
KoRaSsft_KQ,UCaRBojHlDl24Tzh6Vt6dihQ,20
koRpHhAk2KU,UCckltLEhFLv8Xz_lQhYfwmg,25
KpDa4Al4vcM,UCs_mHlm5_C82W5WCIJaSMbQ,22
kpfvosPoEl0,UCckltLEhFLv8Xz_lQhYfwmg,25
KPM7Z0TkeJ0,UCckltLEhFLv8Xz_lQhYfwmg,25
KPQTWnmvges,UCDO8zlJiV9ZgaMMK2DyX1Dw,17
kPVQoGuY8Ps,UCCK3OZi788Ok44K97WAhLKQ,25
KpZ2FQ7rC0k,UCFPySgAumPBFo0VFf8hjCjw,2
KQDwY9K6NfU,UC1Q3UfVjchyhbtyJXc_mu5w,24
kqDxsUdDFgc,UCU5WmQA3Ur1Yriw5pMqoBNQ,24
kqlfqM8XALU,UCNyujDJFZqQml78mdpb2rNA,24
KqpChRr-CCo,UCrjQG1gLZ4cDwIzrGA5pRBw,22
kqPCU8L4XQU,UC3C6rQHX8pkjSyOm-620k3w,28
KQQrDQLH2d0,UCCK3OZi788Ok44K97WAhLKQ,25
kQtY6s6a5QE,UCmqflTSJ6911aCrnaWIXxsA,24
KquvgG1pzw4,UCr8qGT-Mv9tdCo-aPr06REQ,1
kqw7_4x8QHw,UCnY7v189bwoSTFFYD_PNWhQ,27
Kr214Ei7mjU,UCR5y9OV23c0jJ4RGwDvGnLw,27
kREEOEzB0js,UCwkHQPpM4IvsJZiIwW9_8Ng,22
krimEHvCQVA,UCCK3OZi788Ok44K97WAhLKQ,25
KrIz_YnGqv8,UCgnFSj7jQffD5V5m05j4dPw,22
kRL5VxS4M84,UC92h2ZVbLNazWe038DnzIUA,22
KrN2euuzvAo,UCckltLEhFLv8Xz_lQhYfwmg,25
KRnmDWMB9Q8,UCEuz_HGv5er0LZsztjO4g5Q,24
KRtLjfReifg,UCn0XmAUFv6d2tofMFEesSNw,24
kS-F1KK8t6w,UCwKYO2L9xzLtWhSv4ncYCIA,22
kS4f27ROfgk,UCYG2PZN2DImFqoTcj983iqA,24
Ks5kLddsC6I,UCGN3TM5lZQ1DAvMwI1LIc8Q,27
KS8zaNalNVs,UCr8qGT-Mv9tdCo-aPr06REQ,1
ksCX8F3sz1o,UCOLdaAcrdzYY3ug15EuuFAg,26
KsFFs-8mrlU,UCFq73irpdELVQc5yYQcLCcA,22
KshYJUUrq5Q,UCCK3OZi788Ok44K97WAhLKQ,25
KsuOFCCH4kM,UCKS1HX4moHCcDBZnM9k4giw,1
KSwR-AJyDhc,UCckltLEhFLv8Xz_lQhYfwmg,25
ksy0qdLZjfM,UCnirzf0fEAPfQV__61iwSQQ,20
Kt_u7Pkaq-4,UCEa6e_J_Xs_GKCzG8Eq15Xw,24
kt1GYWSbl1g,UCmqflTSJ6911aCrnaWIXxsA,24
ktJjikl1_v8,UC7hqTC-ChL-_PUKhctTt50A,19
ktpYkBxPcRE,UCckltLEhFLv8Xz_lQhYfwmg,25
Ktr-JcutSso,UCckltLEhFLv8Xz_lQhYfwmg,25
ktTmNwepPxs,UCwKYO2L9xzLtWhSv4ncYCIA,19
KTtOET543Ks,UCs_mHlm5_C82W5WCIJaSMbQ,22
kTuIDfnHF0M,UCvQoK_VN52NG9CwB7Tc9WZg,27
kTyYqFNQrUw,UC4UaWbUUwVvCxWNqhb4f16Q,22
KUddKQcF3kU,UC8irIP66QzlZNVgqe4vwN9g,10
kUgOE0vcOBI,UCh9qXeL8eP3Txra2908xksg,10
kUMsvzETUJY,UCckltLEhFLv8Xz_lQhYfwmg,25
kuMW6LXF_A0,UC8irIP66QzlZNVgqe4vwN9g,10
kUNyClCnAcU,UCYFn7BOOlmL21iNJ6q5IDfg,24
KuVcQErBCsg,UCgnFSj7jQffD5V5m05j4dPw,22
kuYhwPFZi3Y,UCckltLEhFLv8Xz_lQhYfwmg,25
KV0IPsMeuX8,UCmqflTSJ6911aCrnaWIXxsA,24
KVf0sUaF5vk,UCgnFSj7jQffD5V5m05j4dPw,22
kvJGzkuI4Og,UCCK3OZi788Ok44K97WAhLKQ,25
kVMMwgaJkAY,UCCK3OZi788Ok44K97WAhLKQ,25
KVrAoOLgft8,UCR0Bia1mQ7NQp31WWNhoFnw,22
kvyJMPr4UsQ,UCEoihco2ah097z2YwYOtojw,20
kvzY1quiSoI,UCckltLEhFLv8Xz_lQhYfwmg,25
kweo4mcbqZo,UCFq73irpdELVQc5yYQcLCcA,22
kX-lHEsin_Y,UCk6Bzr5M-8n_KN2guSmWmMw,22
Kx2QuugpHoA,UC92h2ZVbLNazWe038DnzIUA,22
KX7eEl7yMes,UCh9qXeL8eP3Txra2908xksg,10
kXJcjH4-Lws,UC1Q3UfVjchyhbtyJXc_mu5w,24
kXJXmunIcJ8,UCckltLEhFLv8Xz_lQhYfwmg,25
kXnQq6QLVNE,UCe13xXtdfx_n0_z1qeXV6_g,10
kXoExKin0kE,UCKS1HX4moHCcDBZnM9k4giw,1
KxoshZR6JMA,UC0PdkCm3QlHJ8HdH4JeNirA,20
kxPvyrhzr5A,UCdY0SS4tZPdWdQ6m5bX-ZBg,24
kXWI9hiyNmQ,UCGc6e2-SXlGP_cKkV5H39Kg,10
KY23eaH2DX0,UCckltLEhFLv8Xz_lQhYfwmg,25
kYGFhAe7M4E,UCR0Bia1mQ7NQp31WWNhoFnw,20
KyhEs0j3bas,UCgnFSj7jQffD5V5m05j4dPw,22
KytCnDQtzhs,UC1Q3UfVjchyhbtyJXc_mu5w,24
Kz04650md2E,UCwKYO2L9xzLtWhSv4ncYCIA,19
kZ3_pjaGsNI,UCRtAu8OVYVfuNZmTV-Ug0zA,27
Kz6TFP-HBXc,UC2Wq8OiU3P9sSRxHpFEe_0Q,22
kZA7VY1PCVw,UCGkzF25IZBE1SF9ykM64xEA,24
KzavATqgjx8,UCFPySgAumPBFo0VFf8hjCjw,2
kZbeGdIzjEY,UCYG2PZN2DImFqoTcj983iqA,24
kZdfGQjBpHo,UCDO8zlJiV9ZgaMMK2DyX1Dw,17
kzfDXd7IZ18,UCwkHQPpM4IvsJZiIwW9_8Ng,22
KzGF0juNS5M,UCQxq1x6XKl1oRJ_aSOdurWQ,10
kZNTvYmFwBM,UCCK3OZi788Ok44K97WAhLKQ,25
KZvisxOUrwE,UCcrktZCp1tY9eDqrk6fMrsA,27
KZZj018seFk,UCCK3OZi788Ok44K97WAhLKQ,25
l_3GxDXcYm8,UCn0XmAUFv6d2tofMFEesSNw,24
L_kZFFB7VsA,UC0CXMeU0432EMgBnlBaY_yA,27
l_pn1Eg0YBI,UC92h2ZVbLNazWe038DnzIUA,22
l_shhh5nb7c,UCDdPJHmxHCJLH1sDyytCATw,22
l-MOZQREwWM,UCgnFSj7jQffD5V5m05j4dPw,24
L-n1uVYdHfk,UCckltLEhFLv8Xz_lQhYfwmg,25
l-NrYK4a05c,UCDm4BW0Q5d-zASSuRyvPGXw,22
l0FM0DUMrBs,UCnY7v189bwoSTFFYD_PNWhQ,27
L0KgyMP-Oak,UCs_mHlm5_C82W5WCIJaSMbQ,22
l1AYrWXrAbQ,UC2Wq8OiU3P9sSRxHpFEe_0Q,22
L1Ejw5WOq1k,UCBR9iW2qo_7LP9_9u3A2ZeQ,20
L1MIcjjflVw,UCEoihco2ah097z2YwYOtojw,20
L2Kx88w_kdg,UCckltLEhFLv8Xz_lQhYfwmg,25
L2pEurjt68g,UCNyujDJFZqQml78mdpb2rNA,24
L3EK7ksOf0c,UCR5y9OV23c0jJ4RGwDvGnLw,27
L3jzcVhrZ7w,UCs_mHlm5_C82W5WCIJaSMbQ,22
l3KXtERiyC4,UCR5y9OV23c0jJ4RGwDvGnLw,27
L3uypZWTBE0,UCh9qXeL8eP3Txra2908xksg,10
L4Hzla5r0_M,UCwXfRdTtVeVnXXF4poaYw0Q,19
l5haEgQs0EA,UCwkHQPpM4IvsJZiIwW9_8Ng,22
L5piJqmfdx0,UC-ss1l2vO46QAgyCsPRIVDA,27
l5rXP70jF_c,UCmqflTSJ6911aCrnaWIXxsA,24
L5wBvM2-SwQ,UCckltLEhFLv8Xz_lQhYfwmg,25
L6S3hgrunfY,UCmqflTSJ6911aCrnaWIXxsA,24
L7cZZPhfJ7k,UC3C6rQHX8pkjSyOm-620k3w,28
L7EEj2ohrlE,UCckltLEhFLv8Xz_lQhYfwmg,25
L7OanpmHmyc,UCEa6e_J_Xs_GKCzG8Eq15Xw,24
l8iYJVvuB-o,UCr8qGT-Mv9tdCo-aPr06REQ,1
l8j7kSEYTaY,UCKEKf35apTUvSLs-c1DCekw,27
l8N_Kf7KZTE,UCVwbUjoiTUXxeVjsxW9Kwng,10
L8r6V2JirmQ,UCwKYO2L9xzLtWhSv4ncYCIA,27
l8sRIm6A_hU,UCn0XmAUFv6d2tofMFEesSNw,24
l8wUVsBCAKw,UCglXlpWjIi95auM3umWWLdw,28
l94-mKP5s2k,UC_BPD0TBnFtRExZOhIFEQYQ,20
L95OXkWg8jY,UCs_mHlm5_C82W5WCIJaSMbQ,22
L9KunMH5p-A,UCckltLEhFLv8Xz_lQhYfwmg,25
l9o1E1Hi2AM,UCckltLEhFLv8Xz_lQhYfwmg,25
LA6d4FeINHE,UCgnFSj7jQffD5V5m05j4dPw,22
lA6Ved9sT5M,UCuc40qp1ZKB_ZbDw9iml8Kg,22
lAoHWOIPFF0,UCCK3OZi788Ok44K97WAhLKQ,25
LAr5uvrFl-g,UC0CXMeU0432EMgBnlBaY_yA,27
lARYbE_somc,UCjK3LREYZUrNKnk56Prhe4w,29
LaUr7DGhx4c,UCckltLEhFLv8Xz_lQhYfwmg,25
LAXKiXkPRw0,UCCK3OZi788Ok44K97WAhLKQ,25
Lbd6-H6juHk,UCckltLEhFLv8Xz_lQhYfwmg,25
LbETZU1mciM,UCNFDDKoTezuSWbIjjHA76xQ,22
lBeumkr01q8,UCgnFSj7jQffD5V5m05j4dPw,22
lBHWQ5rJtZw,UCn0XmAUFv6d2tofMFEesSNw,24
LBOewqBFEiM,UCR5y9OV23c0jJ4RGwDvGnLw,27
lbOMQC4gG-c,UCWqN5l7FwMO6-gT8Dg9mx5A,22
LBS0oUAAQLU,UCKA7SQOUkD1_z5lr016Q70w,22
lBxD-uZF_Ng,UCr8qGT-Mv9tdCo-aPr06REQ,1
LByN8IWaLWk,UC3C6rQHX8pkjSyOm-620k3w,28
LBYXbWdf5q4,UCNFDDKoTezuSWbIjjHA76xQ,22
Lc7Bixnv0Es,UCCK3OZi788Ok44K97WAhLKQ,25
LcAHadDFDHg,UCEa6e_J_Xs_GKCzG8Eq15Xw,10
lCH3NekOfr0,UCKEKf35apTUvSLs-c1DCekw,27
LcI5vJLLhSI,UCnirzf0fEAPfQV__61iwSQQ,20
LcIByHUfmpE,UCk6Bzr5M-8n_KN2guSmWmMw,24
LCiKLUvEZb8,UCFPySgAumPBFo0VFf8hjCjw,2
lClpGjyiVN4,UCwkHQPpM4IvsJZiIwW9_8Ng,22
lcrKjZ0ppjY,UCr8qGT-Mv9tdCo-aPr06REQ,1
lcsCC6DIPiA,UCJsN1Mmx4GRA6sCYdfKqpSQ,28
LcU3dRnx73s,UC4UaWbUUwVvCxWNqhb4f16Q,22
LcWU5v0r76g,UCckltLEhFLv8Xz_lQhYfwmg,25
lcXenL38tkk,UCn0XmAUFv6d2tofMFEesSNw,24
LD2L26WwTr4,UCckltLEhFLv8Xz_lQhYfwmg,25
Ldaa4iE2dJM,UCFPySgAumPBFo0VFf8hjCjw,2
lDcbhH5MiRw,UCm-TY_JakK4dHAwF6QqcZSg,20
lDJSIwCZW60,UCckltLEhFLv8Xz_lQhYfwmg,25
ldp1uON6JEA,UCgnFSj7jQffD5V5m05j4dPw,24
lE-WguSjxec,UCckltLEhFLv8Xz_lQhYfwmg,25
LEB9Dc3839c,UCckltLEhFLv8Xz_lQhYfwmg,25
LECTDcXeHf0,UCR0Bia1mQ7NQp31WWNhoFnw,22
LENjHul7oU4,UCwXfRdTtVeVnXXF4poaYw0Q,19
lETv9E7BYHw,UCglXlpWjIi95auM3umWWLdw,28
lEvlnC19eY0,UCCK3OZi788Ok44K97WAhLKQ,25
lf2I4TS710k,UC3C6rQHX8pkjSyOm-620k3w,28
lF7U9Vwu4VE,UCltN1illHSguno1gokRShxA,26
LfdiPFL3ruY,UCu_V8lfzyGspxP-LNFowW9w,10
LfJe6tc0YU0,UCgnFSj7jQffD5V5m05j4dPw,25
Lfw1n3k5Vm0,UC9ZdXR-RYydFqdIb1lqM4LQ,19
LFxpSB8qouc,UCu_V8lfzyGspxP-LNFowW9w,10
lFzmPIzDlmA,UCckltLEhFLv8Xz_lQhYfwmg,25
lg6tA8D4jvE,UCgnFSj7jQffD5V5m05j4dPw,22
LgJIG8QvZjY,UCgnFSj7jQffD5V5m05j4dPw,24
LGkfEBU0cps,UCckltLEhFLv8Xz_lQhYfwmg,25
lH29HpuUAHs,UC0PdkCm3QlHJ8HdH4JeNirA,20
LheOMc3Gp_0,UCMeObxIFpmRVL22ZpL4ME9g,22
lHivvNBjz-0,UCRnC_XIuIVFKWphUcLd4MVA,27
lHkqK8vMQ7I,UCMeObxIFpmRVL22ZpL4ME9g,22
lHP00zHArls,UCMQYRNX1Fg-HJ8Ey7Z3WPrA,24
LHU0l_OS22M,UCVmkgq5EQR_Dls3LG-wkrjw,22
lHXKJ_4J2ko,UC3C6rQHX8pkjSyOm-620k3w,28
lHyG2SLSzXo,UCckltLEhFLv8Xz_lQhYfwmg,25
lIdP354i-R4,UCHQfFg_epoUK0htwmiUyzEQ,27
liq85TjfUaE,UC2Wq8OiU3P9sSRxHpFEe_0Q,22
liZOA_H6-CI,UCckltLEhFLv8Xz_lQhYfwmg,25
LJ6KJeztuA0,UC7301rstHsGPohgeR_kh8Pw,26
lJgh5RjZfjE,UCDdPJHmxHCJLH1sDyytCATw,22
LjHZ9i4KD0g,UCWqN5l7FwMO6-gT8Dg9mx5A,22
LJixDEtN_rk,UCETxOvOv9_44-CUzsPlzyxQ,28
LJOFuFFQn00,UCAapm4DhqB5ckqr61IGdTUw,22
LjQy2xxyeq0,UCu7cGbQEMgGk8TD0ZYucM5g,27
lK2WyLksH44,UCCK3OZi788Ok44K97WAhLKQ,25
lkFO8SewG7g,UCn0XmAUFv6d2tofMFEesSNw,24
LKoJvxtgmq8,UCCK3OZi788Ok44K97WAhLKQ,25
lkv-r9q9Sz8,UC5216enGX_-P4fTk9nPG9UQ,25
lLEWN0x99r8,UC_BPD0TBnFtRExZOhIFEQYQ,20
LLL1eqBHfKQ,UC7hqTC-ChL-_PUKhctTt50A,19
llL2t058mOs,UCgnFSj7jQffD5V5m05j4dPw,22
LlT-E_5Ikvg,UCNyujDJFZqQml78mdpb2rNA,24
LMasi9VR3bw,UCCK3OZi788Ok44K97WAhLKQ,25
LmeZ4IslIBY,UCCK3OZi788Ok44K97WAhLKQ,25
lmLqdAdFwPQ,UCCK3OZi788Ok44K97WAhLKQ,25
LMTeHZAtLT4,UCkysZsPin4y9iQHS-QYygeQ,20
ln0v9xy6O-8,UCh9qXeL8eP3Txra2908xksg,10
LN90KY3qWX8,UCu_V8lfzyGspxP-LNFowW9w,10
lNbHy6aOK04,UCYFn7BOOlmL21iNJ6q5IDfg,24
LnC-RHBcQRg,UCgnFSj7jQffD5V5m05j4dPw,22
LNjVOwnGCbA,UCQxq1x6XKl1oRJ_aSOdurWQ,10
lnL1N_3uFJo,UCnirzf0fEAPfQV__61iwSQQ,20
LNyUUu7ugvc,UCFPySgAumPBFo0VFf8hjCjw,2
lo-50VoNWTc,UCTb1H9XUOHjqA9hVvxCht0w,19
lofRt47McWI,UCjK3LREYZUrNKnk56Prhe4w,29
lOIa3Yf2yo4,UCkysZsPin4y9iQHS-QYygeQ,20
lOilpO-VfZ8,UCr8qGT-Mv9tdCo-aPr06REQ,1
LoNLxVAZiRY,UCCK3OZi788Ok44K97WAhLKQ,25
LOQJBsloySU,UCGkzF25IZBE1SF9ykM64xEA,24
lOVg2lrgEko,UCKS1HX4moHCcDBZnM9k4giw,1
LPbq6BW7nTk,UCckltLEhFLv8Xz_lQhYfwmg,25
lpcg5dQhXo4,UC0PdkCm3QlHJ8HdH4JeNirA,20
LPIwPJjDIVY,UCd3VsafChPVXeIufCAzCprA,27
lPLAY0D7awM,UCckltLEhFLv8Xz_lQhYfwmg,25
LPlH12emdEc,UCCK3OZi788Ok44K97WAhLKQ,25
LPr_Q4rU-W4,UCDdPJHmxHCJLH1sDyytCATw,22
LPr3tA2Yz68,UCCK3OZi788Ok44K97WAhLKQ,25
lpz8tejMoew,UCglXlpWjIi95auM3umWWLdw,28
lq-ENvTxK_k,UCU5WmQA3Ur1Yriw5pMqoBNQ,24
lQ554ezYsro,UCEuz_HGv5er0LZsztjO4g5Q,24
lQjLQwxpyT0,UCgnFSj7jQffD5V5m05j4dPw,22
LQo7hRqVriM,UC0CXMeU0432EMgBnlBaY_yA,27
lQOIbGyZnGk,UCEmrzEYds6XN_7dd_5_XnrA,24
Lqvcr4kk_-U,UCCK3OZi788Ok44K97WAhLKQ,25
Lqx465XT9ys,UCckltLEhFLv8Xz_lQhYfwmg,25
Lr_f2wy3jNI,UCe13xXtdfx_n0_z1qeXV6_g,10
Lr_fMjfVbqo,UCNFDDKoTezuSWbIjjHA76xQ,22
lr98z33UFKQ,UCuc40qp1ZKB_ZbDw9iml8Kg,22
lrav0TxObEA,UCnirzf0fEAPfQV__61iwSQQ,20
lrFzZmJgHl8,UCuc40qp1ZKB_ZbDw9iml8Kg,22
lrkCvAOOBNM,UC6lDrxy3lS4LNRuuBtryqpQ,22
LRRDmQ29Yg4,UCCK3OZi788Ok44K97WAhLKQ,25
LRw7_YxMz90,UC3C6rQHX8pkjSyOm-620k3w,28
LSDRQn2fPyc,UCgnFSj7jQffD5V5m05j4dPw,22
lsg0HggVL6s,UCckltLEhFLv8Xz_lQhYfwmg,25
lSItEImDvYU,UC92h2ZVbLNazWe038DnzIUA,22
LSKkv8BwnJY,UCckltLEhFLv8Xz_lQhYfwmg,25
LSPeIoZ-m3g,UCCK3OZi788Ok44K97WAhLKQ,25
lssn4qi6fLU,UCCK3OZi788Ok44K97WAhLKQ,25
lSTQ1Kwvob4,UCCK3OZi788Ok44K97WAhLKQ,25
lSWgRh0uzao,UCCK3OZi788Ok44K97WAhLKQ,25
lsX1tFINxqw,UC0CXMeU0432EMgBnlBaY_yA,27
LsYC2QGqk3I,UCltN1illHSguno1gokRShxA,26
lT9xOb-fZ6k,UCn0XmAUFv6d2tofMFEesSNw,24
lTbIeuk9N-Q,UCjK3LREYZUrNKnk56Prhe4w,29
ltDqHE5gtqw,UCckltLEhFLv8Xz_lQhYfwmg,25
lTTkY8au0m8,UCaRBojHlDl24Tzh6Vt6dihQ,20
LTZd7mcaQfg,UCckltLEhFLv8Xz_lQhYfwmg,25
Lu9Bvvxhpd8,UCn0XmAUFv6d2tofMFEesSNw,24
lUmY_Mi5yMY,UCglXlpWjIi95auM3umWWLdw,28
LunQ04ij49k,UCd3VsafChPVXeIufCAzCprA,27
luRHkO3xMd8,UCKEKf35apTUvSLs-c1DCekw,27
LuWd9a6qLHw,UCr8qGT-Mv9tdCo-aPr06REQ,1
LuwFjhuW84E,UCQxq1x6XKl1oRJ_aSOdurWQ,10
LV_oV4B-PY8,UCCK3OZi788Ok44K97WAhLKQ,25
Lva4fn4_q88,UCEjCyBoWP57QRkmFRz-aOGw,27
LVaUU7vLAAE,UCckltLEhFLv8Xz_lQhYfwmg,25
LVB3-zbJ7q4,UCCK3OZi788Ok44K97WAhLKQ,25
lvBh-tWM5oI,UCgnFSj7jQffD5V5m05j4dPw,22
LVG4_RUCfpk,UCvQoK_VN52NG9CwB7Tc9WZg,27
LvHntBXTRxo,UCEUSUxrhCt4n0Pp9WB7q7-w,24
lVK9Uyvv4uk,UCcrktZCp1tY9eDqrk6fMrsA,24
lVmWUomHdJg,UCCK3OZi788Ok44K97WAhLKQ,25
lvp318533o4,UCFPySgAumPBFo0VFf8hjCjw,10
lvw3C-07_Ic,UC7hqTC-ChL-_PUKhctTt50A,19
Lw71wDdj5Rg,UCkysZsPin4y9iQHS-QYygeQ,20
lWEJKuX2r-o,UCEmrzEYds6XN_7dd_5_XnrA,24
lwFbchTAdos,UCVmkgq5EQR_Dls3LG-wkrjw,28
LwGPQ84_ab8,UCKA7SQOUkD1_z5lr016Q70w,22
lWKPj3DH0xE,UCVwbUjoiTUXxeVjsxW9Kwng,10
LWLzO_7c0cM,UCckltLEhFLv8Xz_lQhYfwmg,25
lWMGE568qLw,UCm-TY_JakK4dHAwF6QqcZSg,20
LWob9_2-svY,UCOLdaAcrdzYY3ug15EuuFAg,26
LwOZFkKCig8,UCR0Bia1mQ7NQp31WWNhoFnw,22
LWR_LsJhfDs,UCnirzf0fEAPfQV__61iwSQQ,20
lwSzMveQAZM,UCMeObxIFpmRVL22ZpL4ME9g,22
lwxu83ogHJE,UCGN3TM5lZQ1DAvMwI1LIc8Q,27
lX1g3TApMJY,UCs_mHlm5_C82W5WCIJaSMbQ,22
Lxa2ckCErF4,UCgnFSj7jQffD5V5m05j4dPw,22
lxT-2WDRFBA,UCCK3OZi788Ok44K97WAhLKQ,25
LxwjFaONkUc,UCnirzf0fEAPfQV__61iwSQQ,20
lY-pOFYeWd4,UCCK3OZi788Ok44K97WAhLKQ,25
lY5mVkrmJm8,UCgnFSj7jQffD5V5m05j4dPw,22
lyBcX7d_ka8,UCVmkgq5EQR_Dls3LG-wkrjw,28
LybErJW8QS8,UCfK5mYo5nvU4d4vkguhSn6Q,24
LyBoQomVzmg,UCe13xXtdfx_n0_z1qeXV6_g,10
lYc4TeWnozI,UCckltLEhFLv8Xz_lQhYfwmg,25
lYf7yPG9xfg,UCKA7SQOUkD1_z5lr016Q70w,22
lyI1GLHZntI,UCRtAu8OVYVfuNZmTV-Ug0zA,27
LYK7Nj2RkZw,UCwKYO2L9xzLtWhSv4ncYCIA,19
lynrc87SwwI,UCAapm4DhqB5ckqr61IGdTUw,22
LyV3Njw0bKc,UC2Wq8OiU3P9sSRxHpFEe_0Q,22
Lz4oujVQcqs,UCckltLEhFLv8Xz_lQhYfwmg,25
lZCXQLMsxl4,UCRnC_XIuIVFKWphUcLd4MVA,27
LZl92tgs9S8,UCCK3OZi788Ok44K97WAhLKQ,25
M_AB2fWzUTc,UCMeObxIFpmRVL22ZpL4ME9g,22
M-8wruPp1g4,UCCK3OZi788Ok44K97WAhLKQ,25
M-l8bMXdVi8,UCckltLEhFLv8Xz_lQhYfwmg,25
m1_1w250Mfc,UCaRBojHlDl24Tzh6Vt6dihQ,20
M1bQTJ0f_XY,UCltN1illHSguno1gokRShxA,26
m1eyZmEuVrQ,UCR0Bia1mQ7NQp31WWNhoFnw,20
M1N-RuGOBe8,UCe13xXtdfx_n0_z1qeXV6_g,10
m1P_oTqx8Y8,UCYFn7BOOlmL21iNJ6q5IDfg,24
m28V49LlBA8,UCBR9iW2qo_7LP9_9u3A2ZeQ,20
m2zSorUzHSo,UCCK3OZi788Ok44K97WAhLKQ,25
m30elDcSTf0,UCckltLEhFLv8Xz_lQhYfwmg,25
M3iDHVBwcI8,UCu7cGbQEMgGk8TD0ZYucM5g,27
M3nV-2kcgiw,UC9U2IYFVPd-Hl6zAeZQL7eQ,22
M3O59JazdWk,UCgnFSj7jQffD5V5m05j4dPw,22
m46r24V-rFo,UC_BPD0TBnFtRExZOhIFEQYQ,20
M4b96m5maIA,UCEmrzEYds6XN_7dd_5_XnrA,24
m4IBOD9-pmA,UCc8W1zUTmtNqXIhOHxPIAuw,26
M4loAV-0Azo,UCRnC_XIuIVFKWphUcLd4MVA,27
m4WV37rjbKE,UCnirzf0fEAPfQV__61iwSQQ,20
m4x-1lxbrHw,UCmqflTSJ6911aCrnaWIXxsA,24
M5DKf7MKVRI,UCCK3OZi788Ok44K97WAhLKQ,25
m5p3MOvpteU,UC1Q3UfVjchyhbtyJXc_mu5w,24
m5Psf0T_XFU,UCGN3TM5lZQ1DAvMwI1LIc8Q,27
M5sQywYmvvw,UCVwbUjoiTUXxeVjsxW9Kwng,10
m5Wqj9FD1wI,UCDdPJHmxHCJLH1sDyytCATw,22
M63e3udXigs,UC9ZdXR-RYydFqdIb1lqM4LQ,19
m6cETGYIEys,UCh9qXeL8eP3Txra2908xksg,10
M6FJ6dZ6b2k,UCwKYO2L9xzLtWhSv4ncYCIA,19
m6PJqsiGzno,UCKA7SQOUkD1_z5lr016Q70w,22
m6Tw9VBtir8,UCR5y9OV23c0jJ4RGwDvGnLw,27
m6X_fnT8kLk,UCglXlpWjIi95auM3umWWLdw,28
M6ZCupDOUD0,UCs_mHlm5_C82W5WCIJaSMbQ,22
M7e1GvAzoyM,UCCK3OZi788Ok44K97WAhLKQ,25
m7GnR4MT7UU,UCfK5mYo5nvU4d4vkguhSn6Q,24
m7i4EfTIJqc,UCltN1illHSguno1gokRShxA,26
m7wq1stwFTA,UCDO8zlJiV9ZgaMMK2DyX1Dw,17
M8byQhLgAzg,UCgnFSj7jQffD5V5m05j4dPw,22
m8IWlpaThEk,UCYG2PZN2DImFqoTcj983iqA,24
M8JKE8mw7Eo,UCckltLEhFLv8Xz_lQhYfwmg,25
M8jt9xbC_ZM,UCckltLEhFLv8Xz_lQhYfwmg,25
m8YL9qNpg6k,UCckltLEhFLv8Xz_lQhYfwmg,25
M9_Np1uLYKg,UCn0XmAUFv6d2tofMFEesSNw,24
m9-I9wrHkiM,UCjK3LREYZUrNKnk56Prhe4w,29
m92AWIXY8YI,UCgnFSj7jQffD5V5m05j4dPw,22
m96GvAat5L8,UCU5WmQA3Ur1Yriw5pMqoBNQ,24
M9d1EaaT2hk,UCDm4BW0Q5d-zASSuRyvPGXw,22
M9dVuVPKfPQ,UC8irIP66QzlZNVgqe4vwN9g,10
m9jZVS6GR-0,UCCK3OZi788Ok44K97WAhLKQ,25
M9mf7QvvAm0,UCkysZsPin4y9iQHS-QYygeQ,20
m9Uo7TGEQZw,UCgnFSj7jQffD5V5m05j4dPw,22
m9ywhBPRBMc,UCn0XmAUFv6d2tofMFEesSNw,24
ma0AOwc4mlc,UCBR9iW2qo_7LP9_9u3A2ZeQ,20
mAiY4wj-ld8,UCc8W1zUTmtNqXIhOHxPIAuw,1
mAMu0D0OieQ,UCVwbUjoiTUXxeVjsxW9Kwng,10
MayesavnGA4,UCYFn7BOOlmL21iNJ6q5IDfg,24
MBbAr_34QjQ,UCBR9iW2qo_7LP9_9u3A2ZeQ,20
MBgrwoOsn5k,UCCK3OZi788Ok44K97WAhLKQ,25
MBGVSJkGFA0,UCjK3LREYZUrNKnk56Prhe4w,29
MbjJY5QiMGA,UCaRBojHlDl24Tzh6Vt6dihQ,20
MBNiUf2nWFo,UCckltLEhFLv8Xz_lQhYfwmg,25
mBNQImz1HNg,UCckltLEhFLv8Xz_lQhYfwmg,25
mBPDtJYGCfE,UCgnFSj7jQffD5V5m05j4dPw,22
MBvWe0G7ynk,UCmqflTSJ6911aCrnaWIXxsA,24
mccfwtTTOBA,UCm-TY_JakK4dHAwF6QqcZSg,20
MCiaEWUhTJE,UCrjQG1gLZ4cDwIzrGA5pRBw,22
mCjcV5kNOvc,UCr8qGT-Mv9tdCo-aPr06REQ,1
McnacRLnpI0,UCIWNVlovGKqnOhJ2eRC_xfg,22
McuZH8GSxbw,UCOQAZV0vURpWMKTlAGVy8rQ,10
mCzete3qgx4,UCckltLEhFLv8Xz_lQhYfwmg,25
mDgojRd0pEQ,UCuc40qp1ZKB_ZbDw9iml8Kg,22
mDlCmnbJXDU,UCBR9iW2qo_7LP9_9u3A2ZeQ,20
mdtjBVkib6s,UC7hqTC-ChL-_PUKhctTt50A,19
MDZ4Wi8VBtA,UCDdPJHmxHCJLH1sDyytCATw,22
me5xlBwgdiw,UCKS1HX4moHCcDBZnM9k4giw,1
Me7uiZ_nC3c,UCFq73irpdELVQc5yYQcLCcA,22
Me8SlgbXhcw,UCgnFSj7jQffD5V5m05j4dPw,25
mebgnhH1zXU,UCCK3OZi788Ok44K97WAhLKQ,25
mEcZXdwalaE,UCd3VsafChPVXeIufCAzCprA,27
Mef8Z18Qwdc,UCckltLEhFLv8Xz_lQhYfwmg,25
MeFMYTnq0IY,UCwKYO2L9xzLtWhSv4ncYCIA,22
meI-cuDUaTY,UCn0XmAUFv6d2tofMFEesSNw,24
MEljRPftZGI,UCt7aYc76HmITvYbbQlHyFnw,27
MeLp6XMIThg,UCn0XmAUFv6d2tofMFEesSNw,24
menoIS4atqE,UCckltLEhFLv8Xz_lQhYfwmg,25
meSHFOJ0jho,UCgnFSj7jQffD5V5m05j4dPw,22
MF4r2zlLn2M,UCCK3OZi788Ok44K97WAhLKQ,25
mfdtfvCsFww,UC6lDrxy3lS4LNRuuBtryqpQ,22
MFHQbCzKSJY,UCDm4BW0Q5d-zASSuRyvPGXw,22
mfkeSG5Kt6A,UCn0XmAUFv6d2tofMFEesSNw,24
mFlyGf4Q4pg,UCCK3OZi788Ok44K97WAhLKQ,25
MFOEunir-vc,UCDm4BW0Q5d-zASSuRyvPGXw,22
mG-KaumiuxM,UCR0Bia1mQ7NQp31WWNhoFnw,27
MG-Rozo7v5s,UCCK3OZi788Ok44K97WAhLKQ,25
mg2ygugDVRw,UCCK3OZi788Ok44K97WAhLKQ,25
MgbIAa46c9o,UCwKYO2L9xzLtWhSv4ncYCIA,24
mGBJ3vhFR60,UCCK3OZi788Ok44K97WAhLKQ,25
Mgd1_GWP3iw,UCNFDDKoTezuSWbIjjHA76xQ,22
mgEpWIKI3sU,UCe13xXtdfx_n0_z1qeXV6_g,10
MgHHa79B1_o,UCmqflTSJ6911aCrnaWIXxsA,24
MGI7K3varkc,UCCK3OZi788Ok44K97WAhLKQ,25
MGM-4o_zg70,UCfK5mYo5nvU4d4vkguhSn6Q,10
mhaa4N5EnJA,UCckltLEhFLv8Xz_lQhYfwmg,25
MHKFR1gb3TI,UCaRBojHlDl24Tzh6Vt6dihQ,20
MhKrjlhN_os,UCCK3OZi788Ok44K97WAhLKQ,25
MHPgmeaqKRs,UCwKYO2L9xzLtWhSv4ncYCIA,22
MhucBeYdIrU,UCdTL_n9uC2_DlLX7ohcKpVQ,26
mHvV6Y7QuZM,UCnY7v189bwoSTFFYD_PNWhQ,27
MhYIoTCm9Rg,UCCK3OZi788Ok44K97WAhLKQ,25
MhzKnjwozuk,UCWqN5l7FwMO6-gT8Dg9mx5A,22
MI4KWepDXss,UCckltLEhFLv8Xz_lQhYfwmg,25
mi6CzfK2QbI,UC2Wq8OiU3P9sSRxHpFEe_0Q,22
mICF0GiNtgk,UCwKYO2L9xzLtWhSv4ncYCIA,22
MiGa2U5xlQM,UCGN3TM5lZQ1DAvMwI1LIc8Q,27
MipoDq5UVf0,UCCK3OZi788Ok44K97WAhLKQ,25
mIWnx4wP0fs,UCaRBojHlDl24Tzh6Vt6dihQ,20
mj_51Sn1p6E,UCHQfFg_epoUK0htwmiUyzEQ,27
mj3ecLLY6ek,UCR0Bia1mQ7NQp31WWNhoFnw,20
mJ3unPYmOsM,UC3C6rQHX8pkjSyOm-620k3w,28
MJ5psrzTDP0,UCckltLEhFLv8Xz_lQhYfwmg,25
MjKinld2pqE,UCJsN1Mmx4GRA6sCYdfKqpSQ,10
mjnFqYGs5TU,UCgnFSj7jQffD5V5m05j4dPw,22
MjP_E05mFtY,UC_BPD0TBnFtRExZOhIFEQYQ,20
MjqtwKeg5zQ,UCnY7v189bwoSTFFYD_PNWhQ,27
MjwWLFjTXjQ,UCKA7SQOUkD1_z5lr016Q70w,22
MjZZUiUt0KA,UC92h2ZVbLNazWe038DnzIUA,22
mk_hMeMY-eo,UCckltLEhFLv8Xz_lQhYfwmg,25
mK5BynNrJTc,UCKS1HX4moHCcDBZnM9k4giw,1
MKM1lgwl7z4,UCFPySgAumPBFo0VFf8hjCjw,2
MKOGQiffm9M,UCu7cGbQEMgGk8TD0ZYucM5g,27
mkT6DJ8VG5I,UC3C6rQHX8pkjSyOm-620k3w,28
MKug5LJFmmA,UCckltLEhFLv8Xz_lQhYfwmg,25
mkzg_B6p4so,UCckltLEhFLv8Xz_lQhYfwmg,25
mlF-5IfkXHw,UCYFn7BOOlmL21iNJ6q5IDfg,24
MlGrMas3ztE,UCckltLEhFLv8Xz_lQhYfwmg,25
MLHK41ls44I,UCYG2PZN2DImFqoTcj983iqA,24
mLL-8AocPBY,UCu_V8lfzyGspxP-LNFowW9w,10
mlW7Gi6Zd6I,UCHQfFg_epoUK0htwmiUyzEQ,27
MmqFoXLk21w,UCkysZsPin4y9iQHS-QYygeQ,20
MN192EwA-PY,UCMQYRNX1Fg-HJ8Ey7Z3WPrA,24
Mn2XVnU-3tI,UCGN3TM5lZQ1DAvMwI1LIc8Q,27
Mn4rvqyrPxI,UCmqflTSJ6911aCrnaWIXxsA,24
mNdJ8a-DVWQ,UCckltLEhFLv8Xz_lQhYfwmg,25
mnHN49IzX_M,UCCK3OZi788Ok44K97WAhLKQ,25
MnjJiUvf8Dc,UCgnFSj7jQffD5V5m05j4dPw,22
MNoD8ltRecI,UCDm4BW0Q5d-zASSuRyvPGXw,22
mNp6NMb_r2k,UCYFn7BOOlmL21iNJ6q5IDfg,24
mnQl1Tz5daM,UCiOEgWwAKbfrVb795hqQc9A,24
MNSHfaV2Q6M,UCu_V8lfzyGspxP-LNFowW9w,10
MnU7DtaUuW8,UCh9qXeL8eP3Txra2908xksg,10
mnVkY4vnyk8,UCckltLEhFLv8Xz_lQhYfwmg,25
mo_lEwp35bs,UCckltLEhFLv8Xz_lQhYfwmg,25
mO0DWZSaW1M,UCCK3OZi788Ok44K97WAhLKQ,25
mo0hDJxNRKw,UCRnC_XIuIVFKWphUcLd4MVA,27
mo4DEKDSt-U,UC4UaWbUUwVvCxWNqhb4f16Q,24
mo7mMoo1J7g,UCgnFSj7jQffD5V5m05j4dPw,22
MOd7clI_ibA,UCn0XmAUFv6d2tofMFEesSNw,24
MoihjJULTuI,UC_BPD0TBnFtRExZOhIFEQYQ,20
mp6-KrJ4_n4,UCCK3OZi788Ok44K97WAhLKQ,25
mP74y1fW4hA,UCCK3OZi788Ok44K97WAhLKQ,25
mp8LXCTfmzM,UCYG2PZN2DImFqoTcj983iqA,24
mpdOdLsK3lo,UCckltLEhFLv8Xz_lQhYfwmg,25
mPdq_6nm-9g,UCCK3OZi788Ok44K97WAhLKQ,25
MpeSUhq2U_g,UCckltLEhFLv8Xz_lQhYfwmg,25
mPIRg7MKH84,UCETxOvOv9_44-CUzsPlzyxQ,28
MPixO8PXH34,UCCK3OZi788Ok44K97WAhLKQ,25
mpMCb9U1-PI,UCDO8zlJiV9ZgaMMK2DyX1Dw,17
mpOu770x4ws,UCm-TY_JakK4dHAwF6QqcZSg,20
mpX1Dyt56BI,UCvQoK_VN52NG9CwB7Tc9WZg,27
mQazLudPbN4,UCVmkgq5EQR_Dls3LG-wkrjw,28
mQNDe_xt9sc,UCc8W1zUTmtNqXIhOHxPIAuw,27
mqP2ZRI9bqk,UCU5WmQA3Ur1Yriw5pMqoBNQ,24
mqSSqkB5nr0,UC9U2IYFVPd-Hl6zAeZQL7eQ,22
mQu2-2XO2Mg,UCr8qGT-Mv9tdCo-aPr06REQ,1
mqUqXx9VKaw,UCYFn7BOOlmL21iNJ6q5IDfg,24
mqv5nRKhIEM,UCGkzF25IZBE1SF9ykM64xEA,24
mrW6MTuZZZc,UCrjQG1gLZ4cDwIzrGA5pRBw,22
MS_h6SpsVCM,UCcrktZCp1tY9eDqrk6fMrsA,24
Ms-bE7h4bJg,UCCK3OZi788Ok44K97WAhLKQ,25
mS0DiqwY6GY,UCNFDDKoTezuSWbIjjHA76xQ,22
MSbfZjz4Wsk,UCDm4BW0Q5d-zASSuRyvPGXw,22
mSbzzDD1ooY,UCVwbUjoiTUXxeVjsxW9Kwng,10
msRWuvKTiec,UCEoihco2ah097z2YwYOtojw,20
Mt0wXRyc_Ys,UCCK3OZi788Ok44K97WAhLKQ,25
MtAF2ovGyiQ,UCm-TY_JakK4dHAwF6QqcZSg,20
mtfxdeeWomc,UCWqN5l7FwMO6-gT8Dg9mx5A,22
mTSHMxVQ70Q,UCe13xXtdfx_n0_z1qeXV6_g,10
Mtudf4sARDY,UCJsN1Mmx4GRA6sCYdfKqpSQ,28
MU-5Y7VWutY,UCCK3OZi788Ok44K97WAhLKQ,25
Mu9suXyKYTM,UC0PdkCm3QlHJ8HdH4JeNirA,20
mucTJ-jpdDU,UCk6Bzr5M-8n_KN2guSmWmMw,24
MuEh6gBlx54,UCCK3OZi788Ok44K97WAhLKQ,25
MUmBOwxgLm4,UCckltLEhFLv8Xz_lQhYfwmg,25
mUZHc1cRG8g,UCgnFSj7jQffD5V5m05j4dPw,22
Mv0bxdLvpQo,UCckltLEhFLv8Xz_lQhYfwmg,25
Mv7__7CtjQ0,UCn0XmAUFv6d2tofMFEesSNw,24
mvfun3mVQxA,UCCK3OZi788Ok44K97WAhLKQ,25
mvLz435MCSI,UCjK3LREYZUrNKnk56Prhe4w,29
mvnCuQIBzN8,UCu_V8lfzyGspxP-LNFowW9w,10
mwiFR9u4UGY,UC92h2ZVbLNazWe038DnzIUA,22
mwwwknYzazA,UCCK3OZi788Ok44K97WAhLKQ,25
mwxRHkjekxA,UCnirzf0fEAPfQV__61iwSQQ,20
mwYEjKszM6E,UCkysZsPin4y9iQHS-QYygeQ,20
mX0sHYr2XjY,UCnirzf0fEAPfQV__61iwSQQ,20
MX5yZ2SJzbY,UCCK3OZi788Ok44K97WAhLKQ,25
MX9k4K2s4ho,UCR0Bia1mQ7NQp31WWNhoFnw,22
mxB8tYhXNes,UCckltLEhFLv8Xz_lQhYfwmg,25
MxCFSS2hS9k,UCu_V8lfzyGspxP-LNFowW9w,10
mXn23BGF5Lk,UC92h2ZVbLNazWe038DnzIUA,22
MXXTw4yPQ0Y,UCOLdaAcrdzYY3ug15EuuFAg,26
my6XcrrWI5c,UCm-TY_JakK4dHAwF6QqcZSg,20
mYcjqZwYWP4,UCgnFSj7jQffD5V5m05j4dPw,22
MYDfBSCQ3WI,UCk6Bzr5M-8n_KN2guSmWmMw,22
MYhLdh4Gng8,UCCK3OZi788Ok44K97WAhLKQ,25
myucdpcNWFs,UCWqN5l7FwMO6-gT8Dg9mx5A,22
mYUTbfX9apQ,UCrjQG1gLZ4cDwIzrGA5pRBw,22
MYw8ONYKF7Y,UCCK3OZi788Ok44K97WAhLKQ,25
MyzHwYEuEto,UCmqflTSJ6911aCrnaWIXxsA,24
Myzi7KsTNOE,UCckltLEhFLv8Xz_lQhYfwmg,25
Mz8MrU3-4Iw,UCuc40qp1ZKB_ZbDw9iml8Kg,22
mZifIm8Yf70,UCCK3OZi788Ok44K97WAhLKQ,25
MzWoloFTTS0,UCVwbUjoiTUXxeVjsxW9Kwng,10
mZYQmwfWF_o,UCwXfRdTtVeVnXXF4poaYw0Q,19
n_B9BrpVvGc,UCaRBojHlDl24Tzh6Vt6dihQ,20
n_WdJXfjW9U,UCe13xXtdfx_n0_z1qeXV6_g,10
N_xiGwBUoxg,UCu7cGbQEMgGk8TD0ZYucM5g,27
n-_TWFPvmHc,UCEjCyBoWP57QRkmFRz-aOGw,27
n-7-8QJyg9g,UCRtAu8OVYVfuNZmTV-Ug0zA,27
n-epnfarFas,UCCK3OZi788Ok44K97WAhLKQ,25
n-G6R2I4Gfc,UCkysZsPin4y9iQHS-QYygeQ,20
n-L7GTbSAOY,UCnY7v189bwoSTFFYD_PNWhQ,27
N-tpXV2EZQQ,UCckltLEhFLv8Xz_lQhYfwmg,25
n-VVQ4rF16Y,UCCK3OZi788Ok44K97WAhLKQ,25
N-wqmrb1SIM,UCCK3OZi788Ok44K97WAhLKQ,25
n08vBpF24RY,UCHQfFg_epoUK0htwmiUyzEQ,27
n0GdIB7Zivc,UCt7aYc76HmITvYbbQlHyFnw,27
n0L6WEWU8_A,UCYFn7BOOlmL21iNJ6q5IDfg,24
n0QclMcqEiQ,UCgnFSj7jQffD5V5m05j4dPw,22
n0XE69uEEc4,UCckltLEhFLv8Xz_lQhYfwmg,25
N1EInTdVDX0,UCu_V8lfzyGspxP-LNFowW9w,10
N2a6YxzpZSM,UCckltLEhFLv8Xz_lQhYfwmg,25
N31dYR3vcm8,UCMeObxIFpmRVL22ZpL4ME9g,22
N369fq_lHTA,UCdTL_n9uC2_DlLX7ohcKpVQ,24
N3QeABpqHo4,UCaRBojHlDl24Tzh6Vt6dihQ,20
N3qv4G3R9BY,UCrjQG1gLZ4cDwIzrGA5pRBw,22
N4_zG9F7JxY,UCETxOvOv9_44-CUzsPlzyxQ,28
N46uYJybmsA,UCR5y9OV23c0jJ4RGwDvGnLw,27
n4aIY75FF-0,UCgnFSj7jQffD5V5m05j4dPw,24
N4Er204XeQE,UCBR9iW2qo_7LP9_9u3A2ZeQ,20
n4Q0zwa58P8,UCKA7SQOUkD1_z5lr016Q70w,22
N4Sa1Der_x0,UCCK3OZi788Ok44K97WAhLKQ,25
n4UazZEThH0,UCVmkgq5EQR_Dls3LG-wkrjw,28
n5HJUqc3zNs,UCCK3OZi788Ok44K97WAhLKQ,25
n5qESHNWfXs,UCFPySgAumPBFo0VFf8hjCjw,10
n5xkdT_9CBg,UCgnFSj7jQffD5V5m05j4dPw,22
n5ZPuIjSxWI,UCm-TY_JakK4dHAwF6QqcZSg,20
n6-lfe_rVH4,UCu7cGbQEMgGk8TD0ZYucM5g,27
N6BqrcbiD1I,UCWqN5l7FwMO6-gT8Dg9mx5A,22
n6J2rgTEYHI,UC6lDrxy3lS4LNRuuBtryqpQ,22
N6KE7WOmN5M,UCn0XmAUFv6d2tofMFEesSNw,24
N6n-MS5d8nA,UCckltLEhFLv8Xz_lQhYfwmg,25
n7IiIOVjFrw,UCMeObxIFpmRVL22ZpL4ME9g,22
n7WrA8FbH1A,UCEa6e_J_Xs_GKCzG8Eq15Xw,24
n8j5aHMj-04,UCckltLEhFLv8Xz_lQhYfwmg,25
n8WCJud_f3I,UCMeObxIFpmRVL22ZpL4ME9g,22
N8YNTKYAtOo,UCYFn7BOOlmL21iNJ6q5IDfg,24
n9CcJzW2vUw,UCt7aYc76HmITvYbbQlHyFnw,27
N9LmvL-CmP4,UCKS1HX4moHCcDBZnM9k4giw,1
n9Mu7qMnuh0,UCm-TY_JakK4dHAwF6QqcZSg,20
Na093KwkbWo,UCRnC_XIuIVFKWphUcLd4MVA,27
NA7iZ3IrsZE,UC_BPD0TBnFtRExZOhIFEQYQ,20
NaFom6rJbvg,UCRtAu8OVYVfuNZmTV-Ug0zA,27
nAIEm-BQ6dc,UCwXfRdTtVeVnXXF4poaYw0Q,19
NAMWPTeHEXU,UCgnFSj7jQffD5V5m05j4dPw,22
nAPbz3nEWcU,UCgnFSj7jQffD5V5m05j4dPw,22
NB3KdXjSj7g,UC9ZdXR-RYydFqdIb1lqM4LQ,19
nB5gwAPkeCs,UCnY7v189bwoSTFFYD_PNWhQ,27
NbCAKoFBoEk,UCIWNVlovGKqnOhJ2eRC_xfg,22
NbdOP7ZlVEE,UCckltLEhFLv8Xz_lQhYfwmg,25
nBDu1nk7IOw,UCCK3OZi788Ok44K97WAhLKQ,25
nbeOyth3nAw,UCGkzF25IZBE1SF9ykM64xEA,24
NbhM0zc0_cM,UCEjCyBoWP57QRkmFRz-aOGw,27
NBJaAp_xRbg,UCn0XmAUFv6d2tofMFEesSNw,24
nc0JRhoRjf8,UCFq73irpdELVQc5yYQcLCcA,22
nc4WHKtVX7w,UCltN1illHSguno1gokRShxA,26
nc7dJT6Jxdw,UCgnFSj7jQffD5V5m05j4dPw,22
NcF2g_mjDdw,UCGN3TM5lZQ1DAvMwI1LIc8Q,27
ncJxSFBthPU,UCRnC_XIuIVFKWphUcLd4MVA,27
ncqBLmr3Kcc,UC92h2ZVbLNazWe038DnzIUA,22
nCRxy0YJDro,UCfK5mYo5nvU4d4vkguhSn6Q,10
NcT2uc6FxVc,UCCK3OZi788Ok44K97WAhLKQ,25
nCtSo75pkxI,UCckltLEhFLv8Xz_lQhYfwmg,25
NcYNuJ7Hckk,UCcpCelkp30ukU3ZKUXsU25g,25
NDxoJ6LjeOE,UCgnFSj7jQffD5V5m05j4dPw,22
ne0OTxFJq9A,UCh9qXeL8eP3Txra2908xksg,10
Ne5C3_7iLaI,UCgnFSj7jQffD5V5m05j4dPw,22
NeEGGpRSkHA,UCckltLEhFLv8Xz_lQhYfwmg,25
NeKD8WVsxvc,UC9ZdXR-RYydFqdIb1lqM4LQ,19
NeqE9muLb_E,UCCK3OZi788Ok44K97WAhLKQ,25
NeSv0hzuCMw,UCckltLEhFLv8Xz_lQhYfwmg,25
nexjOUngNj4,UC9U2IYFVPd-Hl6zAeZQL7eQ,22
nf_QXRZHX0A,UCgnFSj7jQffD5V5m05j4dPw,22
NF_sX8TQiEI,UCBR9iW2qo_7LP9_9u3A2ZeQ,20
NF2Fnf_4NZI,UCu7cGbQEMgGk8TD0ZYucM5g,27
NF6Il01vmMQ,UCKS1HX4moHCcDBZnM9k4giw,1
Nf9PrGyD2eA,UCckltLEhFLv8Xz_lQhYfwmg,25
nFdJthiUhkI,UCKS1HX4moHCcDBZnM9k4giw,1
NFIKg1QV-n4,UCjK3LREYZUrNKnk56Prhe4w,29
nFJV1zM9v3Y,UCckltLEhFLv8Xz_lQhYfwmg,25
nFrOFisuf68,UCcpCelkp30ukU3ZKUXsU25g,24
NfyuErwtZiY,UCEjCyBoWP57QRkmFRz-aOGw,27
Ng17_Gq4CH4,UC9ZdXR-RYydFqdIb1lqM4LQ,19
ngCx0Da2lZw,UCRnC_XIuIVFKWphUcLd4MVA,27
ngDgEm-Dk4Q,UCckltLEhFLv8Xz_lQhYfwmg,25
NGFHRhstW0Y,UCEUSUxrhCt4n0Pp9WB7q7-w,24
NgFXJWEKBUo,UCm-TY_JakK4dHAwF6QqcZSg,20
NGgwogwduMs,UCMQYRNX1Fg-HJ8Ey7Z3WPrA,24
NGMqbU0MEtA,UCDdPJHmxHCJLH1sDyytCATw,22
nGQ6mwf7tsM,UCCK3OZi788Ok44K97WAhLKQ,25
NgwZLZi2ohI,UCdTL_n9uC2_DlLX7ohcKpVQ,24
nh7KLQBjwsg,UCgnFSj7jQffD5V5m05j4dPw,22
NhcAjeesIo8,UCiTVdDN9GI0xzzyvPHrk8VA,22
nhcq1nPk0YI,UCDdPJHmxHCJLH1sDyytCATw,22
nhElaiDFT_E,UCcrktZCp1tY9eDqrk6fMrsA,27
nHG3no0DD68,UCm-TY_JakK4dHAwF6QqcZSg,20
nHOJHE8YtMc,UCCK3OZi788Ok44K97WAhLKQ,25
NHS2YJX046E,UCckltLEhFLv8Xz_lQhYfwmg,25
NhS3H3SMd14,UC3C6rQHX8pkjSyOm-620k3w,28
NhvD05j_rK8,UC9ZdXR-RYydFqdIb1lqM4LQ,19
nIbuW3UGOB4,UCr8qGT-Mv9tdCo-aPr06REQ,1
nIkDrQ_iDgM,UCckltLEhFLv8Xz_lQhYfwmg,25
nIpd4iiGTJQ,UCOLdaAcrdzYY3ug15EuuFAg,26
nipgeraUfA4,UCCK3OZi788Ok44K97WAhLKQ,25
nIvbznMrcfI,UCckltLEhFLv8Xz_lQhYfwmg,25
NJ0konTMkZc,UCgnFSj7jQffD5V5m05j4dPw,24
njkQoed5yXU,UCckltLEhFLv8Xz_lQhYfwmg,25
nJQguzitefQ,UCltN1illHSguno1gokRShxA,26
NjSCrbWeRYw,UCwKYO2L9xzLtWhSv4ncYCIA,2
NJVRO7zkzG8,UC0CXMeU0432EMgBnlBaY_yA,27
NJWuDUFIZxg,UCs_mHlm5_C82W5WCIJaSMbQ,22
NJZQiAne8fA,UCEUSUxrhCt4n0Pp9WB7q7-w,27
NKcSsmMPbtc,UCgnFSj7jQffD5V5m05j4dPw,22
nkeOIzIkMA4,UCR5y9OV23c0jJ4RGwDvGnLw,27
nkIn7SfJ104,UCGkzF25IZBE1SF9ykM64xEA,24
NkKQ4v6tW2c,UC1Q3UfVjchyhbtyJXc_mu5w,24
NknAFMn2F7w,UCCK3OZi788Ok44K97WAhLKQ,25
nKni1FiUrUA,UCcrktZCp1tY9eDqrk6fMrsA,24
NL_9WTPNkVA,UCWqN5l7FwMO6-gT8Dg9mx5A,22
Nl-PCyg19vs,UCCK3OZi788Ok44K97WAhLKQ,25
NL4VLYeow60,UC-ss1l2vO46QAgyCsPRIVDA,27
nLdhYn-mKE8,UCu7cGbQEMgGk8TD0ZYucM5g,27
nlOYx49uyU4,UC8irIP66QzlZNVgqe4vwN9g,10
nLqNhCu6re4,UCCK3OZi788Ok44K97WAhLKQ,25
NM1mPg2ZOcg,UCDO8zlJiV9ZgaMMK2DyX1Dw,17
nM1TGxYI7sk,UCNFDDKoTezuSWbIjjHA76xQ,22
nm8OobtegAQ,UCFPySgAumPBFo0VFf8hjCjw,2
nmdTU6ofSP8,UCrjQG1gLZ4cDwIzrGA5pRBw,22
nmEr1hYQhAM,UCjK3LREYZUrNKnk56Prhe4w,29
nmlmTbuslh8,UCNFDDKoTezuSWbIjjHA76xQ,22
nmP4tDr0_FA,UCEa6e_J_Xs_GKCzG8Eq15Xw,10
nmSNKXlZmLw,UCDm4BW0Q5d-zASSuRyvPGXw,22
NMtUXGQit2M,UCh9qXeL8eP3Txra2908xksg,10
nmYGCXtUxu8,UCDO8zlJiV9ZgaMMK2DyX1Dw,17
nNRCkLzd0dg,UCckltLEhFLv8Xz_lQhYfwmg,25
NNRuTVH5Er0,UCEUSUxrhCt4n0Pp9WB7q7-w,27
nNxev6IS1OY,UCCK3OZi788Ok44K97WAhLKQ,25
nny8bXBCUtY,UCCK3OZi788Ok44K97WAhLKQ,25
nNYR4Jr5BCg,UCEjCyBoWP57QRkmFRz-aOGw,27
no6NY4otbC8,UCkysZsPin4y9iQHS-QYygeQ,20
noeQmUwmYtE,UCt7aYc76HmITvYbbQlHyFnw,27
Nog0gJJ6YFI,UCjLQdvRi4RHedQ74TWLgyRw,22
noIVYahtw2k,UCWqN5l7FwMO6-gT8Dg9mx5A,22
NoJ5Z_1fVqk,UCckltLEhFLv8Xz_lQhYfwmg,25
nokAn_YgbXw,UCCK3OZi788Ok44K97WAhLKQ,25
nOq03Ul7OKw,UCvQoK_VN52NG9CwB7Tc9WZg,27
NotNQkaHagg,UCKS1HX4moHCcDBZnM9k4giw,1
Noue3jFgzL8,UCcpCelkp30ukU3ZKUXsU25g,24
nPjb4hloCl4,UCRtAu8OVYVfuNZmTV-Ug0zA,27
nPm0crKCgg0,UCVmkgq5EQR_Dls3LG-wkrjw,28
nppj52OOfdg,UCCK3OZi788Ok44K97WAhLKQ,25
NPr33x2GAto,UCNyujDJFZqQml78mdpb2rNA,24
NPVDKWLUVQ4,UCdY0SS4tZPdWdQ6m5bX-ZBg,24
nPyMa7YxCFU,UCn0XmAUFv6d2tofMFEesSNw,24
NQ06Krw40kk,UCd3VsafChPVXeIufCAzCprA,28
nqAGmj_2678,UCt7aYc76HmITvYbbQlHyFnw,22
nqByQIpIkF8,UCCK3OZi788Ok44K97WAhLKQ,25
nqdb75pbSZU,UCETxOvOv9_44-CUzsPlzyxQ,28
nqMEsjcCi0w,UCEuz_HGv5er0LZsztjO4g5Q,24
NQQfh-QHRsw,UCGN3TM5lZQ1DAvMwI1LIc8Q,27
Nr9cDOWJh-c,UCCK3OZi788Ok44K97WAhLKQ,25
nriApmM91q0,UCgnFSj7jQffD5V5m05j4dPw,22
NRiYPs0ZNSU,UCckltLEhFLv8Xz_lQhYfwmg,25
NSahXP6lnhw,UCjK3LREYZUrNKnk56Prhe4w,29
Nscxdyo-KqI,UCdTL_n9uC2_DlLX7ohcKpVQ,24
NshQE9AK03Q,UCCK3OZi788Ok44K97WAhLKQ,25
nSJMTSmvwoo,UC-ss1l2vO46QAgyCsPRIVDA,27
NsU6AJcCm60,UC2Wq8OiU3P9sSRxHpFEe_0Q,22
NSw2bjY4TNY,UCs_mHlm5_C82W5WCIJaSMbQ,22
NsxDtAmHLFY,UCKS1HX4moHCcDBZnM9k4giw,1
nsZfaF9HEEc,UCgnFSj7jQffD5V5m05j4dPw,22
nT67lxGImLo,UCgnFSj7jQffD5V5m05j4dPw,22
NTe60uSkszg,UCgnFSj7jQffD5V5m05j4dPw,22
nTH8T584iM0,UCn0XmAUFv6d2tofMFEesSNw,24
nTopt8Ulze8,UCKA7SQOUkD1_z5lr016Q70w,22
ntS8u8lcFHU,UC6lDrxy3lS4LNRuuBtryqpQ,22
NTtG8O0-R8o,UCckltLEhFLv8Xz_lQhYfwmg,25
nTwfkwSsd9g,UCm-TY_JakK4dHAwF6QqcZSg,20
NTyrJ6T97Vg,UCltN1illHSguno1gokRShxA,26
Nu5lAtgW2xw,UC1Q3UfVjchyhbtyJXc_mu5w,24
NuBIFQAW2cQ,UCVwbUjoiTUXxeVjsxW9Kwng,10
nUDhjfPvFxM,UCn0XmAUFv6d2tofMFEesSNw,24
Nugume3Y5Ng,UCCK3OZi788Ok44K97WAhLKQ,25
NUtkdtHmMT0,UC9ZdXR-RYydFqdIb1lqM4LQ,19
NUVyjC0Gako,UCGN3TM5lZQ1DAvMwI1LIc8Q,27
NUxirHv6c_M,UCfK5mYo5nvU4d4vkguhSn6Q,24
nvAngXStibQ,UCGN3TM5lZQ1DAvMwI1LIc8Q,27
nvBV6dJJfEE,UCgnFSj7jQffD5V5m05j4dPw,22
NVQu751T4M8,UCkysZsPin4y9iQHS-QYygeQ,20
NW2QDIqeESM,UCaRBojHlDl24Tzh6Vt6dihQ,20
Nw3ZWDO49fI,UC2Wq8OiU3P9sSRxHpFEe_0Q,22
nWHKvHCw9CY,UCNyujDJFZqQml78mdpb2rNA,24
nWlgWEc7lLI,UCETxOvOv9_44-CUzsPlzyxQ,28
NWQYj5n9nuY,UCVmkgq5EQR_Dls3LG-wkrjw,22
Nx4tkb1zz8U,UCNyujDJFZqQml78mdpb2rNA,24
nxb3zsnQ1RE,UCltN1illHSguno1gokRShxA,26
NXLRIkWu2xg,UCKA7SQOUkD1_z5lr016Q70w,22
nXLYsrgOPCU,UC2Wq8OiU3P9sSRxHpFEe_0Q,22
nxP8d8c_I5A,UCckltLEhFLv8Xz_lQhYfwmg,25
NxULn3D3Xeo,UCCK3OZi788Ok44K97WAhLKQ,25
nXwbSP3EvvQ,UCEa6e_J_Xs_GKCzG8Eq15Xw,24
NXYr-Yior9M,UC8irIP66QzlZNVgqe4vwN9g,10
nY0bQ145jtE,UCk6Bzr5M-8n_KN2guSmWmMw,24
ny6TUuyaS5k,UCGN3TM5lZQ1DAvMwI1LIc8Q,27
NYoOp0bD06U,UCDdPJHmxHCJLH1sDyytCATw,22
nYpOXL-mZUE,UCn0XmAUFv6d2tofMFEesSNw,24
NYyZONZVqGU,UCckltLEhFLv8Xz_lQhYfwmg,25
nYZ-HUHwCXc,UCckltLEhFLv8Xz_lQhYfwmg,25
nZ-f2HVT6io,UCgnFSj7jQffD5V5m05j4dPw,22
nZ2186EAFyU,UCCK3OZi788Ok44K97WAhLKQ,25
nZ3dDcHK-wY,UCn0XmAUFv6d2tofMFEesSNw,24
nZ4HUf0khII,UCHQfFg_epoUK0htwmiUyzEQ,27
nZ5fyJ2RZ4M,UCCK3OZi788Ok44K97WAhLKQ,25
nz5NQBz7g4M,UCh9qXeL8eP3Txra2908xksg,10
Nz6XoOHQPoA,UCEuz_HGv5er0LZsztjO4g5Q,24
nZBo5UzivRI,UC-ss1l2vO46QAgyCsPRIVDA,27
nZkK8RRQS9Q,UCrjQG1gLZ4cDwIzrGA5pRBw,22
nzkVZU3zzfs,UCQxq1x6XKl1oRJ_aSOdurWQ,10
Nzw2TZWagaQ,UCCK3OZi788Ok44K97WAhLKQ,25
o_98ovxEYyY,UC92h2ZVbLNazWe038DnzIUA,22
O_bjxsW7_is,UCwXfRdTtVeVnXXF4poaYw0Q,19
o_uNV_dxbuY,UCYG2PZN2DImFqoTcj983iqA,24
o_xXNlfEPxk,UCkysZsPin4y9iQHS-QYygeQ,20
O_xYOz5oN4Y,UC9U2IYFVPd-Hl6zAeZQL7eQ,22
o-9la5IoaL8,UCckltLEhFLv8Xz_lQhYfwmg,25
O-qvA0PH2p0,UCh9qXeL8eP3Txra2908xksg,10
o0hb_WeCAII,UCckltLEhFLv8Xz_lQhYfwmg,25
o0jsNmzN8Zo,UCr8qGT-Mv9tdCo-aPr06REQ,1
o26-pQTcCvA,UCGc6e2-SXlGP_cKkV5H39Kg,20
O2BMrKhim1A,UCCK3OZi788Ok44K97WAhLKQ,25
O2EkHF0Qwm0,UCu_V8lfzyGspxP-LNFowW9w,10
o2FTTKFA4g8,UCCK3OZi788Ok44K97WAhLKQ,25
O3_xUOyw6eI,UCCK3OZi788Ok44K97WAhLKQ,25
o3E8WDtva3M,UCMQYRNX1Fg-HJ8Ey7Z3WPrA,24
o3SEe45qMFs,UC1Q3UfVjchyhbtyJXc_mu5w,24
o3U1Gdz4c3g,UCr8qGT-Mv9tdCo-aPr06REQ,1
O3UHMjlOUCg,UCmqflTSJ6911aCrnaWIXxsA,24
O4O_BUoghA0,UCAapm4DhqB5ckqr61IGdTUw,24
o4WY8xDz1wY,UCn0XmAUFv6d2tofMFEesSNw,24
o5bTtrG3um8,UCs_mHlm5_C82W5WCIJaSMbQ,22
O5kbT9TALzw,UCEUSUxrhCt4n0Pp9WB7q7-w,24
O5KiHSDJ5nY,UCn0XmAUFv6d2tofMFEesSNw,24
O5Yu50OxmS8,UCckltLEhFLv8Xz_lQhYfwmg,25
o69bvsXQviA,UCGN3TM5lZQ1DAvMwI1LIc8Q,27
o6dyywb-hd4,UC0PdkCm3QlHJ8HdH4JeNirA,20
O6KgL64sCLI,UCmqflTSJ6911aCrnaWIXxsA,24
o6vDY4kVm-o,UCh9qXeL8eP3Txra2908xksg,10
o712b1irWAI,UCckltLEhFLv8Xz_lQhYfwmg,25
O7mwAkD6wNE,UCckltLEhFLv8Xz_lQhYfwmg,25
O8ArsVu597Y,UCTb1H9XUOHjqA9hVvxCht0w,25
O8B3xq4ec9c,UCCK3OZi788Ok44K97WAhLKQ,25
O959rD_kMe8,UCcpCelkp30ukU3ZKUXsU25g,24
o9iTzLOnEYM,UCckltLEhFLv8Xz_lQhYfwmg,25
Oa7uFGxWR5o,UCCK3OZi788Ok44K97WAhLKQ,25
OAGseE_ohKo,UCiOEgWwAKbfrVb795hqQc9A,24
OAhacTLtFSE,UCCK3OZi788Ok44K97WAhLKQ,25
OapzKFS_tD0,UCnY7v189bwoSTFFYD_PNWhQ,27
Ob0xfPeltLg,UCgnFSj7jQffD5V5m05j4dPw,22
Ob0Xy_frQNQ,UC-ss1l2vO46QAgyCsPRIVDA,27
OB14AoJR-nI,UCEUSUxrhCt4n0Pp9WB7q7-w,24
ob4wgDFeBwI,UCr8qGT-Mv9tdCo-aPr06REQ,1
oBdLOc25WoI,UCckltLEhFLv8Xz_lQhYfwmg,25
oCDnnhYvE_Y,UCCK3OZi788Ok44K97WAhLKQ,25
OCDX83E0DiI,UCu_V8lfzyGspxP-LNFowW9w,10
ocEWsyfTbJ4,UCgnFSj7jQffD5V5m05j4dPw,24
oCMJRv221gA,UCEuz_HGv5er0LZsztjO4g5Q,24
OcX8nzAcZsE,UCgnFSj7jQffD5V5m05j4dPw,22
oCy1WeqheJA,UCn0XmAUFv6d2tofMFEesSNw,24
oD_Gc-fyDus,UC7hqTC-ChL-_PUKhctTt50A,19
od6b2D-UpJ4,UCckltLEhFLv8Xz_lQhYfwmg,25
oD7P703As7Q,UCckltLEhFLv8Xz_lQhYfwmg,25
odExtE6HuC8,UCn0XmAUFv6d2tofMFEesSNw,24
ODgxzOixX2I,UCKS1HX4moHCcDBZnM9k4giw,1
oDjTB4GEfzE,UCckltLEhFLv8Xz_lQhYfwmg,25
oDKoEjdAR20,UCQxq1x6XKl1oRJ_aSOdurWQ,10
odMZ9-Qa220,UCmqflTSJ6911aCrnaWIXxsA,24
ODq9lVkekQM,UCs_mHlm5_C82W5WCIJaSMbQ,22
oDTin1tA9zg,UCckltLEhFLv8Xz_lQhYfwmg,25
OdvOATeB4Q0,UCCK3OZi788Ok44K97WAhLKQ,25
OdwkXEqGyDY,UCCK3OZi788Ok44K97WAhLKQ,25
oDY-NTRBmDk,UCgnFSj7jQffD5V5m05j4dPw,24
oedJ9Cz5ueg,UCVwbUjoiTUXxeVjsxW9Kwng,10
oee_ONiB3f8,UC_BPD0TBnFtRExZOhIFEQYQ,20
OEEoMuE3E0g,UC_BPD0TBnFtRExZOhIFEQYQ,20
oEwQvXd-Yi4,UCdY0SS4tZPdWdQ6m5bX-ZBg,24
oExYjJ80Pdk,UCm-TY_JakK4dHAwF6QqcZSg,20
oF7vmIsHz3s,UCmqflTSJ6911aCrnaWIXxsA,24
ofB9d7xr-7g,UCckltLEhFLv8Xz_lQhYfwmg,25
ofbkkIsQvo0,UCckltLEhFLv8Xz_lQhYfwmg,25
OfCxB0dcoJo,UCuc40qp1ZKB_ZbDw9iml8Kg,22
OFgeKCCjE60,UCckltLEhFLv8Xz_lQhYfwmg,25
OfgX1MdZIGU,UC_BPD0TBnFtRExZOhIFEQYQ,20
OfHJbWPDmMU,UCCK3OZi788Ok44K97WAhLKQ,25
oFKVLikV2JU,UCh9qXeL8eP3Txra2908xksg,10
ofMKuOhI9-I,UCCK3OZi788Ok44K97WAhLKQ,25
OFuZZQNi9SM,UCckltLEhFLv8Xz_lQhYfwmg,25
OFV0Y5rZt0Y,UCjK3LREYZUrNKnk56Prhe4w,29
oG79p68OYKU,UCCK3OZi788Ok44K97WAhLKQ,25
ogBVcj9HKRc,UCCK3OZi788Ok44K97WAhLKQ,25
ogdOU5IajvM,UCRnC_XIuIVFKWphUcLd4MVA,27
OggVLQfGHak,UCCK3OZi788Ok44K97WAhLKQ,25
ogharpt80qs,UCckltLEhFLv8Xz_lQhYfwmg,25
OGl3X7Us4ws,UCgnFSj7jQffD5V5m05j4dPw,22
OgN0CXosxpE,UCR0Bia1mQ7NQp31WWNhoFnw,22
OgYE5aB8l8U,UCckltLEhFLv8Xz_lQhYfwmg,25
ohEWclwkF-U,UC3C6rQHX8pkjSyOm-620k3w,28
OhKQHZNxgoQ,UCCK3OZi788Ok44K97WAhLKQ,25
ohl4T2xJUdo,UCWqN5l7FwMO6-gT8Dg9mx5A,22
OhRlMGG9WHU,UCIWNVlovGKqnOhJ2eRC_xfg,10
Oi2mLzPRkLQ,UCn0XmAUFv6d2tofMFEesSNw,24
Oi7pBG11jVg,UCCK3OZi788Ok44K97WAhLKQ,25
oIPdGSMjmYE,UCCK3OZi788Ok44K97WAhLKQ,25
oISh58dhUOs,UC7301rstHsGPohgeR_kh8Pw,26
OISn13iX7-Y,UCh9qXeL8eP3Txra2908xksg,10
oj6jnNBAd1I,UCckltLEhFLv8Xz_lQhYfwmg,25
Ojxyaem4mRg,UCFq73irpdELVQc5yYQcLCcA,22
oKI3TCBCF7Y,UCFPySgAumPBFo0VFf8hjCjw,24
oKirkcF8y_Y,UCGN3TM5lZQ1DAvMwI1LIc8Q,27
oKwEMyHE3tU,UCHQfFg_epoUK0htwmiUyzEQ,27
OKYzdRVUxRw,UCckltLEhFLv8Xz_lQhYfwmg,25
OljSsy6fAmk,UCCK3OZi788Ok44K97WAhLKQ,25
OlO3uki71Yg,UCDm4BW0Q5d-zASSuRyvPGXw,22
olqumLUIz7M,UCVwbUjoiTUXxeVjsxW9Kwng,10
OlW2zcxU3zU,UCckltLEhFLv8Xz_lQhYfwmg,25
oLX2BaG54NY,UCckltLEhFLv8Xz_lQhYfwmg,25
oM6vkUAzF5c,UCGkzF25IZBE1SF9ykM64xEA,24
oM8ZQmIwBpE,UCAapm4DhqB5ckqr61IGdTUw,20
om9wGLqvQv0,UCckltLEhFLv8Xz_lQhYfwmg,25
omcbMUxz3l8,UCvQoK_VN52NG9CwB7Tc9WZg,27
omefhQlb8Qw,UCckltLEhFLv8Xz_lQhYfwmg,25
Omh7DzAt04w,UCuc40qp1ZKB_ZbDw9iml8Kg,22
OMjJuY21fLs,UCRnC_XIuIVFKWphUcLd4MVA,27
ommLpFtJpUQ,UCEmrzEYds6XN_7dd_5_XnrA,24
omO-OIitJI8,UCCK3OZi788Ok44K97WAhLKQ,25
OMSIHsOdh_k,UCU5WmQA3Ur1Yriw5pMqoBNQ,24
ON3KjKzsyJA,UCgnFSj7jQffD5V5m05j4dPw,22
onNC6_vKmGU,UCDdPJHmxHCJLH1sDyytCATw,22
onNv2KJjBzI,UCe13xXtdfx_n0_z1qeXV6_g,10
oNTYK7yXmas,UCQxq1x6XKl1oRJ_aSOdurWQ,10
Onw3yQ9OHxQ,UC2Wq8OiU3P9sSRxHpFEe_0Q,22
Onz-xiJi0_c,UCvQoK_VN52NG9CwB7Tc9WZg,27
OO7Ysq-XRkk,UCCK3OZi788Ok44K97WAhLKQ,25
OOev1qQNogk,UCRnC_XIuIVFKWphUcLd4MVA,27
OofmsKh6vO0,UCdTL_n9uC2_DlLX7ohcKpVQ,24
OOiNHnyCXoM,UC4UaWbUUwVvCxWNqhb4f16Q,22
OOKD-csFMMw,UCmqflTSJ6911aCrnaWIXxsA,24
oON1qvnVCk0,UCCK3OZi788Ok44K97WAhLKQ,25
OOOiJMaQvRM,UCe13xXtdfx_n0_z1qeXV6_g,10
ooP3Y5sNhmA,UCc8W1zUTmtNqXIhOHxPIAuw,27
OoTD9udlAbY,UCvQoK_VN52NG9CwB7Tc9WZg,27
oOTz2VS3tvw,UCglXlpWjIi95auM3umWWLdw,28
oOUX0exnf1U,UCckltLEhFLv8Xz_lQhYfwmg,25
oOwKkpxrGkY,UCCK3OZi788Ok44K97WAhLKQ,25
OozZapL4i5o,UCNFDDKoTezuSWbIjjHA76xQ,22
op2t6Qatw9Q,UCKS1HX4moHCcDBZnM9k4giw,1
OP3y0KDh4Mk,UCnY7v189bwoSTFFYD_PNWhQ,27
OpqQvAM95O8,UCNFDDKoTezuSWbIjjHA76xQ,22
OPr507-P5ZI,UCNFDDKoTezuSWbIjjHA76xQ,22
opw60i74Q8I,UCe13xXtdfx_n0_z1qeXV6_g,10
oq2vKmmnuP4,UCCK3OZi788Ok44K97WAhLKQ,25
OQ8Bik9FUIk,UCGkzF25IZBE1SF9ykM64xEA,24
OQElxYO15-0,UC4UaWbUUwVvCxWNqhb4f16Q,22
OqJG5XlTJDI,UCltN1illHSguno1gokRShxA,26
OQrnK0llTDw,UCaRBojHlDl24Tzh6Vt6dihQ,20
oQvbTkwyN04,UCCK3OZi788Ok44K97WAhLKQ,25
OQZ-RRVuggo,UCt7aYc76HmITvYbbQlHyFnw,27
or1rZkvO7wU,UCJsN1Mmx4GRA6sCYdfKqpSQ,10
oraRxsR2jCg,UCDdPJHmxHCJLH1sDyytCATw,22
orqiNrRMZA8,UCckltLEhFLv8Xz_lQhYfwmg,25
orU9kngf8qQ,UCCK3OZi788Ok44K97WAhLKQ,25
OrYvQ0vFNsU,UCCK3OZi788Ok44K97WAhLKQ,25
OS4bXC3TN-Q,UC3C6rQHX8pkjSyOm-620k3w,28
oS9dIQuP3Ys,UCCK3OZi788Ok44K97WAhLKQ,25
ospqDZx9vx4,UCCK3OZi788Ok44K97WAhLKQ,25
oSs9Lli4C0U,UC6lDrxy3lS4LNRuuBtryqpQ,22
osUQ_wTNlr8,UC1Q3UfVjchyhbtyJXc_mu5w,24
osYvDRr-z9M,UCk6Bzr5M-8n_KN2guSmWmMw,22
Ot_emgkRbY0,UC9ZdXR-RYydFqdIb1lqM4LQ,19
OT62ZrOqe7c,UCckltLEhFLv8Xz_lQhYfwmg,25
Ot9aEzE_EUU,UCAapm4DhqB5ckqr61IGdTUw,22
oTFefl7x4Cg,UCgnFSj7jQffD5V5m05j4dPw,22
OTfOQimW3Hc,UCu7cGbQEMgGk8TD0ZYucM5g,27
OtLqyzjCGBo,UCckltLEhFLv8Xz_lQhYfwmg,25
otVzevSt90Y,UCDm4BW0Q5d-zASSuRyvPGXw,22
OTyZLNDhkRE,UCEUSUxrhCt4n0Pp9WB7q7-w,24
Ou9v_dBWaKU,UCCK3OZi788Ok44K97WAhLKQ,25
OubK52c4FLI,UCn0XmAUFv6d2tofMFEesSNw,24
OuC2r0iRYa8,UCckltLEhFLv8Xz_lQhYfwmg,25
OuCQNiu0RhI,UCckltLEhFLv8Xz_lQhYfwmg,25
Oue-t2Oq4KY,UCuc40qp1ZKB_ZbDw9iml8Kg,22
oUPXX681Lfs,UCEa6e_J_Xs_GKCzG8Eq15Xw,24
OUrR1kvXEhY,UCFPySgAumPBFo0VFf8hjCjw,10
ov0Xev8fKlg,UCEuz_HGv5er0LZsztjO4g5Q,24
OvlNtEq_guM,UCR0Bia1mQ7NQp31WWNhoFnw,24
OVnvaO5M6S0,UCvQoK_VN52NG9CwB7Tc9WZg,27
OVQ9rIszTFY,UCNFDDKoTezuSWbIjjHA76xQ,22
OvSSNgNxqiw,UCCK3OZi788Ok44K97WAhLKQ,25
OVZZOwbxo0Y,UCYG2PZN2DImFqoTcj983iqA,24
ow8Dyd-7cKU,UCvQoK_VN52NG9CwB7Tc9WZg,10
OWF499hwddo,UCR5y9OV23c0jJ4RGwDvGnLw,27
OwKymOore74,UCvQoK_VN52NG9CwB7Tc9WZg,27
OwlNwD0ULPE,UC92h2ZVbLNazWe038DnzIUA,22
OWZqXJoWs-g,UCiOEgWwAKbfrVb795hqQc9A,24
oX-PhbZBImA,UCjK3LREYZUrNKnk56Prhe4w,29
ox5jpN-NJU8,UCGc6e2-SXlGP_cKkV5H39Kg,27
ox8z21lgFC8,UCCK3OZi788Ok44K97WAhLKQ,25
oxBAFqslXhs,UCNyujDJFZqQml78mdpb2rNA,24
oxhUKmxYdUY,UCwkHQPpM4IvsJZiIwW9_8Ng,22
oxOXb4elnDY,UCR0Bia1mQ7NQp31WWNhoFnw,22
OXv5OaZmQIY,UCOQAZV0vURpWMKTlAGVy8rQ,10
oXXJIjqFhbQ,UCgnFSj7jQffD5V5m05j4dPw,22
OxzCi8N8I3Y,UCDO8zlJiV9ZgaMMK2DyX1Dw,17
Oy-bYJhw12k,UCMQYRNX1Fg-HJ8Ey7Z3WPrA,24
OY11-6Bm6OE,UCnY7v189bwoSTFFYD_PNWhQ,27
OY8W9GG_3DI,UCn0XmAUFv6d2tofMFEesSNw,24
oYIgwovSGZQ,UCGN3TM5lZQ1DAvMwI1LIc8Q,27
oYSxRvku3QM,UCgnFSj7jQffD5V5m05j4dPw,22
Oz1VwQi9IAE,UCEoihco2ah097z2YwYOtojw,20
oz7DidwFViM,UCQxq1x6XKl1oRJ_aSOdurWQ,10
oZcs3SRbEhw,UCNyujDJFZqQml78mdpb2rNA,24
OZdOjbN6JNQ,UCm-TY_JakK4dHAwF6QqcZSg,20
OZev3L5oOWI,UCEoihco2ah097z2YwYOtojw,20
OzM0lavO0bg,UC1Q3UfVjchyhbtyJXc_mu5w,24
ozwOZ_Od26A,UCgnFSj7jQffD5V5m05j4dPw,22
ozyWs4Io2ZM,UCCK3OZi788Ok44K97WAhLKQ,25
P_3Zl1NsJog,UC0PdkCm3QlHJ8HdH4JeNirA,20
p_Gt9xRPXqQ,UCWqN5l7FwMO6-gT8Dg9mx5A,22
P_hzbyz5Tu8,UCckltLEhFLv8Xz_lQhYfwmg,25
P_T6N2qBG10,UCs_mHlm5_C82W5WCIJaSMbQ,22
P_w6t6U_Io0,UCDm4BW0Q5d-zASSuRyvPGXw,22
P_z0cOGzQ8g,UCR5y9OV23c0jJ4RGwDvGnLw,27
P_Zxc_3ZOx4,UCWqN5l7FwMO6-gT8Dg9mx5A,22
p--tQqMxi_0,UCGkzF25IZBE1SF9ykM64xEA,24
P0kJ5aEwl0I,UCU5WmQA3Ur1Yriw5pMqoBNQ,24
P1fOXYhCWEk,UCgnFSj7jQffD5V5m05j4dPw,22
P1O5yLzdilI,UC-ss1l2vO46QAgyCsPRIVDA,27
p1xhXmM84p4,UCCK3OZi788Ok44K97WAhLKQ,25
P26qehNRAf0,UCNyujDJFZqQml78mdpb2rNA,24
P2d4XHiL9i4,UCWqN5l7FwMO6-gT8Dg9mx5A,22
p2szLF3Lf9M,UCckltLEhFLv8Xz_lQhYfwmg,25
P2T2w9fj3VA,UCCK3OZi788Ok44K97WAhLKQ,25
p3DmcS_lgqI,UCFq73irpdELVQc5yYQcLCcA,22
p3zZ7MFDkVU,UCFq73irpdELVQc5yYQcLCcA,22
p4dMPCjKwpU,UCEoihco2ah097z2YwYOtojw,20
P4n52yD6l4o,UCMeObxIFpmRVL22ZpL4ME9g,22
p50cGUP-mfs,UCEoihco2ah097z2YwYOtojw,20
P53iKVAXq94,UCEa6e_J_Xs_GKCzG8Eq15Xw,24
p5CidVxw6ds,UCNyujDJFZqQml78mdpb2rNA,24
P5drDrJOhXc,UCOLdaAcrdzYY3ug15EuuFAg,26
P5oQMq9_KQI,UCu7cGbQEMgGk8TD0ZYucM5g,27
p6G1x6k7Byc,UCckltLEhFLv8Xz_lQhYfwmg,25
P6wmsFt3ulY,UCm-TY_JakK4dHAwF6QqcZSg,20
P7TD4kWQh8c,UCwKYO2L9xzLtWhSv4ncYCIA,22
P7u36ZZBvsk,UCt7aYc76HmITvYbbQlHyFnw,27
P8LA4AqsEfY,UCwkHQPpM4IvsJZiIwW9_8Ng,22
p8oZK5UzE_U,UC-ss1l2vO46QAgyCsPRIVDA,27
P8vDTVtkehs,UCckltLEhFLv8Xz_lQhYfwmg,25
p9Bt-5vyqmc,UCn0XmAUFv6d2tofMFEesSNw,24
P9DQV8dJ4HI,UCHQfFg_epoUK0htwmiUyzEQ,27
P9vkwlIWgqo,UCEmrzEYds6XN_7dd_5_XnrA,24
Pa1uMQUGzPM,UCCK3OZi788Ok44K97WAhLKQ,25
Pa1XEZSm0XE,UCvQoK_VN52NG9CwB7Tc9WZg,27
PA6Ep8_co0c,UCckltLEhFLv8Xz_lQhYfwmg,25
pa8R6NNaCLs,UCOQAZV0vURpWMKTlAGVy8rQ,10
PaJr_GtaZLM,UCEUSUxrhCt4n0Pp9WB7q7-w,24
pAnO-_4peo8,UC0PdkCm3QlHJ8HdH4JeNirA,20
PAp_OQphvj8,UCR5y9OV23c0jJ4RGwDvGnLw,27
pb0E5JAu3WE,UCckltLEhFLv8Xz_lQhYfwmg,25
PBd_AVu2a7A,UC9ZdXR-RYydFqdIb1lqM4LQ,19
pBFM0nKLV0s,UCdTL_n9uC2_DlLX7ohcKpVQ,24
pbFwIh_MAiQ,UCCK3OZi788Ok44K97WAhLKQ,25
pbG2eOsWpgw,UCETxOvOv9_44-CUzsPlzyxQ,28
pBHJy7X51ms,UCGN3TM5lZQ1DAvMwI1LIc8Q,27
pBjh7sJj_M0,UCEa6e_J_Xs_GKCzG8Eq15Xw,10
PBS51uPH3vY,UC7hqTC-ChL-_PUKhctTt50A,19
pbTXFVCnJD8,UC8irIP66QzlZNVgqe4vwN9g,10
pBvablADBow,UCckltLEhFLv8Xz_lQhYfwmg,25
PBVQAGX_EgA,UCr8qGT-Mv9tdCo-aPr06REQ,1
pC8GcHvE8xc,UCgnFSj7jQffD5V5m05j4dPw,22
pcAI21hn7Pc,UCiOEgWwAKbfrVb795hqQc9A,24
PcCE-1OBDOo,UCCK3OZi788Ok44K97WAhLKQ,25
pcdRvHlZvJY,UCDm4BW0Q5d-zASSuRyvPGXw,22
PCECW7ZeGP0,UCd3VsafChPVXeIufCAzCprA,27
pCIccg9M4cs,UCNFDDKoTezuSWbIjjHA76xQ,22
pCjmGsfriXo,UCCK3OZi788Ok44K97WAhLKQ,25
pcW6sv5nGLE,UCwkHQPpM4IvsJZiIwW9_8Ng,22
pD3eEeEv1cA,UCdY0SS4tZPdWdQ6m5bX-ZBg,24
Pd62Dz0FeF4,UC1Q3UfVjchyhbtyJXc_mu5w,24
Pd9HO7iJgdA,UCwkHQPpM4IvsJZiIwW9_8Ng,22
pDckGQK1xSk,UCckltLEhFLv8Xz_lQhYfwmg,25
pDCOBwwBnoo,UCckltLEhFLv8Xz_lQhYfwmg,25
pdPNZMnbL-Q,UCFPySgAumPBFo0VFf8hjCjw,2
pdQdZhpbugM,UCgnFSj7jQffD5V5m05j4dPw,22
pdrApe6aUmU,UCEUSUxrhCt4n0Pp9WB7q7-w,24
PdXOieoYzp0,UCCK3OZi788Ok44K97WAhLKQ,25
pDYvMAY309I,UCk6Bzr5M-8n_KN2guSmWmMw,22
pEjnTu4tIBQ,UCGN3TM5lZQ1DAvMwI1LIc8Q,27
PennaPo0Y40,UCckltLEhFLv8Xz_lQhYfwmg,25
PeSWMk2RN6Q,UCVwbUjoiTUXxeVjsxW9Kwng,10
pEWijMkI7-8,UCCK3OZi788Ok44K97WAhLKQ,25
pfdif3qSuRE,UC-ss1l2vO46QAgyCsPRIVDA,27
pfOAkBo34fY,UCFq73irpdELVQc5yYQcLCcA,22
pFrFNquN4tU,UCwKYO2L9xzLtWhSv4ncYCIA,22
pfzfDjW-ZRA,UCltN1illHSguno1gokRShxA,26
pGBGdNAmOBg,UCk6Bzr5M-8n_KN2guSmWmMw,22
pgFFMqPw20A,UCckltLEhFLv8Xz_lQhYfwmg,25
PgG5hX1Z5lY,UCNFDDKoTezuSWbIjjHA76xQ,22
PGlmM0FyalQ,UCn0XmAUFv6d2tofMFEesSNw,24
pGP5F1_L5mA,UCcpCelkp30ukU3ZKUXsU25g,24
Ph_91aY_SrY,UC6lDrxy3lS4LNRuuBtryqpQ,22
PH3PhaZp_mw,UC6lDrxy3lS4LNRuuBtryqpQ,22
phbh1ZV3i1I,UCCK3OZi788Ok44K97WAhLKQ,25
pHCFZ9JEaFw,UCu7cGbQEMgGk8TD0ZYucM5g,27
PHCkQMmK0V4,UCaRBojHlDl24Tzh6Vt6dihQ,20
phdyqpqpQMc,UCCK3OZi788Ok44K97WAhLKQ,25
PHMJ40R8zfE,UCaRBojHlDl24Tzh6Vt6dihQ,20
PhMjQZjzZZ8,UCgnFSj7jQffD5V5m05j4dPw,24
phMLnXjp9Fs,UCOLdaAcrdzYY3ug15EuuFAg,26
phSk_FhY46k,UCrjQG1gLZ4cDwIzrGA5pRBw,22
phvdhMEglmQ,UC9ZdXR-RYydFqdIb1lqM4LQ,19
pi9wrL7IIY8,UCYG2PZN2DImFqoTcj983iqA,24
pia-PdlTo24,UCEa6e_J_Xs_GKCzG8Eq15Xw,10
pinxmFdYkEE,UC9U2IYFVPd-Hl6zAeZQL7eQ,22
PiSeMM3QHI8,UCr8qGT-Mv9tdCo-aPr06REQ,1
PIUU1rNZSi8,UCckltLEhFLv8Xz_lQhYfwmg,25
pj2dAaY-UJI,UCckltLEhFLv8Xz_lQhYfwmg,25
PJ3DHTx7LlY,UCckltLEhFLv8Xz_lQhYfwmg,25
Pj8gJlS-DSg,UC2Wq8OiU3P9sSRxHpFEe_0Q,22
PJbiUqkrfiw,UCckltLEhFLv8Xz_lQhYfwmg,25
pjEtX5TbjA0,UC0PdkCm3QlHJ8HdH4JeNirA,20
pJeyP1rN1J0,UCgnFSj7jQffD5V5m05j4dPw,22
PJgAKM6dhII,UCKEKf35apTUvSLs-c1DCekw,27
PjMdtNi900I,UCgnFSj7jQffD5V5m05j4dPw,22
pjpB38A7kT4,UCltN1illHSguno1gokRShxA,26
PjT8ml3W2mU,UC0PdkCm3QlHJ8HdH4JeNirA,20
pJyUXn3njJQ,UCckltLEhFLv8Xz_lQhYfwmg,25
PK1LaNsz3zA,UCgnFSj7jQffD5V5m05j4dPw,24
Pk967KAOTkI,UCh9qXeL8eP3Txra2908xksg,10
pk9912oQ90w,UCckltLEhFLv8Xz_lQhYfwmg,25
PKAfbThCJDE,UCCK3OZi788Ok44K97WAhLKQ,25
pKMLxuov53g,UCn0XmAUFv6d2tofMFEesSNw,24
PkTLS7ZyRFY,UCCK3OZi788Ok44K97WAhLKQ,25
PKuIdqUZfqg,UCCK3OZi788Ok44K97WAhLKQ,25
Pkv5oCcBqxc,UCckltLEhFLv8Xz_lQhYfwmg,25
pKWUa2LuaI0,UCu_V8lfzyGspxP-LNFowW9w,10
PKYpaUe4x2Y,UCCK3OZi788Ok44K97WAhLKQ,25
pL-RKqjrnE4,UCDO8zlJiV9ZgaMMK2DyX1Dw,17
Pl3QxNS0wB8,UCKS1HX4moHCcDBZnM9k4giw,1
PL4KK9BwmJs,UCckltLEhFLv8Xz_lQhYfwmg,25
pl94k7VHN6A,UCrjQG1gLZ4cDwIzrGA5pRBw,22
plAzgdJiVuM,UCckltLEhFLv8Xz_lQhYfwmg,25
plCPUrSCVcc,UCEoihco2ah097z2YwYOtojw,20
PlGrNCBb9jM,UCCK3OZi788Ok44K97WAhLKQ,25
PLs8hQjeZ1U,UCVmkgq5EQR_Dls3LG-wkrjw,22
PLsy4N-rOS8,UCckltLEhFLv8Xz_lQhYfwmg,25
PM362XqZpZc,UC8irIP66QzlZNVgqe4vwN9g,10
pm6Jx3AzRU8,UCckltLEhFLv8Xz_lQhYfwmg,25
pMc82Sdf_rc,UCckltLEhFLv8Xz_lQhYfwmg,25
pMdprGiKY54,UCk6Bzr5M-8n_KN2guSmWmMw,22
pmghuG3U5ws,UCaRBojHlDl24Tzh6Vt6dihQ,20
pMnrK0MgJq4,UCQxq1x6XKl1oRJ_aSOdurWQ,10
pmqpRkeWgGo,UCk6Bzr5M-8n_KN2guSmWmMw,24
pmQrNxNOoZQ,UCRJPCCeeEsLiZkCjWlulDCg,19
pNaQnH-8d7k,UCCK3OZi788Ok44K97WAhLKQ,25
PNcu825y1G4,UCh9qXeL8eP3Txra2908xksg,10
pNiSh8qMiHE,UCU5WmQA3Ur1Yriw5pMqoBNQ,24
pNk7btDJjfs,UCrjQG1gLZ4cDwIzrGA5pRBw,22
pNUPgygjupE,UCc8W1zUTmtNqXIhOHxPIAuw,26
PnypX_F0JZw,UCckltLEhFLv8Xz_lQhYfwmg,25
poJeU8HjViM,UC1Q3UfVjchyhbtyJXc_mu5w,24
pOKQA93c5nE,UCh9qXeL8eP3Txra2908xksg,10
POSqmNgk34Q,UCCK3OZi788Ok44K97WAhLKQ,25
pOT2d93rnFk,UCCK3OZi788Ok44K97WAhLKQ,25
POThaeCkUZk,UCEa6e_J_Xs_GKCzG8Eq15Xw,24
PoTyb3i08nE,UCnY7v189bwoSTFFYD_PNWhQ,27
pOu4QrVDjcM,UCckltLEhFLv8Xz_lQhYfwmg,25
pOw905HtrzI,UC_BPD0TBnFtRExZOhIFEQYQ,20
PP1Y-8N7X8s,UCEmrzEYds6XN_7dd_5_XnrA,24
pP26EkoKn0c,UCn0XmAUFv6d2tofMFEesSNw,24
Pp89lgzhlSA,UC0PdkCm3QlHJ8HdH4JeNirA,20
pPC9SE7DTzk,UCgnFSj7jQffD5V5m05j4dPw,22
pPgao3A1dFk,UCDO8zlJiV9ZgaMMK2DyX1Dw,17
ppgNOyHfo7w,UCgnFSj7jQffD5V5m05j4dPw,22
PPKR6_BBpNk,UCJsN1Mmx4GRA6sCYdfKqpSQ,10
ppkSY06siV0,UCwKYO2L9xzLtWhSv4ncYCIA,19
pPpQvpMMMYw,UCR5y9OV23c0jJ4RGwDvGnLw,27
ppwQLEO8uVA,UCFq73irpdELVQc5yYQcLCcA,22
pqHf-XIzM7U,UCckltLEhFLv8Xz_lQhYfwmg,25
PqMYWSVi80U,UCJsN1Mmx4GRA6sCYdfKqpSQ,10
pqQ-cAluLZU,UCFPySgAumPBFo0VFf8hjCjw,10
PQrCCOFdETg,UC9ZdXR-RYydFqdIb1lqM4LQ,19
Pqyoe8eMjrs,UCKEKf35apTUvSLs-c1DCekw,27
pr8u9Tiriro,UCgnFSj7jQffD5V5m05j4dPw,22
pRGrtGsC4Xg,UCQxq1x6XKl1oRJ_aSOdurWQ,10
prq5lcOOmho,UCn0XmAUFv6d2tofMFEesSNw,24
pRYigLQH3io,UCcrktZCp1tY9eDqrk6fMrsA,27
ps_ZRcMG3ho,UCckltLEhFLv8Xz_lQhYfwmg,25
PS-jsp1cZVo,UC92h2ZVbLNazWe038DnzIUA,22
psAHzym_5j0,UC92h2ZVbLNazWe038DnzIUA,22
pslHEE8rQzo,UCEUSUxrhCt4n0Pp9WB7q7-w,27
pSn3oaSoBr0,UCU5WmQA3Ur1Yriw5pMqoBNQ,24
PSom9QcpEpQ,UCmqflTSJ6911aCrnaWIXxsA,24
psUTjdnFqek,UCckltLEhFLv8Xz_lQhYfwmg,25
Pt5XxHue9n4,UCnirzf0fEAPfQV__61iwSQQ,20
ptdx9K2cksc,UCckltLEhFLv8Xz_lQhYfwmg,25
pTkxc5RSJCE,UCEuz_HGv5er0LZsztjO4g5Q,24
ptrbYQjsHn4,UCEuz_HGv5er0LZsztjO4g5Q,24
pTVBlSkR33M,UCd3VsafChPVXeIufCAzCprA,24
PTytPrcOTIk,UCVmkgq5EQR_Dls3LG-wkrjw,28
pUdmyTVLWBI,UCe13xXtdfx_n0_z1qeXV6_g,10
pUEcgM46NgY,UCTb1H9XUOHjqA9hVvxCht0w,19
Pun1EOfmMMU,UCm-TY_JakK4dHAwF6QqcZSg,20
pUOETww3WfA,UCDO8zlJiV9ZgaMMK2DyX1Dw,17
PUoNArq9Go4,UCKS1HX4moHCcDBZnM9k4giw,1
PVcv5pmFqfE,UCrjQG1gLZ4cDwIzrGA5pRBw,22
PVmrnE4XhEM,UCgnFSj7jQffD5V5m05j4dPw,22
PVP7D_5VTs0,UCCK3OZi788Ok44K97WAhLKQ,25
pVR3SPKa2rE,UCDO8zlJiV9ZgaMMK2DyX1Dw,17
pwDyWYrCf0U,UCCK3OZi788Ok44K97WAhLKQ,25
Pwfxye9xqb4,UCckltLEhFLv8Xz_lQhYfwmg,25
PwlX8XYxty0,UCckltLEhFLv8Xz_lQhYfwmg,25
PWNl7VOmDGM,UCYG2PZN2DImFqoTcj983iqA,24
pWQ2_HFGrok,UCNFDDKoTezuSWbIjjHA76xQ,22
pWsQtektN-o,UCRtAu8OVYVfuNZmTV-Ug0zA,27
PX1FqaP59b4,UCu7cGbQEMgGk8TD0ZYucM5g,27
pX3SLqLCKH0,UCR5y9OV23c0jJ4RGwDvGnLw,27
PX8Fmx51Vh8,UCNFDDKoTezuSWbIjjHA76xQ,22
pXNYRjfH8nM,UCiOEgWwAKbfrVb795hqQc9A,24
pXOdiy8siTU,UCCK3OZi788Ok44K97WAhLKQ,25
PxoGjHJwq98,UCjK3LREYZUrNKnk56Prhe4w,29
PXxFcxqrylQ,UCltN1illHSguno1gokRShxA,26
PY-iktMoWBc,UCm-TY_JakK4dHAwF6QqcZSg,20
Pyb0z_YQjjI,UCEjCyBoWP57QRkmFRz-aOGw,27
pybxINIVUFE,UCEuz_HGv5er0LZsztjO4g5Q,24
pyCBFQIx4lM,UCRnC_XIuIVFKWphUcLd4MVA,27
PYKghK3kyns,UCVwbUjoiTUXxeVjsxW9Kwng,10
PynKlOFyquY,UCaRBojHlDl24Tzh6Vt6dihQ,20
PYNNYNqOUuU,UCckltLEhFLv8Xz_lQhYfwmg,25
PYoAMRzSsow,UCEUSUxrhCt4n0Pp9WB7q7-w,24
pYvAg14xD-A,UCCK3OZi788Ok44K97WAhLKQ,25
PZ_ejv-pz9M,UCcpCelkp30ukU3ZKUXsU25g,24
pZ9Vkd_ZiU0,UCNFDDKoTezuSWbIjjHA76xQ,22
PzdZtXYjgA8,UCMeObxIFpmRVL22ZpL4ME9g,22
pZLLjO-7j78,UCwkHQPpM4IvsJZiIwW9_8Ng,22
PzSmWFseHrk,UCcpCelkp30ukU3ZKUXsU25g,25
pzZKgTQulXo,UCglXlpWjIi95auM3umWWLdw,28
q_C3-0csQMw,UCckltLEhFLv8Xz_lQhYfwmg,25
q_noGDtWhH8,UCCK3OZi788Ok44K97WAhLKQ,25
q_u7RZCnQW8,UCt7aYc76HmITvYbbQlHyFnw,27
q-6QGbLZgak,UCckltLEhFLv8Xz_lQhYfwmg,25
q-IEah6E-0k,UCKEKf35apTUvSLs-c1DCekw,27
Q-Nu2qBVTUg,UC3C6rQHX8pkjSyOm-620k3w,28
q-Ry1njLKIQ,UCn0XmAUFv6d2tofMFEesSNw,24
q-RziUj939U,UCuc40qp1ZKB_ZbDw9iml8Kg,22
q0uxWh_UQgs,UCgnFSj7jQffD5V5m05j4dPw,25
Q15MsupxaZ8,UCCK3OZi788Ok44K97WAhLKQ,25
Q1anmzmkqOk,UCvQoK_VN52NG9CwB7Tc9WZg,27
q2IOnpusI24,UC4UaWbUUwVvCxWNqhb4f16Q,22
q2REzDCzh8I,UC2Wq8OiU3P9sSRxHpFEe_0Q,22
q2Vgzxp_u7M,UC7301rstHsGPohgeR_kh8Pw,26
Q30-t1mgyp8,UCCK3OZi788Ok44K97WAhLKQ,25
q34aC3xG5lA,UCckltLEhFLv8Xz_lQhYfwmg,25
q3a8-09znD4,UCckltLEhFLv8Xz_lQhYfwmg,25
q3YD2FXTRf8,UCckltLEhFLv8Xz_lQhYfwmg,25
Q4jOkq3kZPE,UC3C6rQHX8pkjSyOm-620k3w,28
q5Fwnf3m510,UCcpCelkp30ukU3ZKUXsU25g,22
q5hDgQ6_A44,UCckltLEhFLv8Xz_lQhYfwmg,25
q5T2pYdUmVI,UCwXfRdTtVeVnXXF4poaYw0Q,19
q5XkigtfhLY,UC4UaWbUUwVvCxWNqhb4f16Q,22
Q61np7v3RMc,UCckltLEhFLv8Xz_lQhYfwmg,25
Q6A_Arc3icQ,UCRnC_XIuIVFKWphUcLd4MVA,27
Q6lTjLtid4c,UCnirzf0fEAPfQV__61iwSQQ,20
Q6ng3nX52r8,UCQxq1x6XKl1oRJ_aSOdurWQ,10
q6PsP--_WQI,UCgnFSj7jQffD5V5m05j4dPw,22
q6uDpnHx-zU,UCk6Bzr5M-8n_KN2guSmWmMw,22
q6zr2LZI7-A,UCckltLEhFLv8Xz_lQhYfwmg,25
q6zszuFZbgc,UCCK3OZi788Ok44K97WAhLKQ,25
Q7HefyQA8mI,UCOLdaAcrdzYY3ug15EuuFAg,26
Q7jE7qcXqJ8,UCYG2PZN2DImFqoTcj983iqA,24
Q7KzY41W3UA,UCckltLEhFLv8Xz_lQhYfwmg,25
q7YxMJfHaxQ,UCu7cGbQEMgGk8TD0ZYucM5g,27
q8Oiglz5zHk,UCGN3TM5lZQ1DAvMwI1LIc8Q,27
q8Tt89xkpOs,UCJsN1Mmx4GRA6sCYdfKqpSQ,10
q8Ybm74t0Aw,UCckltLEhFLv8Xz_lQhYfwmg,25
Q9cSsJykRWA,UCYG2PZN2DImFqoTcj983iqA,24
Q9KPJOhYvFc,UCEUSUxrhCt4n0Pp9WB7q7-w,27
qa8HZ9ZWvFE,UCwkHQPpM4IvsJZiIwW9_8Ng,22
qaJdz7wIrok,UCn0XmAUFv6d2tofMFEesSNw,24
QATVREK4lTA,UCDdPJHmxHCJLH1sDyytCATw,22
QauSMhRes4o,UC6lDrxy3lS4LNRuuBtryqpQ,22
QaVtHsmSHXg,UCgnFSj7jQffD5V5m05j4dPw,22
qB2q1cbvGG0,UCKA7SQOUkD1_z5lr016Q70w,22
qB6cEP7Ev1w,UC1Q3UfVjchyhbtyJXc_mu5w,24
QBBovhUhSuA,UCBR9iW2qo_7LP9_9u3A2ZeQ,20
QBK3PtqeBOM,UCckltLEhFLv8Xz_lQhYfwmg,25
QbKtxPJx6Ws,UCcpCelkp30ukU3ZKUXsU25g,24
qBldsdOxN94,UCCK3OZi788Ok44K97WAhLKQ,25
QbtErdBx7VE,UCgnFSj7jQffD5V5m05j4dPw,22
QbuhI6jahjc,UCn0XmAUFv6d2tofMFEesSNw,24
QBURqL_nkWU,UC2Wq8OiU3P9sSRxHpFEe_0Q,22
qBZdJwHZ8jY,UCuc40qp1ZKB_ZbDw9iml8Kg,22
qc8pDsH--RA,UCdY0SS4tZPdWdQ6m5bX-ZBg,24
qcA-w3H3NAg,UCRtAu8OVYVfuNZmTV-Ug0zA,27
QcaHzgyk82Y,UCckltLEhFLv8Xz_lQhYfwmg,25
qCGbs-4g3I4,UCaRBojHlDl24Tzh6Vt6dihQ,20
QCgh_4QRUV8,UCgnFSj7jQffD5V5m05j4dPw,22
qCq1gitr5t8,UCYG2PZN2DImFqoTcj983iqA,24
QcvUgvmAhe8,UC1Q3UfVjchyhbtyJXc_mu5w,24
Qd-dgwr0lQU,UCDO8zlJiV9ZgaMMK2DyX1Dw,17
Qd33LpTiK8w,UCYG2PZN2DImFqoTcj983iqA,24
qd8sh4XbYmk,UCDdPJHmxHCJLH1sDyytCATw,22
qDgv7W5DUVw,UCMQYRNX1Fg-HJ8Ey7Z3WPrA,24
qdijQiu-j0Q,UCgnFSj7jQffD5V5m05j4dPw,22
QDl9o3MI5Eo,UC0PdkCm3QlHJ8HdH4JeNirA,20
qdm804S0Ga4,UCckltLEhFLv8Xz_lQhYfwmg,25
qDpkc8tL0AY,UCFq73irpdELVQc5yYQcLCcA,22
qDVPmrVYg10,UCEjCyBoWP57QRkmFRz-aOGw,27
Qe13In4_1RU,UCgnFSj7jQffD5V5m05j4dPw,22
qeJgLOPH_fo,UCckltLEhFLv8Xz_lQhYfwmg,25
qeKe2otXcew,UCn0XmAUFv6d2tofMFEesSNw,24
qenftDSHpDU,UCCK3OZi788Ok44K97WAhLKQ,25
qenORm72giw,UC8irIP66QzlZNVgqe4vwN9g,10
QeXWA1qXoaA,UCR5y9OV23c0jJ4RGwDvGnLw,27
qF7suO-ZEXU,UCCK3OZi788Ok44K97WAhLKQ,25
QfASuEsVqXM,UCETxOvOv9_44-CUzsPlzyxQ,28
QFCwvWGRDD0,UCe13xXtdfx_n0_z1qeXV6_g,10
qfkClEk6LUw,UCc8W1zUTmtNqXIhOHxPIAuw,27
Qgcs0KhIZ8k,UCckltLEhFLv8Xz_lQhYfwmg,25
qGnWfBRGXhw,UCgnFSj7jQffD5V5m05j4dPw,24
qGscLqnHkRY,UCdY0SS4tZPdWdQ6m5bX-ZBg,24
QGUlAqbXrzg,UCCK3OZi788Ok44K97WAhLKQ,25
qh--SHMI4gU,UCn0XmAUFv6d2tofMFEesSNw,24
qH-8r1dLFu0,UCCK3OZi788Ok44K97WAhLKQ,25
Qh5Ei5_YKhc,UCwXfRdTtVeVnXXF4poaYw0Q,19
QhKvCEz-QU4,UCQxq1x6XKl1oRJ_aSOdurWQ,10
QHTZfwMoQBU,UCCK3OZi788Ok44K97WAhLKQ,25
QIpKVZTEXxQ,UCmqflTSJ6911aCrnaWIXxsA,24
Qis63aNEtnc,UCEa6e_J_Xs_GKCzG8Eq15Xw,24
qisA2yyWeqE,UCkysZsPin4y9iQHS-QYygeQ,20
QiVkgowHbmc,UCAapm4DhqB5ckqr61IGdTUw,22
qiWdkFPA0mg,UCnY7v189bwoSTFFYD_PNWhQ,27
qiZizMIvSmo,UCU5WmQA3Ur1Yriw5pMqoBNQ,24
QjDfEZ2aM4Q,UCTb1H9XUOHjqA9hVvxCht0w,22
qjK08CiRSqc,UCckltLEhFLv8Xz_lQhYfwmg,25
qJMcBmXGgTI,UCCK3OZi788Ok44K97WAhLKQ,25
QjsoTgfk7_k,UCuc40qp1ZKB_ZbDw9iml8Kg,22
qJSYg9r6Fhw,UC-ss1l2vO46QAgyCsPRIVDA,27
QJXX5dnGZKw,UCs_mHlm5_C82W5WCIJaSMbQ,22
QKFyUWVRBqo,UCnirzf0fEAPfQV__61iwSQQ,20
QKGbk9gPn3Y,UCAapm4DhqB5ckqr61IGdTUw,22
qKKoT-fGh0M,UC4UaWbUUwVvCxWNqhb4f16Q,22
QKLTl3JYa0E,UCckltLEhFLv8Xz_lQhYfwmg,25
qKppmnASny0,UCh9qXeL8eP3Txra2908xksg,10
QKtvXKjEB84,UCgnFSj7jQffD5V5m05j4dPw,22
qkwUSjqIXwY,UCglXlpWjIi95auM3umWWLdw,28
QKYF_wbW5aE,UCGN3TM5lZQ1DAvMwI1LIc8Q,27
ql7W1Ls98xA,UCwkHQPpM4IvsJZiIwW9_8Ng,22
QlEoKMboSwo,UCr8qGT-Mv9tdCo-aPr06REQ,1
qLER8qNcQMI,UCaRBojHlDl24Tzh6Vt6dihQ,20
QLPevpSRlKQ,UCjK3LREYZUrNKnk56Prhe4w,29
qlq3mqO9Oeg,UC1Q3UfVjchyhbtyJXc_mu5w,24
QlRrz-y9DhI,UCgnFSj7jQffD5V5m05j4dPw,22
qlVPmeDkqzk,UCiOEgWwAKbfrVb795hqQc9A,24
qLwvU6l6X50,UCCK3OZi788Ok44K97WAhLKQ,25
QMELnUbK25s,UC_BPD0TBnFtRExZOhIFEQYQ,20
qmwRfn3Te_U,UCR0Bia1mQ7NQp31WWNhoFnw,22
qN736z-Vg1A,UC0PdkCm3QlHJ8HdH4JeNirA,20
qNiaZ_7n-Lw,UCEa6e_J_Xs_GKCzG8Eq15Xw,10
QnvLHsJXRrQ,UCn0XmAUFv6d2tofMFEesSNw,24
QO5w7dUiSds,UCVwbUjoiTUXxeVjsxW9Kwng,10
qOCxMxsHFyA,UCaRBojHlDl24Tzh6Vt6dihQ,20
qOjaJylXbPY,UCCK3OZi788Ok44K97WAhLKQ,25
qot_I099dSg,UC9ZdXR-RYydFqdIb1lqM4LQ,19
qoWXw-vLkOY,UCn0XmAUFv6d2tofMFEesSNw,24
qOYnh-W4eZ0,UCe13xXtdfx_n0_z1qeXV6_g,10
qozJXsnJbng,UCCK3OZi788Ok44K97WAhLKQ,25
QP_UGGRBp4g,UCCK3OZi788Ok44K97WAhLKQ,25
qPJyac_cUaQ,UCOLdaAcrdzYY3ug15EuuFAg,26
Qpvee7H9mKE,UCCK3OZi788Ok44K97WAhLKQ,25
QPvLih3mJjw,UC1Q3UfVjchyhbtyJXc_mu5w,24
qpXwK-EfIxI,UCEAjJ7_uNZDGzmFQiSFIQ7A,22
QQ3JEePI7Pg,UCjK3LREYZUrNKnk56Prhe4w,29
qqdCBSsnl-I,UCh9qXeL8eP3Txra2908xksg,10
QqG9d1E1_X4,UCYFn7BOOlmL21iNJ6q5IDfg,24
QQmucsk4K8k,UCMQYRNX1Fg-HJ8Ey7Z3WPrA,24
qQQWcbU6q84,UCGc6e2-SXlGP_cKkV5H39Kg,27
QqV2oOczTUA,UCGN3TM5lZQ1DAvMwI1LIc8Q,27
QqYROZ7pBek,UCdTL_n9uC2_DlLX7ohcKpVQ,24
qr_jmY6mMVs,UC2Wq8OiU3P9sSRxHpFEe_0Q,22
QR2C6XNeA0I,UCk6Bzr5M-8n_KN2guSmWmMw,24
QrdATqPqnGI,UCEmrzEYds6XN_7dd_5_XnrA,24
QRdNz-MeFDI,UCWqN5l7FwMO6-gT8Dg9mx5A,22
qrgpFk7i6QE,UCgnFSj7jQffD5V5m05j4dPw,22
QRkzhjZC-c8,UCR0Bia1mQ7NQp31WWNhoFnw,24
QrRSIJCLHgM,UCnirzf0fEAPfQV__61iwSQQ,20
qS-uaoYNFn0,UCwkHQPpM4IvsJZiIwW9_8Ng,22
QsesjFJ3Kl8,UC7hqTC-ChL-_PUKhctTt50A,19
qsKlvvAHfGA,UCCK3OZi788Ok44K97WAhLKQ,25
QSV2dBfl33k,UCETxOvOv9_44-CUzsPlzyxQ,28
qSxkW02rsqM,UCwKYO2L9xzLtWhSv4ncYCIA,19
Qt9kUVbdTOc,UCjK3LREYZUrNKnk56Prhe4w,29
QTGhalTNv2U,UCc8W1zUTmtNqXIhOHxPIAuw,27
QtGuxrjNX7A,UCdTL_n9uC2_DlLX7ohcKpVQ,19
QtLbTIXEQ2I,UCCK3OZi788Ok44K97WAhLKQ,25
QtmU15nndQI,UCgnFSj7jQffD5V5m05j4dPw,22
QTPrrLagonY,UCiOEgWwAKbfrVb795hqQc9A,24
QtvfM2YcVf8,UCltN1illHSguno1gokRShxA,26
QTzy89y1GTU,UCn0XmAUFv6d2tofMFEesSNw,24
QU2SxdAafuE,UCcpCelkp30ukU3ZKUXsU25g,24
quCQsaouYH4,UCEoihco2ah097z2YwYOtojw,20
QUfqDymR4Sc,UCn0XmAUFv6d2tofMFEesSNw,24
QUfWd4TbPoE,UC0PdkCm3QlHJ8HdH4JeNirA,20
QUgrohEgvW0,UC6lDrxy3lS4LNRuuBtryqpQ,22
qUsR0BJX4gw,UCDm4BW0Q5d-zASSuRyvPGXw,22
QUtdXTFAfgI,UC-ss1l2vO46QAgyCsPRIVDA,27
QuV57n0ip_k,UCaRBojHlDl24Tzh6Vt6dihQ,20
QuzCvZZGPtc,UCiOEgWwAKbfrVb795hqQc9A,24
QV_rSd-tQZ0,UC1Q3UfVjchyhbtyJXc_mu5w,24
qvBZu0qMrUU,UCRtAu8OVYVfuNZmTV-Ug0zA,27
qVKFbQ3vkPc,UCRnC_XIuIVFKWphUcLd4MVA,27
QvkLXe99zEk,UCETxOvOv9_44-CUzsPlzyxQ,28
Qvlyd8ooTqY,UC2Wq8OiU3P9sSRxHpFEe_0Q,22
QVmmKVdjzU4,UC1Q3UfVjchyhbtyJXc_mu5w,24
QvWFxR2-Nqs,UCfK5mYo5nvU4d4vkguhSn6Q,24
QvwLeVK9aQg,UCm-TY_JakK4dHAwF6QqcZSg,20
QVxYU7U1zn4,UCCK3OZi788Ok44K97WAhLKQ,25
QW_4VKGNvoA,UCckltLEhFLv8Xz_lQhYfwmg,25
qWhbykZR-OE,UCckltLEhFLv8Xz_lQhYfwmg,25
QWHnr216V-M,UCvQoK_VN52NG9CwB7Tc9WZg,27
qwkdHq6Ie8Y,UC-ss1l2vO46QAgyCsPRIVDA,27
qwN3qsqiJYo,UCCK3OZi788Ok44K97WAhLKQ,25
QwZTSAiGRhU,UCOQAZV0vURpWMKTlAGVy8rQ,10
Qx0_Ji4NQNk,UCs_mHlm5_C82W5WCIJaSMbQ,22
qX625hbGIbs,UCckltLEhFLv8Xz_lQhYfwmg,25
qxhVKeYGgc0,UCckltLEhFLv8Xz_lQhYfwmg,25
QxlI7zE46KI,UCcrktZCp1tY9eDqrk6fMrsA,27
QxlUG4Rxuno,UCFq73irpdELVQc5yYQcLCcA,22
QxzV76FgKFU,UCFPySgAumPBFo0VFf8hjCjw,10
qy9zs9OmK9s,UC1Q3UfVjchyhbtyJXc_mu5w,24
qYQQR0IbQ_g,UC1Q3UfVjchyhbtyJXc_mu5w,24
QyVdUmKOpl8,UCRnC_XIuIVFKWphUcLd4MVA,27
QyzspYjtB7M,UCBR9iW2qo_7LP9_9u3A2ZeQ,20
QZ4H7pey3QQ,UCTb1H9XUOHjqA9hVvxCht0w,19
Qz8dmzA_Cqk,UCBR9iW2qo_7LP9_9u3A2ZeQ,20
qZo-5bTC8RQ,UCMQYRNX1Fg-HJ8Ey7Z3WPrA,24
QzOozhS7Lfs,UCCK3OZi788Ok44K97WAhLKQ,25
QzPZgBtSMh4,UCGN3TM5lZQ1DAvMwI1LIc8Q,27
QZT3Es0PMvM,UCt7aYc76HmITvYbbQlHyFnw,22
QzWS0syFlfc,UC-ss1l2vO46QAgyCsPRIVDA,27
qzXGIDUcAis,UCnY7v189bwoSTFFYD_PNWhQ,27
qzyLNj4Xw_Q,UCaRBojHlDl24Tzh6Vt6dihQ,20
r_BNgAcfGIs,UCCK3OZi788Ok44K97WAhLKQ,25
r_v4F8tYdEs,UCCK3OZi788Ok44K97WAhLKQ,25
R_X858vrsrc,UCYFn7BOOlmL21iNJ6q5IDfg,24
R-9_n6tLGBk,UCEmrzEYds6XN_7dd_5_XnrA,24
r-FulSF2pdk,UCn0XmAUFv6d2tofMFEesSNw,24
r0kpWZQs0QE,UCckltLEhFLv8Xz_lQhYfwmg,25
R0LitJ9visY,UCdY0SS4tZPdWdQ6m5bX-ZBg,24
R0UGz6vz3bs,UCCK3OZi788Ok44K97WAhLKQ,25
R1jSJIz-1Ds,UC9U2IYFVPd-Hl6zAeZQL7eQ,22
r2OJ8ocWWIg,UCCK3OZi788Ok44K97WAhLKQ,25
R397HygurAc,UCglXlpWjIi95auM3umWWLdw,28
r3BFhDQKvw8,UC-ss1l2vO46QAgyCsPRIVDA,27
r3HsY_qRkhM,UCgnFSj7jQffD5V5m05j4dPw,22
R3kgioqBI68,UC_BPD0TBnFtRExZOhIFEQYQ,20
r3l101o6o5c,UCCK3OZi788Ok44K97WAhLKQ,25
r3Pg5TlIhXk,UCckltLEhFLv8Xz_lQhYfwmg,25
R3qwiYdmVfo,UCckltLEhFLv8Xz_lQhYfwmg,25
R3S4aSumtcY,UCckltLEhFLv8Xz_lQhYfwmg,25
R3yNPHsRwrU,UCckltLEhFLv8Xz_lQhYfwmg,25
R46p9yUhsng,UCYG2PZN2DImFqoTcj983iqA,1
R4EzpV8OEgM,UCckltLEhFLv8Xz_lQhYfwmg,25
R4LSbVdqZXg,UC7301rstHsGPohgeR_kh8Pw,26
r4Xf0cttYvM,UCckltLEhFLv8Xz_lQhYfwmg,25
r5HPqN8hOUs,UCcpCelkp30ukU3ZKUXsU25g,24
R5mwd3NLTnE,UCCK3OZi788Ok44K97WAhLKQ,25
r6Wltoxaif0,UCMQYRNX1Fg-HJ8Ey7Z3WPrA,24
R71t3ab0nmE,UCDO8zlJiV9ZgaMMK2DyX1Dw,17
R7Ij2jwZzKc,UC4UaWbUUwVvCxWNqhb4f16Q,22
R7nhk70p6YA,UCgnFSj7jQffD5V5m05j4dPw,22
r823oMa9mhg,UC_BPD0TBnFtRExZOhIFEQYQ,20
R8r5tDZhT6k,UCGkzF25IZBE1SF9ykM64xEA,24
r8RMOj23Q5c,UCVwbUjoiTUXxeVjsxW9Kwng,10
r8wahyEgjME,UCckltLEhFLv8Xz_lQhYfwmg,25
R90b33VtgQ8,UCBR9iW2qo_7LP9_9u3A2ZeQ,20
r94sh646XB4,UCCK3OZi788Ok44K97WAhLKQ,25
r9dXRLcEfxA,UCCK3OZi788Ok44K97WAhLKQ,25
R9gbPMTPswM,UC1Q3UfVjchyhbtyJXc_mu5w,24
r9hktkzF6LU,UCgnFSj7jQffD5V5m05j4dPw,22
r9M-tW12hRY,UCVwbUjoiTUXxeVjsxW9Kwng,10
r9M3aMzUgQM,UCCK3OZi788Ok44K97WAhLKQ,25
R9ShO4-Fb3w,UCckltLEhFLv8Xz_lQhYfwmg,25
Ra_J8hTQGEc,UCc8W1zUTmtNqXIhOHxPIAuw,27
RA_rS048y-Y,UCh9qXeL8eP3Txra2908xksg,10
ra1QYsmIU_4,UCWqN5l7FwMO6-gT8Dg9mx5A,22
RA1X-FSwwEo,UCEmrzEYds6XN_7dd_5_XnrA,24
rAJjgJkjHX0,UCVmkgq5EQR_Dls3LG-wkrjw,28
RajTLV_R1Qg,UCckltLEhFLv8Xz_lQhYfwmg,25
raOAYeWKGFs,UCckltLEhFLv8Xz_lQhYfwmg,25
RApFNuZW50k,UCNyujDJFZqQml78mdpb2rNA,24
rAPWaCIJAec,UCm-TY_JakK4dHAwF6QqcZSg,20
RaR5YLKSNgQ,UCwXfRdTtVeVnXXF4poaYw0Q,19
rAVfjbkqvoY,UCCK3OZi788Ok44K97WAhLKQ,25
RbDN7TQNkzw,UCgnFSj7jQffD5V5m05j4dPw,22
RbfqAbw-Bpk,UCCK3OZi788Ok44K97WAhLKQ,25
rBVe9KoakWw,UCQxq1x6XKl1oRJ_aSOdurWQ,10
RbZT77zg9tM,UCckltLEhFLv8Xz_lQhYfwmg,25
RC_oE8bjjys,UC92h2ZVbLNazWe038DnzIUA,22
Rc3vrOqv7Vw,UCh9qXeL8eP3Txra2908xksg,10
RCFsozWqGWY,UCCK3OZi788Ok44K97WAhLKQ,25
RcIq4UJfLt8,UC92h2ZVbLNazWe038DnzIUA,22
rckR3sSqqJ8,UCwkHQPpM4IvsJZiIwW9_8Ng,22
RCtHEY4vbLM,UCnirzf0fEAPfQV__61iwSQQ,20
RCwq4EUOiBI,UC2Wq8OiU3P9sSRxHpFEe_0Q,22
RCYp-F4v9D8,UCdY0SS4tZPdWdQ6m5bX-ZBg,24
RD8WQNEVMso,UCRnC_XIuIVFKWphUcLd4MVA,27
rdHqLcPhMA8,UCwkHQPpM4IvsJZiIwW9_8Ng,22
RdmyPJhBaFY,UCEoihco2ah097z2YwYOtojw,20
RdnSPaXbg1o,UCKS1HX4moHCcDBZnM9k4giw,1
rDtB_-L9ih4,UCglXlpWjIi95auM3umWWLdw,28
rDXnwenPEj4,UCYG2PZN2DImFqoTcj983iqA,24
re0p9qarhKI,UCCK3OZi788Ok44K97WAhLKQ,25
RehkA6eY2qQ,UCn0XmAUFv6d2tofMFEesSNw,24
REVYCID9f8k,UCMeObxIFpmRVL22ZpL4ME9g,22
ReYvH9aoyWM,UCCK3OZi788Ok44K97WAhLKQ,25
rEZPBXWM10c,UCckltLEhFLv8Xz_lQhYfwmg,25
RF2u8l1IGuM,UCR0Bia1mQ7NQp31WWNhoFnw,20
RF9esFNCrLU,UCrjQG1gLZ4cDwIzrGA5pRBw,22
RfdtKXsfKnk,UCgnFSj7jQffD5V5m05j4dPw,25
RfgeQGNZjRo,UCckltLEhFLv8Xz_lQhYfwmg,25
RFgqa-T-ECY,UCCK3OZi788Ok44K97WAhLKQ,25
rFgvmtLG0fY,UCc8W1zUTmtNqXIhOHxPIAuw,27
RfHG7s_tWdQ,UCOQAZV0vURpWMKTlAGVy8rQ,10
RfiK-T8VKEw,UCCK3OZi788Ok44K97WAhLKQ,25
rfIu4Lx56wc,UC-ss1l2vO46QAgyCsPRIVDA,27
rFMZ3vEiMNI,UCEa6e_J_Xs_GKCzG8Eq15Xw,24
RFQIq2CUNHM,UCckltLEhFLv8Xz_lQhYfwmg,25
RFVtSsTgDAg,UCmqflTSJ6911aCrnaWIXxsA,24
rfwGfE_j31Q,UCh9qXeL8eP3Txra2908xksg,10
RG6i5LoLR8Q,UCckltLEhFLv8Xz_lQhYfwmg,25
rgoiHRt6qHI,UCCK3OZi788Ok44K97WAhLKQ,25
rguMCZsJWO4,UCCK3OZi788Ok44K97WAhLKQ,25
RH-2lL09Bwk,UCc8W1zUTmtNqXIhOHxPIAuw,27
RH6XvF_BPQU,UC0PdkCm3QlHJ8HdH4JeNirA,20
rhk-vmdjhpQ,UCgnFSj7jQffD5V5m05j4dPw,22
rhNsZprCbO0,UC2Wq8OiU3P9sSRxHpFEe_0Q,22
RhnucDPVhJw,UCHQfFg_epoUK0htwmiUyzEQ,27
rhV0yYxcCsA,UCckltLEhFLv8Xz_lQhYfwmg,25
RhW5RyYA_Vo,UCgnFSj7jQffD5V5m05j4dPw,22
rHYdHY4Q-2w,UCckltLEhFLv8Xz_lQhYfwmg,25
riiTFuZBN0Q,UCckltLEhFLv8Xz_lQhYfwmg,25
rj4OXfVIbdE,UCCK3OZi788Ok44K97WAhLKQ,25
rj4P9ey58aY,UCd3VsafChPVXeIufCAzCprA,27
RJ8gww1POcw,UCaRBojHlDl24Tzh6Vt6dihQ,20
rjG-CDYOANc,UCk6Bzr5M-8n_KN2guSmWmMw,24
Rjh01BrEnWs,UCCK3OZi788Ok44K97WAhLKQ,25
rJmAA944aGc,UCEuz_HGv5er0LZsztjO4g5Q,24
rjqDYlfv7v0,UCEoihco2ah097z2YwYOtojw,20
rjtZkSALok4,UCcpCelkp30ukU3ZKUXsU25g,24
rJW5Nt5d3q0,UCEuz_HGv5er0LZsztjO4g5Q,24
RKaPinHXA38,UCKS1HX4moHCcDBZnM9k4giw,1
rKAs95hH-xo,UCEUSUxrhCt4n0Pp9WB7q7-w,24
rKM83tGtJAA,UCdY0SS4tZPdWdQ6m5bX-ZBg,24
rKObjVNFtYU,UC7301rstHsGPohgeR_kh8Pw,26
RkosrmkC4cE,UCCK3OZi788Ok44K97WAhLKQ,25
rKTOKM4_XQY,UCCK3OZi788Ok44K97WAhLKQ,25
RKXa1MBHVWM,UCs_mHlm5_C82W5WCIJaSMbQ,22
rkZgGD-HGQQ,UCn0XmAUFv6d2tofMFEesSNw,24
rl4_mGYZlvw,UCOLdaAcrdzYY3ug15EuuFAg,26
RlDuB1cDRY8,UCCK3OZi788Ok44K97WAhLKQ,25
RLXqHyLhaIE,UCKA7SQOUkD1_z5lr016Q70w,22
rlxuRuqukNk,UCETxOvOv9_44-CUzsPlzyxQ,28
rMGgKOFPOXo,UCgnFSj7jQffD5V5m05j4dPw,22
rmJP2RqHCQ8,UCn0XmAUFv6d2tofMFEesSNw,24
rmqpxXY-DLk,UCc8W1zUTmtNqXIhOHxPIAuw,27
RMzEEa-ZVek,UCCK3OZi788Ok44K97WAhLKQ,25
Rn6KYnee2MY,UCgnFSj7jQffD5V5m05j4dPw,22
RNB-GORve0Q,UCYFn7BOOlmL21iNJ6q5IDfg,24
RNbdbKkAbTc,UCu_V8lfzyGspxP-LNFowW9w,10
RNbp3lE62a0,UCgnFSj7jQffD5V5m05j4dPw,25
rncf2Dz_nzk,UCgnFSj7jQffD5V5m05j4dPw,22
RNChSOL2Qng,UCRtAu8OVYVfuNZmTV-Ug0zA,27
rNi5ERrGxj0,UCEmrzEYds6XN_7dd_5_XnrA,24
RNp93o47fmI,UCckltLEhFLv8Xz_lQhYfwmg,25
rNs0LBuO5ws,UCKS1HX4moHCcDBZnM9k4giw,1
RnucxY6oDg8,UCn0XmAUFv6d2tofMFEesSNw,24
RnWvfHKaGFw,UCEuz_HGv5er0LZsztjO4g5Q,24
rO0h8o13cJU,UC2Wq8OiU3P9sSRxHpFEe_0Q,22
ro4cNad1YSY,UCn0XmAUFv6d2tofMFEesSNw,24
Ro9zcCIe2zY,UCHQfFg_epoUK0htwmiUyzEQ,27
rOG3RSvuZFQ,UCdY0SS4tZPdWdQ6m5bX-ZBg,24
ronLiDuyY8k,UCrjQG1gLZ4cDwIzrGA5pRBw,22
ROpyUYlwd8o,UCc8W1zUTmtNqXIhOHxPIAuw,20
RosJsvNwI28,UCt7aYc76HmITvYbbQlHyFnw,27
rotKIFPP_is,UCn0XmAUFv6d2tofMFEesSNw,24
Rp-xa9JSaLc,UCOLdaAcrdzYY3ug15EuuFAg,26
rP6o5yHwCOI,UCckltLEhFLv8Xz_lQhYfwmg,25
RPfauPSN8jc,UC_BPD0TBnFtRExZOhIFEQYQ,20
rPsIn_HGzk0,UCgnFSj7jQffD5V5m05j4dPw,22
RPslhsQNZis,UCckltLEhFLv8Xz_lQhYfwmg,25
RQ1CcCFN0ao,UCRnC_XIuIVFKWphUcLd4MVA,27
RqfC-MTK7RE,UCe13xXtdfx_n0_z1qeXV6_g,10
RQijh_1t2o4,UC6lDrxy3lS4LNRuuBtryqpQ,22
RQj1-NjYT7I,UCGc6e2-SXlGP_cKkV5H39Kg,27
rQJD8EGA9Qg,UCCK3OZi788Ok44K97WAhLKQ,25
rQLSlOpoJho,UCEoihco2ah097z2YwYOtojw,20
rqnjRhyqSWg,UCgnFSj7jQffD5V5m05j4dPw,22
rqNKhRgApuo,UCCK3OZi788Ok44K97WAhLKQ,25
rqPUYdBlfzY,UCckltLEhFLv8Xz_lQhYfwmg,25
RqThy1KMCd8,UC2Wq8OiU3P9sSRxHpFEe_0Q,22
rQwYl8g3wb8,UCCK3OZi788Ok44K97WAhLKQ,25
RQZ8zVDvZXY,UCdTL_n9uC2_DlLX7ohcKpVQ,24
rr2khx_v0pE,UC3C6rQHX8pkjSyOm-620k3w,28
rREI21P2r08,UCKS1HX4moHCcDBZnM9k4giw,1
rrl0Xf8IFlA,UCglXlpWjIi95auM3umWWLdw,28
RrP08X7BW_k,UCn0XmAUFv6d2tofMFEesSNw,24
RRQv-fyHbJU,UCEuz_HGv5er0LZsztjO4g5Q,24
rSlTCn2H8vA,UCh9qXeL8eP3Txra2908xksg,10
Rt5uboigVM8,UCaRBojHlDl24Tzh6Vt6dihQ,20
rtD8Wvxo8k0,UCDdPJHmxHCJLH1sDyytCATw,22
rtfkQnsHTR8,UCCK3OZi788Ok44K97WAhLKQ,25
rtZRAC2vKVc,UCwXfRdTtVeVnXXF4poaYw0Q,19
RUI2O3Vb0C8,UCgnFSj7jQffD5V5m05j4dPw,22
RUIhOf9bq6U,UCOLdaAcrdzYY3ug15EuuFAg,26
RULKrJ4rbHs,UCkysZsPin4y9iQHS-QYygeQ,20
rUs3ZvcrgN4,UCgnFSj7jQffD5V5m05j4dPw,22
rUVO39GgVqQ,UCCK3OZi788Ok44K97WAhLKQ,25
rUWIlv0iMb8,UCaRBojHlDl24Tzh6Vt6dihQ,20
rVR8BtvQEzM,UC-ss1l2vO46QAgyCsPRIVDA,27
rVSZL8HsIkU,UCDm4BW0Q5d-zASSuRyvPGXw,22
RvUDURmIuFQ,UCnY7v189bwoSTFFYD_PNWhQ,27
RVuy0eQQdd8,UCckltLEhFLv8Xz_lQhYfwmg,25
rw2Wp6PEOLE,UCjK3LREYZUrNKnk56Prhe4w,29
rW4YQhFRspY,UC2Wq8OiU3P9sSRxHpFEe_0Q,22
rW9FNGSjZas,UC9ZdXR-RYydFqdIb1lqM4LQ,19
rWdlQfgKIdI,UCckltLEhFLv8Xz_lQhYfwmg,25
RwJIR8OuGj0,UCFPySgAumPBFo0VFf8hjCjw,2
rwlkK8VYQMs,UCCK3OZi788Ok44K97WAhLKQ,25
rWPXTctYXfU,UCgnFSj7jQffD5V5m05j4dPw,22
RWTwWgLoWMY,UCCK3OZi788Ok44K97WAhLKQ,25
rWxJ6n3fG9M,UCn0XmAUFv6d2tofMFEesSNw,24
rx53ilxeEi4,UCNyujDJFZqQml78mdpb2rNA,24
RxCtYiUIWZg,UCEuz_HGv5er0LZsztjO4g5Q,24
rXDDc8YuWPE,UCCK3OZi788Ok44K97WAhLKQ,25
rxe-fuZIXD4,UC0CXMeU0432EMgBnlBaY_yA,27
rxf0RWJZB0w,UCgnFSj7jQffD5V5m05j4dPw,24
rxICmYbxMJ0,UCMQYRNX1Fg-HJ8Ey7Z3WPrA,24
RxUQH4p14eM,UCcpCelkp30ukU3ZKUXsU25g,24
RXW5qrrUEmk,UCDm4BW0Q5d-zASSuRyvPGXw,22
rXwBjO8XfDs,UCckltLEhFLv8Xz_lQhYfwmg,25
rxzlzOnmmk4,UCwkHQPpM4IvsJZiIwW9_8Ng,22
rY_uznefbiE,UCCK3OZi788Ok44K97WAhLKQ,25
Ry-HGVedir0,UCdTL_n9uC2_DlLX7ohcKpVQ,24
rY6CUq1UfGo,UCGkzF25IZBE1SF9ykM64xEA,24
rYbrewGUgTM,UCd3VsafChPVXeIufCAzCprA,27
ryCApAAEa_M,UCc8W1zUTmtNqXIhOHxPIAuw,10
RYkegjjwel8,UCnirzf0fEAPfQV__61iwSQQ,20
RYMo1D9H-xo,UCKS1HX4moHCcDBZnM9k4giw,1
RYn1nq6jUx4,UCEjCyBoWP57QRkmFRz-aOGw,27
RyqdoRMX-Hk,UCCK3OZi788Ok44K97WAhLKQ,25
ryqo7cgobTk,UCYG2PZN2DImFqoTcj983iqA,24
RySCC6kDSj8,UCdTL_n9uC2_DlLX7ohcKpVQ,24
rySSS-zgfnc,UCCK3OZi788Ok44K97WAhLKQ,25
ryx3U2trmdY,UCe13xXtdfx_n0_z1qeXV6_g,10
Rz-ArcozK5U,UCETxOvOv9_44-CUzsPlzyxQ,28
Rz13cDeX0Jk,UCEuz_HGv5er0LZsztjO4g5Q,24
rz4kilDPRjQ,UCEa6e_J_Xs_GKCzG8Eq15Xw,24
rZ8YcoIAH5w,UCe13xXtdfx_n0_z1qeXV6_g,10
Rz8ZVpmGetY,UCKEKf35apTUvSLs-c1DCekw,27
RzJ7RlisOPY,UC_BPD0TBnFtRExZOhIFEQYQ,20
Rzl1ngucHxw,UCwkHQPpM4IvsJZiIwW9_8Ng,22
RzNvQh6zG8U,UCR5y9OV23c0jJ4RGwDvGnLw,27
rzsKhkQ-50s,UCU5WmQA3Ur1Yriw5pMqoBNQ,24
rZTAYTCuyJU,UCh9qXeL8eP3Txra2908xksg,10
rZWENybrAEk,UCwkHQPpM4IvsJZiIwW9_8Ng,22
RZwfegl7dEA,UCgnFSj7jQffD5V5m05j4dPw,22
S_1SI02jgSg,UCckltLEhFLv8Xz_lQhYfwmg,25
S_bh9Fb8Y4M,UCckltLEhFLv8Xz_lQhYfwmg,25
S_dl-X6zgwU,UCDdPJHmxHCJLH1sDyytCATw,22
s_Lq8eQ2hFM,UCGN3TM5lZQ1DAvMwI1LIc8Q,27
s_vz0w0qc4E,UCgnFSj7jQffD5V5m05j4dPw,22
S-0E7zJVKFA,UCKS1HX4moHCcDBZnM9k4giw,1
s-R32m2A2nY,UCEuz_HGv5er0LZsztjO4g5Q,24
s0DRkXDHXDg,UCR5y9OV23c0jJ4RGwDvGnLw,27
s0e-E54Sq2c,UCd3VsafChPVXeIufCAzCprA,27
S0h9dwLwwlE,UCuc40qp1ZKB_ZbDw9iml8Kg,22
S0LTkJAmyiI,UCBR9iW2qo_7LP9_9u3A2ZeQ,20
s0m4AlzFgz0,UCJsN1Mmx4GRA6sCYdfKqpSQ,10
S0sRlVXfJwU,UCckltLEhFLv8Xz_lQhYfwmg,25
S1csvb0lYkU,UCckltLEhFLv8Xz_lQhYfwmg,25
S1soV2BEbvY,UCckltLEhFLv8Xz_lQhYfwmg,25
S25wfXuhZ8U,UCKEKf35apTUvSLs-c1DCekw,27
s2J7H2hHV_o,UCBR9iW2qo_7LP9_9u3A2ZeQ,20
s2NhPOV824o,UCckltLEhFLv8Xz_lQhYfwmg,25
s2yLcyXGpJY,UCglXlpWjIi95auM3umWWLdw,28
s3l3pSO3DRQ,UCr8qGT-Mv9tdCo-aPr06REQ,1
s3rhz5fMUR4,UCrjQG1gLZ4cDwIzrGA5pRBw,22
s4KpYjc8TZk,UC0CXMeU0432EMgBnlBaY_yA,27
S4QP2cBKysk,UCmqflTSJ6911aCrnaWIXxsA,24
S5JHwKjbsP4,UCwKYO2L9xzLtWhSv4ncYCIA,22
s5mSCwdlkrA,UCnY7v189bwoSTFFYD_PNWhQ,27
s6Deg32DoYU,UCNyujDJFZqQml78mdpb2rNA,24
s72OpdfMDFo,UCn0XmAUFv6d2tofMFEesSNw,24
s74mBNe56_w,UCCK3OZi788Ok44K97WAhLKQ,25
s7JICnvHRq8,UC7hqTC-ChL-_PUKhctTt50A,19
s7JNH1UBnjs,UCk6Bzr5M-8n_KN2guSmWmMw,22
s8_bxp_i5Qk,UCwkHQPpM4IvsJZiIwW9_8Ng,22
S88s6PavC2M,UCu7cGbQEMgGk8TD0ZYucM5g,27
S93add2UdmE,UCCK3OZi788Ok44K97WAhLKQ,25
s9y_PlLqP2U,UCrjQG1gLZ4cDwIzrGA5pRBw,22
sAfEbSuQO9Q,UCBR9iW2qo_7LP9_9u3A2ZeQ,20
sAhr7gJfhUI,UCDdPJHmxHCJLH1sDyytCATw,22
SAVzXRcQKEo,UC7301rstHsGPohgeR_kh8Pw,26
SaW7-Q9SHfE,UC4UaWbUUwVvCxWNqhb4f16Q,22
sAWltodBxOE,UCU5WmQA3Ur1Yriw5pMqoBNQ,24
Sb2X_73yZAk,UCckltLEhFLv8Xz_lQhYfwmg,25
sB5uPBR_zrU,UCuc40qp1ZKB_ZbDw9iml8Kg,22
SbbLwDb3dYw,UCs_mHlm5_C82W5WCIJaSMbQ,22
Sbdj5ORQ-9w,UC7hqTC-ChL-_PUKhctTt50A,19
Sbn8orUomys,UCs_mHlm5_C82W5WCIJaSMbQ,22
SbpQ1VBXJt8,UC0PdkCm3QlHJ8HdH4JeNirA,20
sBrblCXcWxk,UCMeObxIFpmRVL22ZpL4ME9g,22
sBTY4JBEAQ4,UCCK3OZi788Ok44K97WAhLKQ,25
sC1EDQYmckQ,UC7hqTC-ChL-_PUKhctTt50A,19
sc3Lz8EZARc,UCiOEgWwAKbfrVb795hqQc9A,24
SC7zCTTe9Ro,UCR5y9OV23c0jJ4RGwDvGnLw,27
sCDUzmXq9t4,UCwkHQPpM4IvsJZiIwW9_8Ng,22
scKHW8rcO5w,UCuc40qp1ZKB_ZbDw9iml8Kg,22
ScpBnuZ3GNg,UCcpCelkp30ukU3ZKUXsU25g,19
SCsfXfY6kqc,UCCK3OZi788Ok44K97WAhLKQ,25
sCTJDLox7QY,UCgnFSj7jQffD5V5m05j4dPw,22
sCzBrQnYiyE,UCgnFSj7jQffD5V5m05j4dPw,22
sCZSf-giCus,UC0PdkCm3QlHJ8HdH4JeNirA,20
sd49qRkxRwE,UCYG2PZN2DImFqoTcj983iqA,24
sDHMatLkUKA,UCCK3OZi788Ok44K97WAhLKQ,25
SDhZhxK-66Y,UCckltLEhFLv8Xz_lQhYfwmg,25
SdiCz84KrYE,UCKS1HX4moHCcDBZnM9k4giw,1
sDPMU8zDxmg,UCGN3TM5lZQ1DAvMwI1LIc8Q,27
SdwWBXxWDBE,UCgnFSj7jQffD5V5m05j4dPw,22
sE2y0oVn2UI,UCgnFSj7jQffD5V5m05j4dPw,22
SE5OqD7UvA4,UCckltLEhFLv8Xz_lQhYfwmg,25
SenTpmSnM5U,UCckltLEhFLv8Xz_lQhYfwmg,25
SeOfZSq6k4E,UCNyujDJFZqQml78mdpb2rNA,24
SETsbfny3ZM,UC-ss1l2vO46QAgyCsPRIVDA,27
sEXj2f9CIyQ,UCCK3OZi788Ok44K97WAhLKQ,25
SEzZP25jiPU,UCn0XmAUFv6d2tofMFEesSNw,24
SFbwAKi8Ryk,UCgnFSj7jQffD5V5m05j4dPw,22
SFEWdOKFcF8,UCiTVdDN9GI0xzzyvPHrk8VA,22
SfN6HZ7gxtg,UCCK3OZi788Ok44K97WAhLKQ,25
SfTY_oA07pE,UCckltLEhFLv8Xz_lQhYfwmg,25
sfWfpbftQLU,UCCK3OZi788Ok44K97WAhLKQ,25
SFX0cKdvEew,UCn0XmAUFv6d2tofMFEesSNw,24
sGjqgup-5sk,UCglXlpWjIi95auM3umWWLdw,28
sGnOO5FHpio,UCckltLEhFLv8Xz_lQhYfwmg,25
SGqmM52GmQQ,UCCK3OZi788Ok44K97WAhLKQ,25
sguj4DrWkC0,UCMQYRNX1Fg-HJ8Ey7Z3WPrA,23
SgVaPTpuHGc,UCmqflTSJ6911aCrnaWIXxsA,24
Sh_9nv_rvNY,UCckltLEhFLv8Xz_lQhYfwmg,25
SH24a8h92dw,UCCK3OZi788Ok44K97WAhLKQ,25
Sh3ndsfqTV4,UCCK3OZi788Ok44K97WAhLKQ,25
Sh75Lly_ayw,UCk6Bzr5M-8n_KN2guSmWmMw,24
sHdDjDKKD8U,UC92h2ZVbLNazWe038DnzIUA,22
sHiuyIZqE1c,UCQxq1x6XKl1oRJ_aSOdurWQ,10
SHNJU9TWN6s,UCHQfFg_epoUK0htwmiUyzEQ,27
shvIH1Vfv7k,UC-ss1l2vO46QAgyCsPRIVDA,27
sHvsCEHagpM,UCckltLEhFLv8Xz_lQhYfwmg,25
shzyDGxPgiY,UCfK5mYo5nvU4d4vkguhSn6Q,24
si_V5AKORUA,UC-ss1l2vO46QAgyCsPRIVDA,27
Si09fyY2hSY,UCnY7v189bwoSTFFYD_PNWhQ,27
SI3VR1tO2Kw,UCKS1HX4moHCcDBZnM9k4giw,1
Si43WtDSqAk,UC-ss1l2vO46QAgyCsPRIVDA,27
Si4K5ur7vPE,UCKA7SQOUkD1_z5lr016Q70w,22
sIrcysqRgEc,UCCK3OZi788Ok44K97WAhLKQ,25
SIw1Nr6_BGI,UCEUSUxrhCt4n0Pp9WB7q7-w,24
siwninUPfV4,UCCK3OZi788Ok44K97WAhLKQ,25
siYcaeeysTs,UCh9qXeL8eP3Txra2908xksg,10
SiZexislh6s,UCckltLEhFLv8Xz_lQhYfwmg,25
SIzgBDgmkRc,UCGN3TM5lZQ1DAvMwI1LIc8Q,27
SjgLBA1bv0k,UCCK3OZi788Ok44K97WAhLKQ,25
sjv18WYyCY0,UCfK5mYo5nvU4d4vkguhSn6Q,24
SK3yPpXVa6E,UCCK3OZi788Ok44K97WAhLKQ,25
skEmRgLu9xw,UCCK3OZi788Ok44K97WAhLKQ,25
sKIyCFBmhHM,UCckltLEhFLv8Xz_lQhYfwmg,25
sKJIUQA6s9k,UCCK3OZi788Ok44K97WAhLKQ,25
SkoJGGb9C7c,UCckltLEhFLv8Xz_lQhYfwmg,25
SKV-D01YYbo,UCmqflTSJ6911aCrnaWIXxsA,24
SL2CF85W8sQ,UCEoihco2ah097z2YwYOtojw,20
slkjJpuesfU,UCn0XmAUFv6d2tofMFEesSNw,24
sLmdQ4U7cMM,UCn0XmAUFv6d2tofMFEesSNw,24
SLxE7px0W30,UC0PdkCm3QlHJ8HdH4JeNirA,20
sM5t3aTpQFQ,UC7301rstHsGPohgeR_kh8Pw,26
smI2MkHYarI,UCckltLEhFLv8Xz_lQhYfwmg,25
sMk7zJj3_UE,UCCK3OZi788Ok44K97WAhLKQ,25
smkbLMmaA6E,UCn0XmAUFv6d2tofMFEesSNw,24
sMrpJQjXzZc,UC4UaWbUUwVvCxWNqhb4f16Q,22
SmU-IMbG7oc,UCh9qXeL8eP3Txra2908xksg,10
sMvaoDfCOzM,UC9U2IYFVPd-Hl6zAeZQL7eQ,22
SmVDFH2GzxM,UCgnFSj7jQffD5V5m05j4dPw,24
sMwPQXE4FK8,UCCK3OZi788Ok44K97WAhLKQ,25
sN3lNkbRp-o,UCiOEgWwAKbfrVb795hqQc9A,24
SNafLl9qDZk,UCn0XmAUFv6d2tofMFEesSNw,24
sNHzC02TR8M,UCnirzf0fEAPfQV__61iwSQQ,20
SNjfnc_JYOE,UCgnFSj7jQffD5V5m05j4dPw,24
snMeZdmotPI,UCCK3OZi788Ok44K97WAhLKQ,25
SNTNl4ZuUyM,UC9ZdXR-RYydFqdIb1lqM4LQ,19
SNu5etw2Lrg,UCckltLEhFLv8Xz_lQhYfwmg,25
SNUuNMgXXYk,UCh9qXeL8eP3Txra2908xksg,10
snV-bA0EWcc,UCEa6e_J_Xs_GKCzG8Eq15Xw,24
SnWfYzRq4kQ,UCKS1HX4moHCcDBZnM9k4giw,1
snZZ0sCEwmk,UCVmkgq5EQR_Dls3LG-wkrjw,28
SO3BQNcspSY,UCe13xXtdfx_n0_z1qeXV6_g,10
sOtpsXFeEWs,UC9ZdXR-RYydFqdIb1lqM4LQ,19
sp4K3V2xdU0,UC7hqTC-ChL-_PUKhctTt50A,19
sPdNvtNrr6g,UCdTL_n9uC2_DlLX7ohcKpVQ,24
spJjbwHfFAI,UC92h2ZVbLNazWe038DnzIUA,22
SpNlfaEwykk,UC0PdkCm3QlHJ8HdH4JeNirA,20
SPSgU-xBCMQ,UCR5y9OV23c0jJ4RGwDvGnLw,27
SpUOtVFXI6g,UCHQfFg_epoUK0htwmiUyzEQ,27
SpxOCoNhRGE,UC0PdkCm3QlHJ8HdH4JeNirA,20
sQ5F5-RsumE,UCckltLEhFLv8Xz_lQhYfwmg,25
sQ6n7lPzTtk,UCEa6e_J_Xs_GKCzG8Eq15Xw,24
SQa0OuAiZhc,UCn0XmAUFv6d2tofMFEesSNw,24
sQEivJeATkM,UCCK3OZi788Ok44K97WAhLKQ,25
SqFaFOu8ymg,UCiOEgWwAKbfrVb795hqQc9A,24
SQG7Slyc4wE,UC9ZdXR-RYydFqdIb1lqM4LQ,19
squtNBtGPDA,UCckltLEhFLv8Xz_lQhYfwmg,25
sqVqVxSfTME,UCCK3OZi788Ok44K97WAhLKQ,25
SqXcsGe0_DQ,UCc8W1zUTmtNqXIhOHxPIAuw,24
sqZ4q9UbX1A,UCDm4BW0Q5d-zASSuRyvPGXw,22
Sr8zqfEyxV0,UCfK5mYo5nvU4d4vkguhSn6Q,24
SrCWfbH6UUs,UCwXfRdTtVeVnXXF4poaYw0Q,19
Srgotr-gtew,UCCK3OZi788Ok44K97WAhLKQ,25
srhFlJPlwRc,UCCK3OZi788Ok44K97WAhLKQ,25
sRHU6C40BaI,UCCK3OZi788Ok44K97WAhLKQ,25
srvYBOtDwQo,UCYG2PZN2DImFqoTcj983iqA,24
ss2PmcQYvwY,UCEuz_HGv5er0LZsztjO4g5Q,24
ssgp4--uiEk,UCn0XmAUFv6d2tofMFEesSNw,24
SSHQ8ryfPAE,UCFPySgAumPBFo0VFf8hjCjw,2
SsOWLK-mqy8,UCgnFSj7jQffD5V5m05j4dPw,22
SsRGGPKu7ic,UCd3VsafChPVXeIufCAzCprA,27
SswntE7Qwns,UCckltLEhFLv8Xz_lQhYfwmg,25
SsY6jxvuhw8,UCu7cGbQEMgGk8TD0ZYucM5g,27
STAlokWNpJs,UC3C6rQHX8pkjSyOm-620k3w,28
sTdePcu9uEI,UCckltLEhFLv8Xz_lQhYfwmg,25
sTIaLo0mVFw,UCjK3LREYZUrNKnk56Prhe4w,29
sTleBr_DAsI,UCgnFSj7jQffD5V5m05j4dPw,22
sToUa0Xz9jw,UCckltLEhFLv8Xz_lQhYfwmg,25
sTpMtPvaGlk,UC2Wq8OiU3P9sSRxHpFEe_0Q,22
StSmXGx9ocs,UC92h2ZVbLNazWe038DnzIUA,22
stxb2hKUyv4,UCgnFSj7jQffD5V5m05j4dPw,22
sU3C5ApLQF8,UCKEKf35apTUvSLs-c1DCekw,27
SUCIrfnYO0s,UCCK3OZi788Ok44K97WAhLKQ,25
sUfkSEDXLM0,UCVmkgq5EQR_Dls3LG-wkrjw,22
sUZJJGlnAEM,UCEjCyBoWP57QRkmFRz-aOGw,27
SUzu3Y4wJiQ,UCAapm4DhqB5ckqr61IGdTUw,22
SWL393r6n_8,UCR0Bia1mQ7NQp31WWNhoFnw,22
SwpBIS7UDv0,UCdTL_n9uC2_DlLX7ohcKpVQ,19
swQIkbDJGRM,UCwXfRdTtVeVnXXF4poaYw0Q,19
SWVswLEKi4Y,UCuc40qp1ZKB_ZbDw9iml8Kg,22
sWWmtbDn-ak,UCCK3OZi788Ok44K97WAhLKQ,25
sx3mD2lcACA,UCckltLEhFLv8Xz_lQhYfwmg,25
SXk8mRfsw-U,UCFPySgAumPBFo0VFf8hjCjw,10
Sxpo7OTwoXU,UCOQAZV0vURpWMKTlAGVy8rQ,10
SxRFZ4eU2DU,UCglXlpWjIi95auM3umWWLdw,28
sXz6hUn44VE,UCiOEgWwAKbfrVb795hqQc9A,24
SY7qGKhvtKE,UCk6Bzr5M-8n_KN2guSmWmMw,24
sY9YeHSfBTU,UC1Q3UfVjchyhbtyJXc_mu5w,24
sYCZY9tfdvE,UCYG2PZN2DImFqoTcj983iqA,24
SyF-TOKjz0M,UCkysZsPin4y9iQHS-QYygeQ,20
SyiUchaX01s,UCCK3OZi788Ok44K97WAhLKQ,25
SyL12UxwZrw,UCEjCyBoWP57QRkmFRz-aOGw,27
sYtFBm2Y-_4,UCCK3OZi788Ok44K97WAhLKQ,25
SYzZnkEIoos,UCJsN1Mmx4GRA6sCYdfKqpSQ,10
sz22A23vVBs,UC3C6rQHX8pkjSyOm-620k3w,28
sZ5HrsvJ86Y,UCCK3OZi788Ok44K97WAhLKQ,25
Sz7T-ISBzr0,UCRtAu8OVYVfuNZmTV-Ug0zA,27
SZapjbTm2UE,UCckltLEhFLv8Xz_lQhYfwmg,25
sZCVZ4boCqM,UCh9qXeL8eP3Txra2908xksg,10
szPT9DCqce8,UCaRBojHlDl24Tzh6Vt6dihQ,20
SzReh0grrys,UC8irIP66QzlZNVgqe4vwN9g,10
SZZf01GVOL8,UCiOEgWwAKbfrVb795hqQc9A,24
t_25fbQQHLw,UCMeObxIFpmRVL22ZpL4ME9g,22
t_94OTV1HX8,UC3C6rQHX8pkjSyOm-620k3w,28
t_pWeEZIDLQ,UCWqN5l7FwMO6-gT8Dg9mx5A,22
t_q0NDeynxQ,UCCK3OZi788Ok44K97WAhLKQ,25
T_QLrC4iCBU,UCltN1illHSguno1gokRShxA,26
t-jXKnCR2V4,UCckltLEhFLv8Xz_lQhYfwmg,25
T-nVkmfxf_U,UCr8qGT-Mv9tdCo-aPr06REQ,1
t-XvPnudHZE,UC1Q3UfVjchyhbtyJXc_mu5w,24
T0CEK6FcpQs,UC92h2ZVbLNazWe038DnzIUA,22
t0CEz0KcXz4,UCGkzF25IZBE1SF9ykM64xEA,24
T0EHxu4C80Q,UCWqN5l7FwMO6-gT8Dg9mx5A,22
t0mfWcCfjHg,UC6lDrxy3lS4LNRuuBtryqpQ,22
t11HB02Pg8M,UCKS1HX4moHCcDBZnM9k4giw,1
T1ws2FmxCNY,UCnirzf0fEAPfQV__61iwSQQ,20
T2zzSoryqU8,UCgnFSj7jQffD5V5m05j4dPw,22
t3AGjss5oKo,UCckltLEhFLv8Xz_lQhYfwmg,25
T3OHxZZRDqM,UCTb1H9XUOHjqA9hVvxCht0w,19
t4c6_p5yIBw,UCn0XmAUFv6d2tofMFEesSNw,24
T4IQTjpQiss,UCR5y9OV23c0jJ4RGwDvGnLw,27
T6AXfsPFsm8,UC92h2ZVbLNazWe038DnzIUA,22
t6jSY-a_f4Q,UCckltLEhFLv8Xz_lQhYfwmg,25
t6Mem_4TzKE,UCuc40qp1ZKB_ZbDw9iml8Kg,22
t6WiKHfIJ-s,UCdTL_n9uC2_DlLX7ohcKpVQ,24
T70NYR4PeVU,UCckltLEhFLv8Xz_lQhYfwmg,25
t71LlmJTvts,UC3C6rQHX8pkjSyOm-620k3w,28
T7Fh_PgDLEs,UCgnFSj7jQffD5V5m05j4dPw,22
T7GenBHXqXw,UCVmkgq5EQR_Dls3LG-wkrjw,28
t7IvK_08vZM,UCEuz_HGv5er0LZsztjO4g5Q,24
T7lH1LPh798,UCOLdaAcrdzYY3ug15EuuFAg,26
T80IkkIjJQA,UCdTL_n9uC2_DlLX7ohcKpVQ,24
t82JymM3cjo,UCnY7v189bwoSTFFYD_PNWhQ,27
t8H9cA1vY_M,UCOQAZV0vURpWMKTlAGVy8rQ,10
T8KTCbAd_l4,UCVwbUjoiTUXxeVjsxW9Kwng,10
t9rLRZ6vvZ4,UCJsN1Mmx4GRA6sCYdfKqpSQ,10
T9uK9Qem7xg,UCwXfRdTtVeVnXXF4poaYw0Q,19
ta5WNAXXUA4,UCEmrzEYds6XN_7dd_5_XnrA,24
tAa8Li59zfE,UCGN3TM5lZQ1DAvMwI1LIc8Q,27
tAcXUT5C3KI,UCCK3OZi788Ok44K97WAhLKQ,25
TaexTa3ZPj4,UCgnFSj7jQffD5V5m05j4dPw,22
taFjFQC-tBo,UCOQAZV0vURpWMKTlAGVy8rQ,10
TaK2un-wWY0,UCgnFSj7jQffD5V5m05j4dPw,22
tAwhfWeiip4,UCr8qGT-Mv9tdCo-aPr06REQ,1
tAzxPhnWmfw,UCCK3OZi788Ok44K97WAhLKQ,25
tBDGUJcqJN4,UCckltLEhFLv8Xz_lQhYfwmg,25
Tbfvlavu3m4,UCCK3OZi788Ok44K97WAhLKQ,25
TBHnYYn6rjA,UCgnFSj7jQffD5V5m05j4dPw,22
tbKAThVxdjo,UC7hqTC-ChL-_PUKhctTt50A,19
TbKlpTn9xxo,UCKEKf35apTUvSLs-c1DCekw,27
TBrfnGLF9oc,UCckltLEhFLv8Xz_lQhYfwmg,25
tCjx9xTKrOs,UCckltLEhFLv8Xz_lQhYfwmg,25
Tcv2tT8jDuQ,UCt7aYc76HmITvYbbQlHyFnw,27
tCW-fNEDCfE,UCr8qGT-Mv9tdCo-aPr06REQ,1
TCz8PpZ-2tk,UCEoihco2ah097z2YwYOtojw,20
tD-yKin8IuU,UCKEKf35apTUvSLs-c1DCekw,27
td8odXbHElE,UCOQAZV0vURpWMKTlAGVy8rQ,10
Td8W-B9RvXY,UCckltLEhFLv8Xz_lQhYfwmg,25
td96yLcfsIs,UCRtAu8OVYVfuNZmTV-Ug0zA,27
Tddlrpvilek,UCu7cGbQEMgGk8TD0ZYucM5g,27
tDjkvCMmhg8,UCwkHQPpM4IvsJZiIwW9_8Ng,22
te6EX8PZPhI,UCvQoK_VN52NG9CwB7Tc9WZg,27
tEK8fM3YBmA,UCnirzf0fEAPfQV__61iwSQQ,20
telH72g76h0,UCnY7v189bwoSTFFYD_PNWhQ,27
TEotmorFbRI,UCr8qGT-Mv9tdCo-aPr06REQ,1
tETvRPT95ok,UC_BPD0TBnFtRExZOhIFEQYQ,20
teu2VFms-xU,UCdTL_n9uC2_DlLX7ohcKpVQ,19
tEXWayDAUPs,UC7301rstHsGPohgeR_kh8Pw,26
TF2DCTV3mZA,UCwkHQPpM4IvsJZiIwW9_8Ng,22
TF3e63-AzhM,UCs_mHlm5_C82W5WCIJaSMbQ,22
Tf3MeoVnkRY,UC4UaWbUUwVvCxWNqhb4f16Q,22
tFgkXdJBd1o,UCGkzF25IZBE1SF9ykM64xEA,23
TFiXn0h-wxE,UCrjQG1gLZ4cDwIzrGA5pRBw,22
tfO_mL_5Z_g,UCgnFSj7jQffD5V5m05j4dPw,22
TFo5HwQ74rk,UCiOEgWwAKbfrVb795hqQc9A,24
tg5ByYRfjgw,UCs_mHlm5_C82W5WCIJaSMbQ,22
TGetOWB8fvA,UCnY7v189bwoSTFFYD_PNWhQ,27
TggT_hN0PJs,UCQxq1x6XKl1oRJ_aSOdurWQ,10
tGJSODKWVFA,UCckltLEhFLv8Xz_lQhYfwmg,25
TGKpGaXUcII,UCk6Bzr5M-8n_KN2guSmWmMw,24
TgMgWy05UC4,UCwKYO2L9xzLtWhSv4ncYCIA,19
tGtXBQU1RKY,UCwXfRdTtVeVnXXF4poaYw0Q,19
tgVDyd3P_Bw,UCn0XmAUFv6d2tofMFEesSNw,24
TGYRH6U2JB8,UCckltLEhFLv8Xz_lQhYfwmg,25
TH-1qtP-Z4g,UCNFDDKoTezuSWbIjjHA76xQ,22
tH4jM9gns8o,UCAapm4DhqB5ckqr61IGdTUw,22
Th5XjXyCwDg,UC7301rstHsGPohgeR_kh8Pw,26
Th7q1FIheXw,UCCK3OZi788Ok44K97WAhLKQ,25
thKjcOIL57A,UCckltLEhFLv8Xz_lQhYfwmg,25
thNkGJDlcOE,UCckltLEhFLv8Xz_lQhYfwmg,25
tHOJTat7BFY,UCvQoK_VN52NG9CwB7Tc9WZg,27
ThP5JhZPErk,UCYG2PZN2DImFqoTcj983iqA,24
tHScxNkI0s4,UCMQYRNX1Fg-HJ8Ey7Z3WPrA,24
THUNC-FB6Jc,UCCK3OZi788Ok44K97WAhLKQ,25
THylVG_XFiY,UCckltLEhFLv8Xz_lQhYfwmg,25
Ti2VbQXQmow,UCwKYO2L9xzLtWhSv4ncYCIA,19
TiDBAbJdsb0,UC92h2ZVbLNazWe038DnzIUA,22
TiMCm3r_9Vw,UCKEKf35apTUvSLs-c1DCekw,27
tispGtje0Y0,UCEa6e_J_Xs_GKCzG8Eq15Xw,24
TITylUpPD6s,UCckltLEhFLv8Xz_lQhYfwmg,25
TiVP0_VQN9M,UCuc40qp1ZKB_ZbDw9iml8Kg,22
tIyxFysWpbE,UCfK5mYo5nvU4d4vkguhSn6Q,24
TJ80eTaJXMo,UC9ZdXR-RYydFqdIb1lqM4LQ,19
Tj9RwLsMu_s,UCCK3OZi788Ok44K97WAhLKQ,25
tJDeMdW8wj4,UCckltLEhFLv8Xz_lQhYfwmg,25
TjEHAYwjH-E,UCDdPJHmxHCJLH1sDyytCATw,22
TjHviIAJLl8,UCWqN5l7FwMO6-gT8Dg9mx5A,22
tJSpC1zbpxk,UCDO8zlJiV9ZgaMMK2DyX1Dw,17
tjswcCL4wPY,UCDdPJHmxHCJLH1sDyytCATw,22
tJtHGtQ1Qzs,UCfK5mYo5nvU4d4vkguhSn6Q,10
tJtrmc3lVV4,UCCK3OZi788Ok44K97WAhLKQ,25
TJVfQp27djw,UCaRBojHlDl24Tzh6Vt6dihQ,20
tK3Nmkb-IBA,UCk6Bzr5M-8n_KN2guSmWmMw,24
tKfTerMaxlg,UCCK3OZi788Ok44K97WAhLKQ,25
tkGEYbSnOUk,UCMeObxIFpmRVL22ZpL4ME9g,22
TkkoO_8NhOo,UCgnFSj7jQffD5V5m05j4dPw,22
TKQvIELiRJ0,UCh9qXeL8eP3Txra2908xksg,10
tKS1fPZnpf4,UCAapm4DhqB5ckqr61IGdTUw,20
tlb7M73m5l4,UCckltLEhFLv8Xz_lQhYfwmg,25
tLggqOhbLGk,UCr8qGT-Mv9tdCo-aPr06REQ,1
tlHoPKATZ5c,UCltN1illHSguno1gokRShxA,26
tLHs7W5Igxo,UCGN3TM5lZQ1DAvMwI1LIc8Q,27
TLI3AQ_z2_o,UCn0XmAUFv6d2tofMFEesSNw,24
TlIGAk7ev0E,UCETxOvOv9_44-CUzsPlzyxQ,28
tLkEJ7mXXrs,UCwKYO2L9xzLtWhSv4ncYCIA,19
tLl2azapOQE,UCuc40qp1ZKB_ZbDw9iml8Kg,22
Tlu4paMdSy0,UCCK3OZi788Ok44K97WAhLKQ,25
TLxlBH35K8Q,UCwXfRdTtVeVnXXF4poaYw0Q,19
TLZdOiVfL58,UCglXlpWjIi95auM3umWWLdw,28
TLZsHZnzrvs,UCckltLEhFLv8Xz_lQhYfwmg,25
tM7kS-Ex8oE,UCwKYO2L9xzLtWhSv4ncYCIA,22
tM9GQWEloHA,UCn0XmAUFv6d2tofMFEesSNw,24
tmHNkqCqJEM,UCjK3LREYZUrNKnk56Prhe4w,29
TMrVeU3kFMc,UCckltLEhFLv8Xz_lQhYfwmg,25
TmtR6Wq6Y1Q,UCgnFSj7jQffD5V5m05j4dPw,22
tmuaiJ4tgEs,UCaRBojHlDl24Tzh6Vt6dihQ,20
tmVv3lBVgWM,UCckltLEhFLv8Xz_lQhYfwmg,25
Tmy2C5-mSNc,UCCK3OZi788Ok44K97WAhLKQ,25
tNaoaU4BpGY,UCgnFSj7jQffD5V5m05j4dPw,22
tnfDMNqdE9I,UCn0XmAUFv6d2tofMFEesSNw,24
tNflGHrIJlQ,UCvQoK_VN52NG9CwB7Tc9WZg,27
tng0B3KLpLw,UCEjCyBoWP57QRkmFRz-aOGw,27
tNGxC9DuN1A,UCBR9iW2qo_7LP9_9u3A2ZeQ,20
tnHrluwiE-A,UCm-TY_JakK4dHAwF6QqcZSg,20
TNIG5o9c1ZU,UCR5y9OV23c0jJ4RGwDvGnLw,27
tnmBhxr9xHI,UCkysZsPin4y9iQHS-QYygeQ,20
TnNQGxTyuzI,UCwKYO2L9xzLtWhSv4ncYCIA,2
TNWY4oWidqY,UCCK3OZi788Ok44K97WAhLKQ,25
tnyoTgoweNo,UCgnFSj7jQffD5V5m05j4dPw,22
toBV-8xQM28,UCwKYO2L9xzLtWhSv4ncYCIA,19
TocH6Qks-0g,UCCK3OZi788Ok44K97WAhLKQ,25
TodGWH7fsmA,UCvQoK_VN52NG9CwB7Tc9WZg,27
TOEAd_SlNs8,UCCK3OZi788Ok44K97WAhLKQ,25
Toji9XphgBA,UCcrktZCp1tY9eDqrk6fMrsA,24
TOKVEvPCJWU,UCEuz_HGv5er0LZsztjO4g5Q,24
TOlsnhu5F5g,UCRtAu8OVYVfuNZmTV-Ug0zA,27
TOMG5XlleeA,UCKS1HX4moHCcDBZnM9k4giw,1
tomHJGm-IC8,UCh9qXeL8eP3Txra2908xksg,10
TpNXRl3hJt8,UCckltLEhFLv8Xz_lQhYfwmg,25
tpQf7BhgmuY,UCr8qGT-Mv9tdCo-aPr06REQ,1
TPQK5D52soI,UCGN3TM5lZQ1DAvMwI1LIc8Q,27
TQ2l9YAz2CQ,UCgnFSj7jQffD5V5m05j4dPw,22
tqAYJ_E4X2U,UCs_mHlm5_C82W5WCIJaSMbQ,22
tqb_zuq9DRw,UCDO8zlJiV9ZgaMMK2DyX1Dw,17
tqO5ynpFKh8,UCckltLEhFLv8Xz_lQhYfwmg,25
tqygzPrAkjY,UCc8W1zUTmtNqXIhOHxPIAuw,27
TR5PQO4-trM,UC8irIP66QzlZNVgqe4vwN9g,10
TrAh04aMWBc,UC_BPD0TBnFtRExZOhIFEQYQ,20
TRgqjT4oZVc,UCckltLEhFLv8Xz_lQhYfwmg,25
TRuzQePtUuI,UCOQAZV0vURpWMKTlAGVy8rQ,10
TS4IcOS9e5E,UCKEKf35apTUvSLs-c1DCekw,27
tS7C6R9Owks,UCCK3OZi788Ok44K97WAhLKQ,25
tSQHTq07KUE,UC2Wq8OiU3P9sSRxHpFEe_0Q,22
TSVCzKM4elw,UCk6Bzr5M-8n_KN2guSmWmMw,22
tt_x6QtBWO4,UCRtAu8OVYVfuNZmTV-Ug0zA,27
TT3gFEKt4z4,UCOLdaAcrdzYY3ug15EuuFAg,26
Tt4wgEH_g1g,UC-ss1l2vO46QAgyCsPRIVDA,27
TT7SjrVtqGc,UCVwbUjoiTUXxeVjsxW9Kwng,10
TTFHK-1VdIs,UCgnFSj7jQffD5V5m05j4dPw,22
tTHkygOoPTk,UCwXfRdTtVeVnXXF4poaYw0Q,19
TtHO_xBAEjo,UCgnFSj7jQffD5V5m05j4dPw,22
ttxJRLoDcDM,UCckltLEhFLv8Xz_lQhYfwmg,25
TuBeQcW6DQU,UCe13xXtdfx_n0_z1qeXV6_g,10
tUKVM_5HRlE,UCckltLEhFLv8Xz_lQhYfwmg,25
tukXFNdlGbc,UCHQfFg_epoUK0htwmiUyzEQ,27
TuOdxpbyBu8,UCkysZsPin4y9iQHS-QYygeQ,20
TUxBYApv_XA,UCckltLEhFLv8Xz_lQhYfwmg,25
TvC2M5HTZog,UCgnFSj7jQffD5V5m05j4dPw,22
tVlQqVX7TIw,UCMQYRNX1Fg-HJ8Ey7Z3WPrA,24
tVSC-NtWMgg,UCgnFSj7jQffD5V5m05j4dPw,22
TVyWsrYpYXs,UCckltLEhFLv8Xz_lQhYfwmg,25
Tw1bERRjfpU,UCckltLEhFLv8Xz_lQhYfwmg,25
tW1L3rUjGuc,UCckltLEhFLv8Xz_lQhYfwmg,25
TWjIF_6D1ZQ,UCKS1HX4moHCcDBZnM9k4giw,1
TWqbym0V_7c,UCCK3OZi788Ok44K97WAhLKQ,25
TX0dNHQwbqs,UCrjQG1gLZ4cDwIzrGA5pRBw,22
Tx0h0rJK6yo,UCnirzf0fEAPfQV__61iwSQQ,20
TXCrbZdjhng,UCEmrzEYds6XN_7dd_5_XnrA,24
txD6Epx3e2c,UCEjCyBoWP57QRkmFRz-aOGw,27
tXeGG1b8VH8,UCNFDDKoTezuSWbIjjHA76xQ,22
tXeJ7MX-8gE,UCglXlpWjIi95auM3umWWLdw,28
TXVf_06m1hM,UCckltLEhFLv8Xz_lQhYfwmg,25
ty3695zhG0U,UCRnC_XIuIVFKWphUcLd4MVA,27
ty43rnZDcUY,UCDm4BW0Q5d-zASSuRyvPGXw,22
TY8xWNtAfP4,UCOLdaAcrdzYY3ug15EuuFAg,26
tYBqkBACRlc,UCjK3LREYZUrNKnk56Prhe4w,29
TyCIbDq8tiE,UCNyujDJFZqQml78mdpb2rNA,24
tyCs94clxd8,UCGkzF25IZBE1SF9ykM64xEA,24
TYGwFoZqA8Y,UCt7aYc76HmITvYbbQlHyFnw,27
TYKocyauYio,UCn0XmAUFv6d2tofMFEesSNw,24
TYTqA4jy5XU,UCKEKf35apTUvSLs-c1DCekw,23
TyvHencsu1s,UCk6Bzr5M-8n_KN2guSmWmMw,22
tZcoErQtvMc,UCgnFSj7jQffD5V5m05j4dPw,22
tzIPVHN5I6Y,UCnY7v189bwoSTFFYD_PNWhQ,27
tZjltyjg2v8,UCEuz_HGv5er0LZsztjO4g5Q,24
tZK0eNTdyFQ,UCCK3OZi788Ok44K97WAhLKQ,25
TZMIEPhG3ss,UC9U2IYFVPd-Hl6zAeZQL7eQ,22
TzP-kgXgCDs,UCckltLEhFLv8Xz_lQhYfwmg,25
tZQ2FRAbmRU,UCCK3OZi788Ok44K97WAhLKQ,25
tZwAiFeuGTs,UCBR9iW2qo_7LP9_9u3A2ZeQ,20
TzXkDV2Eh7k,UCcpCelkp30ukU3ZKUXsU25g,25
TzZqtmUejwM,UCdY0SS4tZPdWdQ6m5bX-ZBg,24
u_2nAvR-jdo,UCVmkgq5EQR_Dls3LG-wkrjw,28
U_E0cienlNo,UCJsN1Mmx4GRA6sCYdfKqpSQ,28
u_PtyH4lUPc,UCckltLEhFLv8Xz_lQhYfwmg,25
u-becp01zBM,UCRtAu8OVYVfuNZmTV-Ug0zA,27
u-nXLKakzWI,UCVmkgq5EQR_Dls3LG-wkrjw,22
U-pLvnlrS40,UCckltLEhFLv8Xz_lQhYfwmg,25
U-t-imOvwPY,UCgnFSj7jQffD5V5m05j4dPw,22
U-Tx2d-rK70,UC1Q3UfVjchyhbtyJXc_mu5w,24
u0BRAsvtAjI,UC8irIP66QzlZNVgqe4vwN9g,10
u0gv0yrz1yg,UCgnFSj7jQffD5V5m05j4dPw,22
U0NruR57exQ,UCh9qXeL8eP3Txra2908xksg,10
U0vPqUobCcQ,UCVwbUjoiTUXxeVjsxW9Kwng,10
U0XPQiYmwq4,UCu_V8lfzyGspxP-LNFowW9w,10
u1gtiz8YzBc,UCh9qXeL8eP3Txra2908xksg,10
U1io0CzWh7Y,UC0CXMeU0432EMgBnlBaY_yA,27
U1P5uR4UAwY,UC7301rstHsGPohgeR_kh8Pw,26
U1rKZY4AwJk,UCCK3OZi788Ok44K97WAhLKQ,25
U1W7rZd_G3A,UCGkzF25IZBE1SF9ykM64xEA,24
U2_25QHFad0,UC1Q3UfVjchyhbtyJXc_mu5w,24
U23SkXL3Z30,UCckltLEhFLv8Xz_lQhYfwmg,25
u3K5R1bn2I0,UCh9qXeL8eP3Txra2908xksg,10
u4oPbKbt1aM,UC7301rstHsGPohgeR_kh8Pw,26
U4TDhPYpbXU,UCh9qXeL8eP3Txra2908xksg,10
U4u0l7pwabI,UCEjCyBoWP57QRkmFRz-aOGw,27
u50T2MF9t-0,UCGkzF25IZBE1SF9ykM64xEA,24
U5FEVIOG2aY,UCHQfFg_epoUK0htwmiUyzEQ,27
u5OUvKLoEn4,UC4UaWbUUwVvCxWNqhb4f16Q,24
u6l275Rzzr0,UCKA7SQOUkD1_z5lr016Q70w,22
u7oIfbO1MLw,UCckltLEhFLv8Xz_lQhYfwmg,25
u7X_wO4CJSQ,UCgnFSj7jQffD5V5m05j4dPw,22
u7zrLAhVpMY,UCnY7v189bwoSTFFYD_PNWhQ,27
u87LatZqpA8,UC7301rstHsGPohgeR_kh8Pw,26
u8F0lkEzBcs,UCmqflTSJ6911aCrnaWIXxsA,24
u9C5QYT0o00,UCmqflTSJ6911aCrnaWIXxsA,24
U9GM7iiXxdc,UCiOEgWwAKbfrVb795hqQc9A,24
u9PvBVeXit0,UCCK3OZi788Ok44K97WAhLKQ,25
u9Qr9exefCc,UC7hqTC-ChL-_PUKhctTt50A,19
u9SY2oGtLSM,UCBR9iW2qo_7LP9_9u3A2ZeQ,20
u9wm-5RypPU,UCOQAZV0vURpWMKTlAGVy8rQ,10
U9x1ZZ3CB_g,UC92h2ZVbLNazWe038DnzIUA,22
UA7uRJ2h9y0,UCu7cGbQEMgGk8TD0ZYucM5g,27
uabAOsVto1Q,UCs_mHlm5_C82W5WCIJaSMbQ,22
uaGhxWwsGDI,UCn0XmAUFv6d2tofMFEesSNw,24
UaKn9mfzzCc,UCckltLEhFLv8Xz_lQhYfwmg,25
UAOYaL1_rlg,UCCK3OZi788Ok44K97WAhLKQ,25
uAq5b3R3e9s,UCCK3OZi788Ok44K97WAhLKQ,25
uaVQTNwDisU,UCrjQG1gLZ4cDwIzrGA5pRBw,22
uaw4lJ872_Q,UCOLdaAcrdzYY3ug15EuuFAg,26
uaWch0UjbMY,UCjK3LREYZUrNKnk56Prhe4w,29
ub_PNPDdIAU,UCGkzF25IZBE1SF9ykM64xEA,24
uBA9IdIPkbU,UC92h2ZVbLNazWe038DnzIUA,22
UbCVHSLSmXw,UCwkHQPpM4IvsJZiIwW9_8Ng,22
UbjNcuyOJ4Y,UCCK3OZi788Ok44K97WAhLKQ,25
UbMaKahP0Po,UCCK3OZi788Ok44K97WAhLKQ,25
uBoQ5A6hfrM,UCh9qXeL8eP3Txra2908xksg,10
UbQ_AlAlozg,UCckltLEhFLv8Xz_lQhYfwmg,25
UbRGqHA6sqg,UCglXlpWjIi95auM3umWWLdw,28
UbWgfU7Zi3U,UCCK3OZi788Ok44K97WAhLKQ,25
UBwp_GWcePM,UCAapm4DhqB5ckqr61IGdTUw,22
uc2DxYZBJD4,UCcpCelkp30ukU3ZKUXsU25g,24
ucrsDqdYaWw,UCs_mHlm5_C82W5WCIJaSMbQ,22
ud3vK0x2H5U,UCmqflTSJ6911aCrnaWIXxsA,24
uDDastrsl8g,UCaRBojHlDl24Tzh6Vt6dihQ,20
udFqaFKOoNs,UCn0XmAUFv6d2tofMFEesSNw,24
udK6UdTS4pQ,UCKA7SQOUkD1_z5lr016Q70w,22
uDLYWjPOQz0,UCm-TY_JakK4dHAwF6QqcZSg,20
UDpGcK9KO8I,UCCK3OZi788Ok44K97WAhLKQ,25
uDSxvI615Lk,UCckltLEhFLv8Xz_lQhYfwmg,25
UDWpLh2TLNo,UCCK3OZi788Ok44K97WAhLKQ,25
UdymGguacAs,UCOQAZV0vURpWMKTlAGVy8rQ,10
uEfwczMt3FU,UCmqflTSJ6911aCrnaWIXxsA,24
ueG-TBHtCfY,UCu7cGbQEMgGk8TD0ZYucM5g,27
UektIZZB5xg,UCckltLEhFLv8Xz_lQhYfwmg,25
UeMT_gXQk-U,UCcrktZCp1tY9eDqrk6fMrsA,24
UesKGzsUr2A,UCd3VsafChPVXeIufCAzCprA,27
ueWK3c7XPdQ,UCJsN1Mmx4GRA6sCYdfKqpSQ,10
Uf2sUx_Wv5I,UCmqflTSJ6911aCrnaWIXxsA,24
UfJhGjQ0lUw,UCGN3TM5lZQ1DAvMwI1LIc8Q,27
uFLOWoVsRmg,UCckltLEhFLv8Xz_lQhYfwmg,25
UFu-tBDy2QE,UCckltLEhFLv8Xz_lQhYfwmg,25
Ug06ESjfnfQ,UC1Q3UfVjchyhbtyJXc_mu5w,24
UG1Z7bDgB2M,UCEjCyBoWP57QRkmFRz-aOGw,27
UG7J5_WpBNk,UCmqflTSJ6911aCrnaWIXxsA,24
UgdnKJqSju4,UCckltLEhFLv8Xz_lQhYfwmg,25
uGgL2VHt5oE,UCckltLEhFLv8Xz_lQhYfwmg,25
ugijUIfnDmg,UCs_mHlm5_C82W5WCIJaSMbQ,22
ugp_x0CX4oE,UCDm4BW0Q5d-zASSuRyvPGXw,22
UgS3HTewWEY,UCgnFSj7jQffD5V5m05j4dPw,22
UGSjfydjv2Q,UC_BPD0TBnFtRExZOhIFEQYQ,20
UgX597S9SPo,UCOQAZV0vURpWMKTlAGVy8rQ,27
UH1-XuSneP4,UC4UaWbUUwVvCxWNqhb4f16Q,22
uhJrVIDMgOQ,UCckltLEhFLv8Xz_lQhYfwmg,25
Uhn5jNQglvU,UCCK3OZi788Ok44K97WAhLKQ,25
UHNn04amI10,UCNFDDKoTezuSWbIjjHA76xQ,22
uHRPeCJyA98,UCQxq1x6XKl1oRJ_aSOdurWQ,10
UHtPhwsycmg,UC-ss1l2vO46QAgyCsPRIVDA,27
UhWtsT7Hz_E,UCR0Bia1mQ7NQp31WWNhoFnw,24
UhYg5yaB8tU,UCwXfRdTtVeVnXXF4poaYw0Q,19
uHznUk0wLmE,UCgnFSj7jQffD5V5m05j4dPw,22
uI1PD6El6VY,UCrjQG1gLZ4cDwIzrGA5pRBw,22
UiCL3q2EZ68,UCCK3OZi788Ok44K97WAhLKQ,25
UifQZm_cER4,UC4UaWbUUwVvCxWNqhb4f16Q,22
UIGqMdHnc0I,UCEjCyBoWP57QRkmFRz-aOGw,27
uIi6MtNMFlw,UCn0XmAUFv6d2tofMFEesSNw,24
uit38DOh8YQ,UCCK3OZi788Ok44K97WAhLKQ,25
UixcFBCP_II,UC1Q3UfVjchyhbtyJXc_mu5w,24
Uj-15oRoyjw,UCckltLEhFLv8Xz_lQhYfwmg,25
uJTNdVBPo0s,UCGkzF25IZBE1SF9ykM64xEA,24
ujy5Fepg0mM,UCCK3OZi788Ok44K97WAhLKQ,25
ujylX1FYfYQ,UCe13xXtdfx_n0_z1qeXV6_g,10
UjZ3iaq83ZE,UCd3VsafChPVXeIufCAzCprA,27
uK4vIXDaM8U,UCnirzf0fEAPfQV__61iwSQQ,20
uK4X7DDve10,UCrjQG1gLZ4cDwIzrGA5pRBw,22
Uk5wOddI-bc,UCDdPJHmxHCJLH1sDyytCATw,22
uKdPptpi4fY,UCckltLEhFLv8Xz_lQhYfwmg,25
ukg_IyC5_DU,UCEa6e_J_Xs_GKCzG8Eq15Xw,10
uKH8iPJWpbg,UCCK3OZi788Ok44K97WAhLKQ,25
UKOQfKy1BJE,UC1Q3UfVjchyhbtyJXc_mu5w,24
uKuXydJjoQc,UCgnFSj7jQffD5V5m05j4dPw,22
uLKSTWv6gvk,UCckltLEhFLv8Xz_lQhYfwmg,25
ULQ8ttRcCnI,UC_BPD0TBnFtRExZOhIFEQYQ,20
uLRKOgT5jkk,UCEUSUxrhCt4n0Pp9WB7q7-w,24
UlSTbg0MVLo,UCn0XmAUFv6d2tofMFEesSNw,24
Um0gEp0k8Zw,UCCK3OZi788Ok44K97WAhLKQ,25
umlVvXvmhR8,UCCK3OZi788Ok44K97WAhLKQ,25
uNmwORRDqTY,UCwXfRdTtVeVnXXF4poaYw0Q,19
unn1dNR8UR8,UCu_V8lfzyGspxP-LNFowW9w,10
UNNtWA_Zw_M,UCKS1HX4moHCcDBZnM9k4giw,1
unsuBkt4Zsg,UC9U2IYFVPd-Hl6zAeZQL7eQ,22
uNW9r1nBBGE,UCt7aYc76HmITvYbbQlHyFnw,27
uNXjpDMOVMw,UCBR9iW2qo_7LP9_9u3A2ZeQ,20
uOddN2SjN5I,UC_BPD0TBnFtRExZOhIFEQYQ,20
uOdUOOs8iKk,UCglXlpWjIi95auM3umWWLdw,28
uOdzdtvTWyI,UCKS1HX4moHCcDBZnM9k4giw,1
UOvjewDEAUk,UCgnFSj7jQffD5V5m05j4dPw,22
uP5D7Ai0A1w,UCCK3OZi788Ok44K97WAhLKQ,25
UPGTCitJ1_E,UCs_mHlm5_C82W5WCIJaSMbQ,22
uPIexQJ30oQ,UCR0Bia1mQ7NQp31WWNhoFnw,24
UpN9plkbZU8,UCKS1HX4moHCcDBZnM9k4giw,1
upuXHUngwJ8,UCMeObxIFpmRVL22ZpL4ME9g,22
upvgcdZaRg0,UCu_V8lfzyGspxP-LNFowW9w,10
UPzGZw-iZNo,UCdY0SS4tZPdWdQ6m5bX-ZBg,24
UpzOwpPXVwU,UCEuz_HGv5er0LZsztjO4g5Q,24
UQdlTOSwAos,UC3C6rQHX8pkjSyOm-620k3w,28
UQE9Lbhj03k,UCckltLEhFLv8Xz_lQhYfwmg,25
UqgPYzLvsa0,UCckltLEhFLv8Xz_lQhYfwmg,25
UQnt0kiWjyQ,UCCK3OZi788Ok44K97WAhLKQ,25
UQOFceXmN7s,UCgnFSj7jQffD5V5m05j4dPw,24
UqQ7FcfyVZE,UCKEKf35apTUvSLs-c1DCekw,27
uqSCl25FEhI,UC3C6rQHX8pkjSyOm-620k3w,28
urDkOwcQxn4,UCKS1HX4moHCcDBZnM9k4giw,1
uRMQSmLbUgw,UCYG2PZN2DImFqoTcj983iqA,24
uRqt_huP24I,UCKA7SQOUkD1_z5lr016Q70w,22
uRRi3CDqSmM,UCCK3OZi788Ok44K97WAhLKQ,25
URVhkIt-WUs,UCgnFSj7jQffD5V5m05j4dPw,22
uS6r2NwwwUw,UCglXlpWjIi95auM3umWWLdw,28
usafO9-Ri7Q,UCU5WmQA3Ur1Yriw5pMqoBNQ,24
uSgaxuw2PKA,UCn0XmAUFv6d2tofMFEesSNw,24
uSHOT8AeIh8,UCCK3OZi788Ok44K97WAhLKQ,25
USjClJq212c,UCCK3OZi788Ok44K97WAhLKQ,25
usrBxx7DwGQ,UCaRBojHlDl24Tzh6Vt6dihQ,20
Usyljwg1E4k,UCETxOvOv9_44-CUzsPlzyxQ,28
ut035WamXxY,UCDO8zlJiV9ZgaMMK2DyX1Dw,17
uT1UcE-fZCs,UCVmkgq5EQR_Dls3LG-wkrjw,28
ut5fgqSGGRM,UCCK3OZi788Ok44K97WAhLKQ,25
uT5qV6zoy5A,UCh9qXeL8eP3Txra2908xksg,10
ut7BDpDBM9Y,UC4UaWbUUwVvCxWNqhb4f16Q,22
UtEe-VkF6Vk,UCCK3OZi788Ok44K97WAhLKQ,25
uTO2BDMFaxQ,UCGkzF25IZBE1SF9ykM64xEA,24
UtPTL2DzBQo,UCGN3TM5lZQ1DAvMwI1LIc8Q,27
UtVIV7yKN_w,UCEoihco2ah097z2YwYOtojw,20
utxazpacZus,UCEUSUxrhCt4n0Pp9WB7q7-w,24
uTZ5dtiwoVs,UCckltLEhFLv8Xz_lQhYfwmg,25
Uu8APC9pz7Q,UC1Q3UfVjchyhbtyJXc_mu5w,24
uuCGvYkblTg,UCCK3OZi788Ok44K97WAhLKQ,25
uUf5uIlbFn4,UCQxq1x6XKl1oRJ_aSOdurWQ,10
UusVMS-sEw8,UC92h2ZVbLNazWe038DnzIUA,22
UUzdH2geX4Q,UC1Q3UfVjchyhbtyJXc_mu5w,24
UV5dHQe0CBw,UCCK3OZi788Ok44K97WAhLKQ,25
UVnVk7Rg2GA,UCjK3LREYZUrNKnk56Prhe4w,29
uVqJfVZo7dA,UCR0Bia1mQ7NQp31WWNhoFnw,22
uW2LE_eXK3A,UCjK3LREYZUrNKnk56Prhe4w,29
UwbMMxKSG_Q,UCckltLEhFLv8Xz_lQhYfwmg,25
UWkC4O5lhwo,UCGkzF25IZBE1SF9ykM64xEA,24
uWrESMym4hQ,UCn0XmAUFv6d2tofMFEesSNw,24
uWzWFt4i7bU,UCHQfFg_epoUK0htwmiUyzEQ,27
Ux1_df_2ykQ,UCMeObxIFpmRVL22ZpL4ME9g,22
UX4qQqS2Cjk,UC7hqTC-ChL-_PUKhctTt50A,19
UXAqV0aQ0UE,UCrjQG1gLZ4cDwIzrGA5pRBw,22
uxJ9bHfvLD8,UCgnFSj7jQffD5V5m05j4dPw,22
uXOJ9jC6-Go,UCkysZsPin4y9iQHS-QYygeQ,20
uXpII0V9Bh8,UCm-TY_JakK4dHAwF6QqcZSg,20
UXTAnSwcntQ,UCc8W1zUTmtNqXIhOHxPIAuw,27
UXX7KH3Z2Fo,UC9ZdXR-RYydFqdIb1lqM4LQ,19
UY63WPKeE7k,UCmqflTSJ6911aCrnaWIXxsA,24
uyDp7VShXvY,UCc8W1zUTmtNqXIhOHxPIAuw,27
UyPHGr5mwvE,UCJsN1Mmx4GRA6sCYdfKqpSQ,10
uyq7ZdwTwDU,UCJsN1Mmx4GRA6sCYdfKqpSQ,28
uyVBtJrd0N4,UCwXfRdTtVeVnXXF4poaYw0Q,19
uYwqzb7AWdE,UCckltLEhFLv8Xz_lQhYfwmg,25
uzb-6kEB0oM,UCmqflTSJ6911aCrnaWIXxsA,24
uzeD771R2cs,UCgnFSj7jQffD5V5m05j4dPw,22
uzfH0gdXKWY,UCc8W1zUTmtNqXIhOHxPIAuw,27
uzPgXaivUX8,UCKS1HX4moHCcDBZnM9k4giw,1
uZTiZXAG1cA,UCnirzf0fEAPfQV__61iwSQQ,20
UzW9wAmITF8,UCltN1illHSguno1gokRShxA,26
V_9gn2NV1AQ,UCCK3OZi788Ok44K97WAhLKQ,25
V_MwBj33nXs,UCCK3OZi788Ok44K97WAhLKQ,25
v_Nhsr0H81U,UCQxq1x6XKl1oRJ_aSOdurWQ,10
v_o7W84mZxk,UCCK3OZi788Ok44K97WAhLKQ,25
v_U9biwPI5w,UC92h2ZVbLNazWe038DnzIUA,22
V--NdxI1D7o,UCJsN1Mmx4GRA6sCYdfKqpSQ,10
V-Asm-kkQkE,UCwkHQPpM4IvsJZiIwW9_8Ng,22
v-Djre0CovQ,UCr8qGT-Mv9tdCo-aPr06REQ,1
V-LGoiY7qds,UCnirzf0fEAPfQV__61iwSQQ,20
V-xbhjzJyhg,UCdY0SS4tZPdWdQ6m5bX-ZBg,24
V09EWbNgYMc,UCQxq1x6XKl1oRJ_aSOdurWQ,10
v0wIg3KGSuM,UCwkHQPpM4IvsJZiIwW9_8Ng,22
v1GS6XzsaV8,UCwKYO2L9xzLtWhSv4ncYCIA,22
V2hwA5NEUDA,UCnirzf0fEAPfQV__61iwSQQ,20
v2HZV9RvRbM,UCU5WmQA3Ur1Yriw5pMqoBNQ,24
V2jE7LH4SfQ,UCKA7SQOUkD1_z5lr016Q70w,22
V2zGJsKm1rI,UC7301rstHsGPohgeR_kh8Pw,26
v39iun0qROc,UCckltLEhFLv8Xz_lQhYfwmg,25
V3n1ogXNGIg,UCYFn7BOOlmL21iNJ6q5IDfg,24
V3rg9iRy8fE,UCaRBojHlDl24Tzh6Vt6dihQ,20
v3WiP1EiYcg,UCm-TY_JakK4dHAwF6QqcZSg,20
v40opI59-9Q,UC92h2ZVbLNazWe038DnzIUA,22
v41Mp_5Hh04,UCgnFSj7jQffD5V5m05j4dPw,22
v4fSxmO0reI,UCu7cGbQEMgGk8TD0ZYucM5g,27
v5n2zNnvMTA,UCFPySgAumPBFo0VFf8hjCjw,1
v5OEAO0AC1Y,UCgnFSj7jQffD5V5m05j4dPw,22
v5vVAW3sjY0,UCKA7SQOUkD1_z5lr016Q70w,22
V6pDH5neWr0,UC0PdkCm3QlHJ8HdH4JeNirA,20
v6UjyCjKB3E,UCEoihco2ah097z2YwYOtojw,20
V6XNGFV6v9o,UCU5WmQA3Ur1Yriw5pMqoBNQ,24
V72xd6obcRw,UCu_V8lfzyGspxP-LNFowW9w,10
v7Bv70GwLrg,UCdY0SS4tZPdWdQ6m5bX-ZBg,24
V7jH_k5NKwg,UCdTL_n9uC2_DlLX7ohcKpVQ,24
V7JwIs7cuDA,UCh9qXeL8eP3Txra2908xksg,10
V8_84Qz4gDU,UCEjCyBoWP57QRkmFRz-aOGw,27
v8ffFxlfP2I,UCckltLEhFLv8Xz_lQhYfwmg,25
V8OXhBCh_7w,UCBR9iW2qo_7LP9_9u3A2ZeQ,20
v9gvwQFnT-A,UCltN1illHSguno1gokRShxA,26
V9KeDY6LCcA,UCOQAZV0vURpWMKTlAGVy8rQ,10
V9W70Dro-iA,UCCK3OZi788Ok44K97WAhLKQ,25
vaA5_jPfmMM,UCu7cGbQEMgGk8TD0ZYucM5g,27
VaqqhTk7UMk,UCckltLEhFLv8Xz_lQhYfwmg,25
VaqTtCs-hss,UCYG2PZN2DImFqoTcj983iqA,24
vbEH6Gem1V8,UCckltLEhFLv8Xz_lQhYfwmg,25
vBf80A3xT8U,UCe13xXtdfx_n0_z1qeXV6_g,10
VBgYm8eODjM,UCwXfRdTtVeVnXXF4poaYw0Q,19
Vbhx7GK7j0A,UCckltLEhFLv8Xz_lQhYfwmg,25
vbNx_ajekv0,UCOQAZV0vURpWMKTlAGVy8rQ,10
Vbo3VCbdNck,UCwkHQPpM4IvsJZiIwW9_8Ng,22
vBT9B0pZXiA,UCckltLEhFLv8Xz_lQhYfwmg,25
vBu-GOoHHW8,UCwXfRdTtVeVnXXF4poaYw0Q,19
VByycoXH-tU,UCFq73irpdELVQc5yYQcLCcA,22
VC5DhiCu-MA,UCh9qXeL8eP3Txra2908xksg,10
vCAL9OC24rQ,UCOLdaAcrdzYY3ug15EuuFAg,26
vCE7lgKXbG4,UCckltLEhFLv8Xz_lQhYfwmg,25
Vcf-hswRwF0,UCHQfFg_epoUK0htwmiUyzEQ,27
vCHLFIcqn8g,UCs_mHlm5_C82W5WCIJaSMbQ,22
VcNV4XT0zBA,UCKEKf35apTUvSLs-c1DCekw,27
vCoAckqEyTI,UCCK3OZi788Ok44K97WAhLKQ,25
Vd1yBHIUUes,UCRnC_XIuIVFKWphUcLd4MVA,27
VDDrk5CeYAE,UCQxq1x6XKl1oRJ_aSOdurWQ,10
VdFpuUBPF7A,UC2Wq8OiU3P9sSRxHpFEe_0Q,22
vDH9xmyMZhQ,UC2Wq8OiU3P9sSRxHpFEe_0Q,22
vdjVYsEBFj0,UCm-TY_JakK4dHAwF6QqcZSg,20
VdQ8VPbno9A,UCm-TY_JakK4dHAwF6QqcZSg,20
Ve6aoY9L6k4,UCcpCelkp30ukU3ZKUXsU25g,24
VeBO6CJWzyA,UCaRBojHlDl24Tzh6Vt6dihQ,20
Vec_L5KpiMc,UCn0XmAUFv6d2tofMFEesSNw,24
veGGKjXlKEU,UCYG2PZN2DImFqoTcj983iqA,24
VEhCzJDRACc,UC9U2IYFVPd-Hl6zAeZQL7eQ,22
veI_-k1xWns,UCkysZsPin4y9iQHS-QYygeQ,20
vEL0gYTQDRA,UCAapm4DhqB5ckqr61IGdTUw,20
vEm8j3Fzw1k,UCYG2PZN2DImFqoTcj983iqA,24
vEMVdmKDRik,UCckltLEhFLv8Xz_lQhYfwmg,25
vEna5Jn9k_Y,UCckltLEhFLv8Xz_lQhYfwmg,25
VF-KOsJZIWk,UCckltLEhFLv8Xz_lQhYfwmg,25
VFGOXV5Jzuc,UCDdPJHmxHCJLH1sDyytCATw,22
vfig985Kw-w,UCckltLEhFLv8Xz_lQhYfwmg,25
VFiuzDdaoho,UCckltLEhFLv8Xz_lQhYfwmg,25
VFOcpMQApAI,UCNFDDKoTezuSWbIjjHA76xQ,22
vFoO7vkdU4s,UCwXfRdTtVeVnXXF4poaYw0Q,19
vFrLqg1_OoQ,UCckltLEhFLv8Xz_lQhYfwmg,25
VfuoewVt7yU,UCMeObxIFpmRVL22ZpL4ME9g,22
vG28ECPBmmc,UCAapm4DhqB5ckqr61IGdTUw,20
vg3BTsoWBK8,UCRnC_XIuIVFKWphUcLd4MVA,27
VgaX3U1HXag,UCiOEgWwAKbfrVb795hqQc9A,24
vgiR1xrElmI,UCu7cGbQEMgGk8TD0ZYucM5g,27
VgkjzcPqYNs,UCgnFSj7jQffD5V5m05j4dPw,22
vGkZsA-thsM,UCh9qXeL8eP3Txra2908xksg,10
VGoHmd4CIgs,UC0CXMeU0432EMgBnlBaY_yA,27
vGqiwXzFC9w,UC8irIP66QzlZNVgqe4vwN9g,10
VgysMLGo1SM,UCEa6e_J_Xs_GKCzG8Eq15Xw,24
Vh3bgbGYYtw,UCTb1H9XUOHjqA9hVvxCht0w,22
Vh4jRY-sLAU,UCU5WmQA3Ur1Yriw5pMqoBNQ,24
VH7-sNk6mKQ,UC4UaWbUUwVvCxWNqhb4f16Q,22
vH9Sk7jBIcI,UCd3VsafChPVXeIufCAzCprA,27
vHBmJTgXhik,UC_BPD0TBnFtRExZOhIFEQYQ,20
vhKRIGBt22I,UCckltLEhFLv8Xz_lQhYfwmg,25
VHmNRIBpYhc,UCckltLEhFLv8Xz_lQhYfwmg,25
VhqW6cxrvhA,UCn0XmAUFv6d2tofMFEesSNw,24
vHsZRw5V64I,UCckltLEhFLv8Xz_lQhYfwmg,25
vHvAe5MDskU,UCMQYRNX1Fg-HJ8Ey7Z3WPrA,24
VHvr9jeHnTQ,UCh9qXeL8eP3Txra2908xksg,10
vIadn2NVQRo,UCETxOvOv9_44-CUzsPlzyxQ,28
vIOkKkg6ueI,UCCK3OZi788Ok44K97WAhLKQ,25
vIOtr8e4K5Q,UCcpCelkp30ukU3ZKUXsU25g,24
ViUtyJqLP4g,UC7301rstHsGPohgeR_kh8Pw,26
ViVfF-So6w0,UC92h2ZVbLNazWe038DnzIUA,22
Vizcjaz6ubQ,UCckltLEhFLv8Xz_lQhYfwmg,25
vJ3f1Cv1ufo,UCjK3LREYZUrNKnk56Prhe4w,29
VjQHuo44PXE,UCCK3OZi788Ok44K97WAhLKQ,25
VjwgR9rxkXE,UCQxq1x6XKl1oRJ_aSOdurWQ,10
VK7Rchmk75U,UCckltLEhFLv8Xz_lQhYfwmg,25
vKiSnXvXwMA,UCu7cGbQEMgGk8TD0ZYucM5g,27
VKQvBjbKk6g,UCckltLEhFLv8Xz_lQhYfwmg,25
Vl32fW9Z3-w,UCwkHQPpM4IvsJZiIwW9_8Ng,22
vL7gHluqhAA,UCgnFSj7jQffD5V5m05j4dPw,22
vLbE8hkP3JU,UCu7cGbQEMgGk8TD0ZYucM5g,27
VLD6aq_yja4,UCckltLEhFLv8Xz_lQhYfwmg,25
vLF8vQcolN4,UCEUSUxrhCt4n0Pp9WB7q7-w,24
vLFwH6A3U04,UCJsN1Mmx4GRA6sCYdfKqpSQ,28
VlM_Q-hRxkY,UCnY7v189bwoSTFFYD_PNWhQ,27
VLMb-m0WFHs,UCCK3OZi788Ok44K97WAhLKQ,25
vLVysnlmE_4,UCiOEgWwAKbfrVb795hqQc9A,24
vLWNalrd2ek,UCCK3OZi788Ok44K97WAhLKQ,25
VM864nqYyPE,UCt7aYc76HmITvYbbQlHyFnw,27
VMBK42rzHe4,UCCK3OZi788Ok44K97WAhLKQ,25
VMWV26zZPGI,UCR5y9OV23c0jJ4RGwDvGnLw,27
VngmAOWJgww,UCRnC_XIuIVFKWphUcLd4MVA,27
vnsHu9F_qgw,UCCK3OZi788Ok44K97WAhLKQ,25
vnXX2V1kV0o,UCDm4BW0Q5d-zASSuRyvPGXw,22
VNYz2fvcjw0,UCCK3OZi788Ok44K97WAhLKQ,25
VO_keZ8gW0o,UCQxq1x6XKl1oRJ_aSOdurWQ,10
VO25sOS6pn8,UCn0XmAUFv6d2tofMFEesSNw,24
VOBvcsxFOx8,UCckltLEhFLv8Xz_lQhYfwmg,25
vOoZWH-q30s,UCckltLEhFLv8Xz_lQhYfwmg,25
VoqAyrbjr3E,UCgnFSj7jQffD5V5m05j4dPw,22
vosRrcrbsI4,UCd3VsafChPVXeIufCAzCprA,27
vOv2i88NmA4,UCGkzF25IZBE1SF9ykM64xEA,24
vp9t_Ggyxl4,UCGkzF25IZBE1SF9ykM64xEA,24
vpDRjr8VZfc,UC-ss1l2vO46QAgyCsPRIVDA,27
vPewD9ZQ-8I,UCGkzF25IZBE1SF9ykM64xEA,24
VPHpvm6HEYU,UCfK5mYo5nvU4d4vkguhSn6Q,24
VpilIVqOtfU,UCckltLEhFLv8Xz_lQhYfwmg,25
VPJfjGVfG9o,UCh9qXeL8eP3Txra2908xksg,10
VpmjTkeyNbg,UCckltLEhFLv8Xz_lQhYfwmg,25
VpPNV3Swa00,UCEuz_HGv5er0LZsztjO4g5Q,24
VPQ7UYdjFLI,UCckltLEhFLv8Xz_lQhYfwmg,25
VPuE-S4GBI4,UCEjCyBoWP57QRkmFRz-aOGw,27
VpxfEVkw0j8,UCuc40qp1ZKB_ZbDw9iml8Kg,22
VQ_3VlxIP_0,UCn0XmAUFv6d2tofMFEesSNw,24
vQ9rPjG3u7U,UC2Wq8OiU3P9sSRxHpFEe_0Q,22
vqbmXt_0NHI,UCAapm4DhqB5ckqr61IGdTUw,20
VQGPnlxt5n0,UCCK3OZi788Ok44K97WAhLKQ,25
VqgrPNo9m_0,UCHQfFg_epoUK0htwmiUyzEQ,27
vqKscfPrBis,UCcrktZCp1tY9eDqrk6fMrsA,24
vQYwFobiigw,UCwKYO2L9xzLtWhSv4ncYCIA,22
vQz0y3AWCBI,UCckltLEhFLv8Xz_lQhYfwmg,25
vr-L1btZPoQ,UCgnFSj7jQffD5V5m05j4dPw,22
vrhEfMrUtH4,UCQxq1x6XKl1oRJ_aSOdurWQ,10
vrksILrpVdI,UCKEKf35apTUvSLs-c1DCekw,27
VRQgH3fFqIg,UCd3VsafChPVXeIufCAzCprA,27
VRro131WptE,UCKA7SQOUkD1_z5lr016Q70w,22
VRV0_DM8m-4,UCwkHQPpM4IvsJZiIwW9_8Ng,22
vrVblIVh174,UCgnFSj7jQffD5V5m05j4dPw,22
VS-ASwm_YIQ,UCEuz_HGv5er0LZsztjO4g5Q,24
VS64-mbW1ww,UCFq73irpdELVQc5yYQcLCcA,22
vs6X8bICYNU,UCYFn7BOOlmL21iNJ6q5IDfg,24
VSG42C523sM,UCU5WmQA3Ur1Yriw5pMqoBNQ,24
VSMsxBPAYas,UCglXlpWjIi95auM3umWWLdw,28
vsPDbhDIjgc,UCgnFSj7jQffD5V5m05j4dPw,22
vsy-c94Xmqo,UCgnFSj7jQffD5V5m05j4dPw,22
VsY049MmXLU,UCQxq1x6XKl1oRJ_aSOdurWQ,10
vT432EbuS0E,UCRnC_XIuIVFKWphUcLd4MVA,27
vt5l_91VlKU,UCCK3OZi788Ok44K97WAhLKQ,25
vTb34VyOEHk,UCMeObxIFpmRVL22ZpL4ME9g,22
vTBzEXah1sA,UCCK3OZi788Ok44K97WAhLKQ,25
VTuArEByUKY,UCCK3OZi788Ok44K97WAhLKQ,25
vu-Mg48IYdY,UCmqflTSJ6911aCrnaWIXxsA,24
vuGE1b1P-t8,UCCK3OZi788Ok44K97WAhLKQ,25
VurNmN3dEoE,UCRnC_XIuIVFKWphUcLd4MVA,27
vuTyahuLgr4,UCn0XmAUFv6d2tofMFEesSNw,24
Vv2_AjuoQa0,UCYFn7BOOlmL21iNJ6q5IDfg,24
Vv3eSua0lUE,UCJsN1Mmx4GRA6sCYdfKqpSQ,10
Vv3u3nRia68,UCu7cGbQEMgGk8TD0ZYucM5g,27
Vv4vJ_OP1l0,UC4UaWbUUwVvCxWNqhb4f16Q,22
VvDgueToPsE,UCt7aYc76HmITvYbbQlHyFnw,27
VvQ4o9NyZ0U,UCt7aYc76HmITvYbbQlHyFnw,27
VVsWXXswMQs,UCckltLEhFLv8Xz_lQhYfwmg,25
VvzMXvgGMp8,UCYFn7BOOlmL21iNJ6q5IDfg,24
vVzTwKPU5Sw,UCCK3OZi788Ok44K97WAhLKQ,25
Vw05JYfTFZI,UCgnFSj7jQffD5V5m05j4dPw,22
Vw3ZMnpHjQ8,UCn0XmAUFv6d2tofMFEesSNw,24
Vw8nhTGs7HM,UCEoihco2ah097z2YwYOtojw,20
vW9axi3iEwo,UC1Q3UfVjchyhbtyJXc_mu5w,24
VWgJ6h7BMso,UCCK3OZi788Ok44K97WAhLKQ,25
VWhaGGl42QA,UCuc40qp1ZKB_ZbDw9iml8Kg,22
VWT_hF1sN5M,UCEUSUxrhCt4n0Pp9WB7q7-w,24
vWTevneDE4M,UCckltLEhFLv8Xz_lQhYfwmg,25
Vx6xtlcsbbc,UCckltLEhFLv8Xz_lQhYfwmg,25
vXbRsi2bMm0,UCn0XmAUFv6d2tofMFEesSNw,24
VxfHzaRISsw,UCaRBojHlDl24Tzh6Vt6dihQ,20
vXop4wDMIQQ,UCFq73irpdELVQc5yYQcLCcA,22
VxZFWMoWAK4,UCckltLEhFLv8Xz_lQhYfwmg,25
vy00puQwUv0,UCc8W1zUTmtNqXIhOHxPIAuw,27
vY4WDDtr6BU,UCHQfFg_epoUK0htwmiUyzEQ,27
VYalxHQCadY,UCrjQG1gLZ4cDwIzrGA5pRBw,22
vyARMjbyPjQ,UCwXfRdTtVeVnXXF4poaYw0Q,19
VyGRR_69fKQ,UCltN1illHSguno1gokRShxA,26
vYjuXgeMAR4,UCOLdaAcrdzYY3ug15EuuFAg,26
VykxyrEyN3g,UCvQoK_VN52NG9CwB7Tc9WZg,27
vYQNnXAA_8Q,UCglXlpWjIi95auM3umWWLdw,28
Vyr7YOkc5BI,UCTb1H9XUOHjqA9hVvxCht0w,22
vYUnJ7C0aD0,UCCK3OZi788Ok44K97WAhLKQ,25
VYvu0P5Vnwk,UCgnFSj7jQffD5V5m05j4dPw,22
VyxiFctYKEY,UCckltLEhFLv8Xz_lQhYfwmg,25
vZ7h9NRuLpw,UCDO8zlJiV9ZgaMMK2DyX1Dw,17
Vz9Sy9bVv20,UCNyujDJFZqQml78mdpb2rNA,24
VziezDctZys,UCmqflTSJ6911aCrnaWIXxsA,24
VZiKKJzWuFs,UC3C6rQHX8pkjSyOm-620k3w,28
vzjV0oqNUOs,UCVmkgq5EQR_Dls3LG-wkrjw,28
VZTF1T8d-y4,UCckltLEhFLv8Xz_lQhYfwmg,25
W_7DVJQkDV4,UCdY0SS4tZPdWdQ6m5bX-ZBg,24
w_7muMgkB5w,UCckltLEhFLv8Xz_lQhYfwmg,25
w_VORUe6Vxw,UCQxq1x6XKl1oRJ_aSOdurWQ,10
w-GaI8IdmAk,UCCK3OZi788Ok44K97WAhLKQ,25
w-Tj7H_XKUA,UCFq73irpdELVQc5yYQcLCcA,22
w-v_ybg4yE8,UCU5WmQA3Ur1Yriw5pMqoBNQ,24
W0RglGSNUrE,UCDdPJHmxHCJLH1sDyytCATw,22
w1adRB3pwqk,UCJsN1Mmx4GRA6sCYdfKqpSQ,10
w1eSbaXHylY,UCCK3OZi788Ok44K97WAhLKQ,25
w1goLIblN7w,UCckltLEhFLv8Xz_lQhYfwmg,25
w1KZthGOSoc,UCckltLEhFLv8Xz_lQhYfwmg,25
w1r7V2B3UOk,UCWqN5l7FwMO6-gT8Dg9mx5A,22
w1soxXqKDNI,UCdY0SS4tZPdWdQ6m5bX-ZBg,24
W2ofw_4ts8M,UCEuz_HGv5er0LZsztjO4g5Q,24
w2PplLf_IcM,UCKA7SQOUkD1_z5lr016Q70w,22
W2qNhQK58rc,UCn0XmAUFv6d2tofMFEesSNw,24
W3ldRtexSks,UC-ss1l2vO46QAgyCsPRIVDA,27
W3tsj3155D8,UCgnFSj7jQffD5V5m05j4dPw,22
W3xKsy8fgUE,UCFq73irpdELVQc5yYQcLCcA,22
W46OMLJPIRg,UCEmrzEYds6XN_7dd_5_XnrA,24
W4aEB1KJhTA,UCDO8zlJiV9ZgaMMK2DyX1Dw,17
w4h2j7yPThM,UC6lDrxy3lS4LNRuuBtryqpQ,22
w5t7Ecil5Xk,UCgnFSj7jQffD5V5m05j4dPw,24
w6bc-XtJYIw,UCjK3LREYZUrNKnk56Prhe4w,29
W6CgWIdnoEg,UCgnFSj7jQffD5V5m05j4dPw,22
w6dPy6KYm-0,UCckltLEhFLv8Xz_lQhYfwmg,25
w6FCHVc3jhI,UCJsN1Mmx4GRA6sCYdfKqpSQ,10
W6jE-Stb3JA,UCgnFSj7jQffD5V5m05j4dPw,22
W6md_oU6FEs,UCGkzF25IZBE1SF9ykM64xEA,24
w6RiZGo1BeM,UCn0XmAUFv6d2tofMFEesSNw,24
W7DRyrAP5nY,UCCK3OZi788Ok44K97WAhLKQ,25
W7oYXmiAfsc,UCDdPJHmxHCJLH1sDyytCATw,22
W7RqAzCYWUY,UCRtAu8OVYVfuNZmTV-Ug0zA,27
W7SexEq84a8,UC2Wq8OiU3P9sSRxHpFEe_0Q,22
W7ycf5hm_ck,UCiOEgWwAKbfrVb795hqQc9A,24
W81VOlNsH1Q,UCn0XmAUFv6d2tofMFEesSNw,24
w85VezLhsxA,UCOLdaAcrdzYY3ug15EuuFAg,26
w88y2nBWzWc,UCCK3OZi788Ok44K97WAhLKQ,25
w8cWNT_iQ88,UC92h2ZVbLNazWe038DnzIUA,22
W8z7Uc86PPk,UCs_mHlm5_C82W5WCIJaSMbQ,22
w9bdamySbaw,UCgnFSj7jQffD5V5m05j4dPw,22
WA9kRwjNcc0,UCr8qGT-Mv9tdCo-aPr06REQ,1
WaE8KWuDxC8,UCCK3OZi788Ok44K97WAhLKQ,25
WaeFPZLjDbE,UC6lDrxy3lS4LNRuuBtryqpQ,22
wAiU5iJzEaY,UCwXfRdTtVeVnXXF4poaYw0Q,19
waKzulfLCn8,UCVwbUjoiTUXxeVjsxW9Kwng,10
wAQc0XLmum8,UCwkHQPpM4IvsJZiIwW9_8Ng,22
wAZnQzMkg3M,UCgnFSj7jQffD5V5m05j4dPw,22
Wb3Vh3CBuzs,UCKS1HX4moHCcDBZnM9k4giw,1
WB3ZOywWgnA,UC9ZdXR-RYydFqdIb1lqM4LQ,19
WbCFGBWN4Vw,UCckltLEhFLv8Xz_lQhYfwmg,25
wbda8Oi9JJE,UCCK3OZi788Ok44K97WAhLKQ,25
wbfRdQVCv_Y,UCCK3OZi788Ok44K97WAhLKQ,25
wBkHyZeBEjw,UC1Q3UfVjchyhbtyJXc_mu5w,24
WblQ7_7_TsA,UCMQYRNX1Fg-HJ8Ey7Z3WPrA,24
Wbm1YHLxm4U,UCCK3OZi788Ok44K97WAhLKQ,25
wBv4PYuzUsI,UC8irIP66QzlZNVgqe4vwN9g,10
wBW7MvjBh6w,UCckltLEhFLv8Xz_lQhYfwmg,25
WBZr6YhSXoA,UCfK5mYo5nvU4d4vkguhSn6Q,24
Wc1ft-pEf48,UC8irIP66QzlZNVgqe4vwN9g,10
Wc7bMPSljlM,UCm-TY_JakK4dHAwF6QqcZSg,20
wc99RULB43c,UC_BPD0TBnFtRExZOhIFEQYQ,20
wcBrv02Fs0o,UCltN1illHSguno1gokRShxA,26
WcCBYYoe6vY,UCkysZsPin4y9iQHS-QYygeQ,20
WcjXjw6gOFU,UCEjCyBoWP57QRkmFRz-aOGw,27
WcmflOXcINg,UCaRBojHlDl24Tzh6Vt6dihQ,20
WCRgxHxbms8,UCgnFSj7jQffD5V5m05j4dPw,22
WCTDL-DBcbo,UCckltLEhFLv8Xz_lQhYfwmg,25
WcVJwPOadqg,UCn0XmAUFv6d2tofMFEesSNw,24
WcY9EJEkwDI,UCFPySgAumPBFo0VFf8hjCjw,2
WD-Gv42JaLY,UCKS1HX4moHCcDBZnM9k4giw,1
wD-lQ5bPV0Q,UCu7cGbQEMgGk8TD0ZYucM5g,27
Wd33ux1aZ_U,UCckltLEhFLv8Xz_lQhYfwmg,25
wD6Y6VKs9r0,UCmqflTSJ6911aCrnaWIXxsA,24
WdH1hU-tYko,UCltN1illHSguno1gokRShxA,26
wDkwz2cpDig,UCJsN1Mmx4GRA6sCYdfKqpSQ,10
wdMdksZ1AeQ,UCCK3OZi788Ok44K97WAhLKQ,25
wdNSosbKS5U,UCgnFSj7jQffD5V5m05j4dPw,22
WDSCy79bdEc,UCw7u6NM3AzfdAylSLIoLeOQ,22
wDt2UvcJ9pU,UCckltLEhFLv8Xz_lQhYfwmg,25
wduhnm0NdgI,UCr8qGT-Mv9tdCo-aPr06REQ,1
We2IaaVEjKY,UCETxOvOv9_44-CUzsPlzyxQ,28
we7PIbOUsSw,UCEoihco2ah097z2YwYOtojw,20
WEH8nxNIKKw,UCu_V8lfzyGspxP-LNFowW9w,10
wevDBXiaNUU,UC0PdkCm3QlHJ8HdH4JeNirA,20
wf_SVJQIdsQ,UCckltLEhFLv8Xz_lQhYfwmg,25
WF-GXK9WWOY,UCMeObxIFpmRVL22ZpL4ME9g,22
WF5KNCgJ8UU,UC0CXMeU0432EMgBnlBaY_yA,27
WFa8fX7Ncwc,UCgnFSj7jQffD5V5m05j4dPw,22
WFdHYYKE8Hc,UCAapm4DhqB5ckqr61IGdTUw,20
WFgQ0gTIH6g,UCCK3OZi788Ok44K97WAhLKQ,25
Wfh85mGoPPg,UCEoihco2ah097z2YwYOtojw,20
WFkPdEbTK38,UCt7aYc76HmITvYbbQlHyFnw,22
WFo4q6sN-aE,UCgnFSj7jQffD5V5m05j4dPw,24
WFqcGa73LHQ,UCRnC_XIuIVFKWphUcLd4MVA,27
WFqGGBU-rl8,UCCK3OZi788Ok44K97WAhLKQ,25
wFTe1ade9ZA,UCwXfRdTtVeVnXXF4poaYw0Q,19
WGfMZr6xUEs,UCckltLEhFLv8Xz_lQhYfwmg,25
WGiDV5XdN1k,UCCK3OZi788Ok44K97WAhLKQ,25
WGIkCeYQbXU,UCDO8zlJiV9ZgaMMK2DyX1Dw,17
WGU5KCnL4iQ,UCNyujDJFZqQml78mdpb2rNA,24
WgUQccDrbmI,UCEUSUxrhCt4n0Pp9WB7q7-w,27
wGW8ITJl7n8,UC-ss1l2vO46QAgyCsPRIVDA,27
wgZnmLmNx7k,UCh9qXeL8eP3Txra2908xksg,10
WhJ3HBscKAg,UCFPySgAumPBFo0VFf8hjCjw,2
whpuHmcdmXE,UCckltLEhFLv8Xz_lQhYfwmg,25
wHpXpnin4W4,UCMeObxIFpmRVL22ZpL4ME9g,22
WhqIBo9eKaw,UC7301rstHsGPohgeR_kh8Pw,26
WhRh-furIRo,UCAapm4DhqB5ckqr61IGdTUw,22
wia8kk_dI3c,UCckltLEhFLv8Xz_lQhYfwmg,25
wINrOnZMg2w,UCaRBojHlDl24Tzh6Vt6dihQ,20
Wit5-NgClx4,UCU5WmQA3Ur1Yriw5pMqoBNQ,24
wiUh5HcxSdE,UCOLdaAcrdzYY3ug15EuuFAg,26
WiUlZKBG2-Y,UCckltLEhFLv8Xz_lQhYfwmg,25
WJ1_AHo_aKw,UC4UaWbUUwVvCxWNqhb4f16Q,22
wJ4BD2xt-Rw,UC6lDrxy3lS4LNRuuBtryqpQ,22
wjaJXf_4KAs,UCn0XmAUFv6d2tofMFEesSNw,24
wjQ9QPd03eE,UCc8W1zUTmtNqXIhOHxPIAuw,27
WjrLaiwmLgk,UCCK3OZi788Ok44K97WAhLKQ,25
WJyWrIS4aLc,UCCK3OZi788Ok44K97WAhLKQ,25
WKmwCrhz0z0,UCYG2PZN2DImFqoTcj983iqA,24
wkYM4elgaVg,UCaRBojHlDl24Tzh6Vt6dihQ,20
wl81TNMFGj8,UCh9qXeL8eP3Txra2908xksg,10
wl8kCHHZHHk,UCKA7SQOUkD1_z5lr016Q70w,22
WL8qVKfw0Dk,UCEjCyBoWP57QRkmFRz-aOGw,27
WldR4g80OCU,UCCK3OZi788Ok44K97WAhLKQ,25
wLewhaLj_Cw,UCckltLEhFLv8Xz_lQhYfwmg,25
WLgV8IaBxY0,UCnirzf0fEAPfQV__61iwSQQ,20
WLhusuC6h5w,UCTb1H9XUOHjqA9hVvxCht0w,23
WlI5Ardxipc,UCckltLEhFLv8Xz_lQhYfwmg,25
wLINuFnJmvQ,UCCK3OZi788Ok44K97WAhLKQ,25
WLMCxq_gmpE,UCTb1H9XUOHjqA9hVvxCht0w,19
wLP6sWE6JKQ,UCckltLEhFLv8Xz_lQhYfwmg,25
WlPOOMpZPHc,UCgnFSj7jQffD5V5m05j4dPw,24
WLQfoHe5JbQ,UCckltLEhFLv8Xz_lQhYfwmg,25
Wlz2R2Dw_V8,UC1Q3UfVjchyhbtyJXc_mu5w,24
Wm2ffkBLg2Q,UCn0XmAUFv6d2tofMFEesSNw,24
wMbfsdnWKnM,UCNFDDKoTezuSWbIjjHA76xQ,22
wMKINW1u7xs,UCEUSUxrhCt4n0Pp9WB7q7-w,27
wMMy4j-Ie9Q,UCwXfRdTtVeVnXXF4poaYw0Q,19
WMNkg_TrozU,UC7301rstHsGPohgeR_kh8Pw,26
WmSD5t0_L9o,UCGkzF25IZBE1SF9ykM64xEA,24
wMWixyISvcw,UCKS1HX4moHCcDBZnM9k4giw,1
WN0e50F9mSk,UCltN1illHSguno1gokRShxA,26
WN68nM4Kkdw,UCmqflTSJ6911aCrnaWIXxsA,24
WnakJoiz68A,UCU5WmQA3Ur1Yriw5pMqoBNQ,24
wNENpfNyZKo,UCltN1illHSguno1gokRShxA,26
wNfo6eL-okc,UC_BPD0TBnFtRExZOhIFEQYQ,20
WNMKKaWUrig,UCEmrzEYds6XN_7dd_5_XnrA,24
wnMPvXCkSzs,UCRnC_XIuIVFKWphUcLd4MVA,27
WO5KcZdn7Tw,UCNyujDJFZqQml78mdpb2rNA,24
WoaQ-WOUBoc,UCEUSUxrhCt4n0Pp9WB7q7-w,24
woh-X90dHV0,UCRnC_XIuIVFKWphUcLd4MVA,27
WoryovV1uVM,UCjK3LREYZUrNKnk56Prhe4w,29
wOtCeiQ5Ziw,UCckltLEhFLv8Xz_lQhYfwmg,25
WP2hI7XzXhQ,UCCK3OZi788Ok44K97WAhLKQ,25
wpALSTNtWEE,UCEuz_HGv5er0LZsztjO4g5Q,24
wpm_U_789dQ,UCCK3OZi788Ok44K97WAhLKQ,25
WPXc2khisxE,UCkysZsPin4y9iQHS-QYygeQ,20
WpY6v32EuGI,UCuc40qp1ZKB_ZbDw9iml8Kg,22
wpYizQqxIhU,UCU5WmQA3Ur1Yriw5pMqoBNQ,24
WPynysAyRAY,UCu_V8lfzyGspxP-LNFowW9w,10
wQ_BjsclNro,UCwKYO2L9xzLtWhSv4ncYCIA,22
WQatOT5jzx8,UCgnFSj7jQffD5V5m05j4dPw,22
wqiiHot8y9k,UCVwbUjoiTUXxeVjsxW9Kwng,10
WqinLkd_B0M,UCckltLEhFLv8Xz_lQhYfwmg,25
wqO-0zcRrt0,UCRnC_XIuIVFKWphUcLd4MVA,27
WqTip1wx0kg,UCckltLEhFLv8Xz_lQhYfwmg,25
WReMUSg6Ksg,UCglXlpWjIi95auM3umWWLdw,28
WRzoLiEFu6Y,UCEuz_HGv5er0LZsztjO4g5Q,24
wsa3J7_WXx8,UCU5WmQA3Ur1Yriw5pMqoBNQ,24
WSakQiYmdfo,UCwKYO2L9xzLtWhSv4ncYCIA,19
wSfAxQiizoQ,UCCK3OZi788Ok44K97WAhLKQ,25
Wsnj5Sjn-TY,UCCK3OZi788Ok44K97WAhLKQ,25
wSpV4zJFo-U,UCwkHQPpM4IvsJZiIwW9_8Ng,22
wSR5BIkdRj4,UCkysZsPin4y9iQHS-QYygeQ,20
WsTHWlPQbJg,UCgnFSj7jQffD5V5m05j4dPw,22
wSUASq1gep0,UCCK3OZi788Ok44K97WAhLKQ,25
wT0zEHvUa1A,UCwkHQPpM4IvsJZiIwW9_8Ng,22
wtcKIm6U6NY,UCCK3OZi788Ok44K97WAhLKQ,25
wTef4fUbPgQ,UC8irIP66QzlZNVgqe4vwN9g,10
WTFf4bmQMz8,UCdY0SS4tZPdWdQ6m5bX-ZBg,24
WTof6A8b1yU,UC6lDrxy3lS4LNRuuBtryqpQ,22
wtUw3JIZKYQ,UCkysZsPin4y9iQHS-QYygeQ,20
WtwhoZt1J-E,UC0CXMeU0432EMgBnlBaY_yA,27
wu-Rmgu5QLE,UCFPySgAumPBFo0VFf8hjCjw,2
Wu1ps9VHyio,UCrjQG1gLZ4cDwIzrGA5pRBw,22
WUKbuofNvBE,UCwkHQPpM4IvsJZiIwW9_8Ng,22
wuvE-bvrQ-o,UCCK3OZi788Ok44K97WAhLKQ,25
wUZ1DOrmw0k,UC6lDrxy3lS4LNRuuBtryqpQ,22
WvfbCGzkWMg,UCCK3OZi788Ok44K97WAhLKQ,25
wvHu6eJYqLk,UCt7aYc76HmITvYbbQlHyFnw,27
WVu6pYU0B_c,UCNFDDKoTezuSWbIjjHA76xQ,22
WvuoAig5G0w,UCgnFSj7jQffD5V5m05j4dPw,22
WvZVVhEqMfo,UCgnFSj7jQffD5V5m05j4dPw,22
wW-pVGVUDAU,UCn0XmAUFv6d2tofMFEesSNw,24
Ww3TNW2d1_Y,UCU5WmQA3Ur1Yriw5pMqoBNQ,24
WWDfRygXmC4,UCRtAu8OVYVfuNZmTV-Ug0zA,27
WWfpZJY6ATw,UCRtAu8OVYVfuNZmTV-Ug0zA,27
WWHRGIOCpwU,UCs_mHlm5_C82W5WCIJaSMbQ,22
wWiVY6vtcCc,UCiOEgWwAKbfrVb795hqQc9A,24
wWKUOCd3fiE,UCTb1H9XUOHjqA9hVvxCht0w,22
WwmHYlSid5g,UCCK3OZi788Ok44K97WAhLKQ,25
WWMRUM548jM,UCEUSUxrhCt4n0Pp9WB7q7-w,24
WWUhHtJFCTg,UCn0XmAUFv6d2tofMFEesSNw,24
wWWQNRaeToQ,UCmqflTSJ6911aCrnaWIXxsA,24
wWxV5FHYHQI,UCckltLEhFLv8Xz_lQhYfwmg,25
wx6Rckv2kVM,UCt7aYc76HmITvYbbQlHyFnw,27
wxB_qClMWKY,UCCK3OZi788Ok44K97WAhLKQ,25
WxcdPZxO5ss,UCVmkgq5EQR_Dls3LG-wkrjw,22
wXd18nhkJbM,UCn0XmAUFv6d2tofMFEesSNw,24
wXG49pYUnnc,UCCK3OZi788Ok44K97WAhLKQ,25
wXj8ezzPuCo,UCVmkgq5EQR_Dls3LG-wkrjw,28
wxLjxZddsbk,UCMeObxIFpmRVL22ZpL4ME9g,22
WXncRyXQG64,UCEuz_HGv5er0LZsztjO4g5Q,24
wxNmr81jOvY,UCgnFSj7jQffD5V5m05j4dPw,22
Wxy4lp5TOIw,UCFPySgAumPBFo0VFf8hjCjw,10
wYB5_gKS3dk,UCGN3TM5lZQ1DAvMwI1LIc8Q,27
wYoyCE8P3B8,UCDdPJHmxHCJLH1sDyytCATw,22
wYP_JCVN0EA,UCDm4BW0Q5d-zASSuRyvPGXw,22
Wz7xCWljjtA,UCckltLEhFLv8Xz_lQhYfwmg,25
WzemcdXpQQM,UCckltLEhFLv8Xz_lQhYfwmg,25
wzePCTCUPZo,UCrjQG1gLZ4cDwIzrGA5pRBw,22
wZEviXa581I,UC4UaWbUUwVvCxWNqhb4f16Q,22
wZIJOTixDIM,UCckltLEhFLv8Xz_lQhYfwmg,25
WZKjijUy2pQ,UC9ZdXR-RYydFqdIb1lqM4LQ,19
WzlG3E10Noc,UCYG2PZN2DImFqoTcj983iqA,24
WZNWWYitUV4,UCVwbUjoiTUXxeVjsxW9Kwng,10
WzvuRVVPyPk,UCrjQG1gLZ4cDwIzrGA5pRBw,22
wZWDHCwPNOk,UCwKYO2L9xzLtWhSv4ncYCIA,19
x_0HU7ycYGc,UC8irIP66QzlZNVgqe4vwN9g,10
x_nmIcv8_d0,UCBR9iW2qo_7LP9_9u3A2ZeQ,20
X_tj9YGCxLE,UCgnFSj7jQffD5V5m05j4dPw,22
X-A3GUsCZJw,UCCK3OZi788Ok44K97WAhLKQ,25
x-vMgveEFp4,UC9ZdXR-RYydFqdIb1lqM4LQ,19
x-y-9ncdt8E,UCc8W1zUTmtNqXIhOHxPIAuw,24
x0iKgU2Nef8,UCd3VsafChPVXeIufCAzCprA,27
X1lOLr7fM5w,UCFq73irpdELVQc5yYQcLCcA,22
X1uxlcl0uRg,UCVmkgq5EQR_Dls3LG-wkrjw,28
X2cCDvEXTi4,UC3C6rQHX8pkjSyOm-620k3w,28
x2KMOTOhQsA,UCckltLEhFLv8Xz_lQhYfwmg,25
X2o7nT3w_kc,UCn0XmAUFv6d2tofMFEesSNw,24
x33BaQ135Ww,UCCK3OZi788Ok44K97WAhLKQ,25
X3BqBHdiF-A,UCwKYO2L9xzLtWhSv4ncYCIA,2
x3Ft-pPVPqk,UCwKYO2L9xzLtWhSv4ncYCIA,19
x3UC1RK3pz8,UCwKYO2L9xzLtWhSv4ncYCIA,19
X3YxDruvoY4,UCHQfFg_epoUK0htwmiUyzEQ,27
x47uTmFlDcE,UC9ZdXR-RYydFqdIb1lqM4LQ,19
x4FX8QI66oY,UCcrktZCp1tY9eDqrk6fMrsA,27
X4LApomS4ZU,UC7hqTC-ChL-_PUKhctTt50A,19
x58RpcQVJ_4,UC8irIP66QzlZNVgqe4vwN9g,10
X5da6GNxCOE,UCfK5mYo5nvU4d4vkguhSn6Q,24
x6JmvDftIxU,UCckltLEhFLv8Xz_lQhYfwmg,25
X6n265HNxMc,UCKS1HX4moHCcDBZnM9k4giw,1
x6vRaKrKpeQ,UCCK3OZi788Ok44K97WAhLKQ,25
X72Oq53xOtA,UCNFDDKoTezuSWbIjjHA76xQ,22
X7HUxWvp93s,UCckltLEhFLv8Xz_lQhYfwmg,25
x8Aa6nkSZYI,UCGN3TM5lZQ1DAvMwI1LIc8Q,27
X99A5NuuhQ0,UCn0XmAUFv6d2tofMFEesSNw,24
X9d0hzaVYoc,UCmqflTSJ6911aCrnaWIXxsA,24
xA0qUL7BSVM,UCCK3OZi788Ok44K97WAhLKQ,25
XA4VQwU3STI,UCn0XmAUFv6d2tofMFEesSNw,24
xAc112qNj94,UCckltLEhFLv8Xz_lQhYfwmg,25
xaLV9K6Is2I,UCckltLEhFLv8Xz_lQhYfwmg,25
xAprJBspu5o,UCu7cGbQEMgGk8TD0ZYucM5g,27
XaQwV44k7c4,UCHQfFg_epoUK0htwmiUyzEQ,27
xAQxYNMYmpU,UCVmkgq5EQR_Dls3LG-wkrjw,22
XAY4KyKCTfc,UCMeObxIFpmRVL22ZpL4ME9g,22
XBa8kOrNCjc,UCEjCyBoWP57QRkmFRz-aOGw,27
XbcWDKjciaw,UCd3VsafChPVXeIufCAzCprA,27
xblZ--h63Vc,UCKEKf35apTUvSLs-c1DCekw,27
XbnulVWT5lc,UCgnFSj7jQffD5V5m05j4dPw,22
xbowL6_GLZw,UCgnFSj7jQffD5V5m05j4dPw,22
XBXVY-Xcl3s,UCltN1illHSguno1gokRShxA,26
XCDpKprGII4,UCVmkgq5EQR_Dls3LG-wkrjw,28
xckChnJqn7Y,UCWqN5l7FwMO6-gT8Dg9mx5A,22
xcKCxf4zemw,UCckltLEhFLv8Xz_lQhYfwmg,25
xckEzJBzy5I,UCc8W1zUTmtNqXIhOHxPIAuw,10
XcQdWC0xqxs,UC2Wq8OiU3P9sSRxHpFEe_0Q,22
xcxCvkGMqk8,UCEa6e_J_Xs_GKCzG8Eq15Xw,10
xD4ajMPWnT4,UCe13xXtdfx_n0_z1qeXV6_g,10
Xd4YIUykbR4,UCjK3LREYZUrNKnk56Prhe4w,29
XD7F4s89xqc,UCcrktZCp1tY9eDqrk6fMrsA,27
XDiz38uCv10,UCckltLEhFLv8Xz_lQhYfwmg,25
xdk3vgNZoUY,UCCK3OZi788Ok44K97WAhLKQ,25
XdRIydMqK5M,UCaRBojHlDl24Tzh6Vt6dihQ,20
XDSuiaDgxWE,UC2Wq8OiU3P9sSRxHpFEe_0Q,22
XeOGqUkq3nY,UCEuz_HGv5er0LZsztjO4g5Q,24
xEq_epxCIuM,UCEuz_HGv5er0LZsztjO4g5Q,24
XeQ60LlsXj0,UCu7cGbQEMgGk8TD0ZYucM5g,27
XEu2xdoUwEo,UCAapm4DhqB5ckqr61IGdTUw,22
XF0jiLF-ET4,UCckltLEhFLv8Xz_lQhYfwmg,25
Xf2ECVogvjs,UCiOEgWwAKbfrVb795hqQc9A,24
XFDHIGVjLhE,UCDm4BW0Q5d-zASSuRyvPGXw,22
xfFzD2h2zZc,UCFPySgAumPBFo0VFf8hjCjw,10
xFkzG1ocpJ8,UCn0XmAUFv6d2tofMFEesSNw,24
xFubBKOJVAE,UCgnFSj7jQffD5V5m05j4dPw,22
Xg2yK1y1WJU,UCnY7v189bwoSTFFYD_PNWhQ,27
XgbDGGMWNdg,UCDm4BW0Q5d-zASSuRyvPGXw,22
Xge5q59463A,UCckltLEhFLv8Xz_lQhYfwmg,25
xGKp3cLwpbA,UCgnFSj7jQffD5V5m05j4dPw,22
xh_O-MsZtXE,UCckltLEhFLv8Xz_lQhYfwmg,25
Xh_paZjw8aY,UCckltLEhFLv8Xz_lQhYfwmg,25
Xh-4EKWVHOo,UCRtAu8OVYVfuNZmTV-Ug0zA,27
Xh4Z-zTvG0o,UCEoihco2ah097z2YwYOtojw,20
xh6VjacSHbg,UCWqN5l7FwMO6-gT8Dg9mx5A,22
Xh75-5hl2CI,UCckltLEhFLv8Xz_lQhYfwmg,25
xHHg3wxzehM,UCCK3OZi788Ok44K97WAhLKQ,25
xhL5cPZ9yJA,UCfK5mYo5nvU4d4vkguhSn6Q,24
xI2Q8eANZXs,UCwXfRdTtVeVnXXF4poaYw0Q,19
Xif9rVrJcEM,UCgnFSj7jQffD5V5m05j4dPw,22
XilMFPzC-Cs,UCYFn7BOOlmL21iNJ6q5IDfg,24
xiun_BzK8jc,UCglXlpWjIi95auM3umWWLdw,28
XixuVYd1n4U,UCCK3OZi788Ok44K97WAhLKQ,25
xJdTN7IFhh4,UCgnFSj7jQffD5V5m05j4dPw,25
XjHyOXo1dX8,UCh9qXeL8eP3Txra2908xksg,10
XjI4MjdgD28,UC9U2IYFVPd-Hl6zAeZQL7eQ,22
XJKb_Dyv2ng,UCltN1illHSguno1gokRShxA,26
XJoh0sSBXKE,UCh9qXeL8eP3Txra2908xksg,10
XJrWItvb81k,UCckltLEhFLv8Xz_lQhYfwmg,25
XjWWjCcDhqs,UCckltLEhFLv8Xz_lQhYfwmg,25
xKCkdxHFdoE,UC9ZdXR-RYydFqdIb1lqM4LQ,19
xkCT2wCwmdI,UCKA7SQOUkD1_z5lr016Q70w,22
xkdGiqCeoaA,UCVwbUjoiTUXxeVjsxW9Kwng,10
xkjvunsEw4E,UCe13xXtdfx_n0_z1qeXV6_g,10
XKPcB6xSYj0,UCkysZsPin4y9iQHS-QYygeQ,20
XKqjLwsVZqo,UCcpCelkp30ukU3ZKUXsU25g,24
xKR8sA9HUvY,UCEUSUxrhCt4n0Pp9WB7q7-w,24
XKw0LKFdbVA,UCCK3OZi788Ok44K97WAhLKQ,25
XKwzUsyD1h0,UCR0Bia1mQ7NQp31WWNhoFnw,20
xL0pI0z8b58,UCe13xXtdfx_n0_z1qeXV6_g,10
xl3w7DKAKtA,UCe13xXtdfx_n0_z1qeXV6_g,10
Xl8WqCjjygo,UCckltLEhFLv8Xz_lQhYfwmg,25
XLdMgcSga8A,UCEmrzEYds6XN_7dd_5_XnrA,24
XLE84u_RBvs,UCmqflTSJ6911aCrnaWIXxsA,24
xlLGiRstvdk,UCVwbUjoiTUXxeVjsxW9Kwng,10
XLm7dw3JLbM,UCcpCelkp30ukU3ZKUXsU25g,19
XlMhqE07JeA,UCCK3OZi788Ok44K97WAhLKQ,25
XlsxaiMSrSo,UCRnC_XIuIVFKWphUcLd4MVA,27
xm4X4-Jn7_U,UCn0XmAUFv6d2tofMFEesSNw,24
XM7pyDivEM0,UCQxq1x6XKl1oRJ_aSOdurWQ,10
xmj2iGEM4NE,UCcrktZCp1tY9eDqrk6fMrsA,24
XMjFKXjOKoE,UCKEKf35apTUvSLs-c1DCekw,27
XmqXTtmSn6w,UC6lDrxy3lS4LNRuuBtryqpQ,22
xMv5kZPm_pw,UCckltLEhFLv8Xz_lQhYfwmg,25
Xmx88q3m80I,UCCK3OZi788Ok44K97WAhLKQ,25
XmYmj9fj15c,UCNyujDJFZqQml78mdpb2rNA,24
XMyVn8krIEc,UC_wCgvTythKNffDZ0IQNvYQ,28
xn3PPWgTqJ4,UCe13xXtdfx_n0_z1qeXV6_g,10
xnEIFXxUCcA,UC7hqTC-ChL-_PUKhctTt50A,19
xnINnUeBCbw,UCwXfRdTtVeVnXXF4poaYw0Q,19
xNp92x3s8RU,UCfK5mYo5nvU4d4vkguhSn6Q,24
XnueGrxM-Q0,UCDdPJHmxHCJLH1sDyytCATw,22
xO4RlkWjXTY,UCEa6e_J_Xs_GKCzG8Eq15Xw,10
xO785FHCVIs,UCRtAu8OVYVfuNZmTV-Ug0zA,27
xo7KuwlwJIw,UCaRBojHlDl24Tzh6Vt6dihQ,20
xO8_i7pNe2Y,UCn0XmAUFv6d2tofMFEesSNw,24
Xo8bwzAFhSw,UCc8W1zUTmtNqXIhOHxPIAuw,27
XOJBx94-4g4,UCu_V8lfzyGspxP-LNFowW9w,10
XOjRwo7trk0,UCEmrzEYds6XN_7dd_5_XnrA,24
xOKxscF0Uro,UCDO8zlJiV9ZgaMMK2DyX1Dw,17
XoPbeDtTU9Q,UCCK3OZi788Ok44K97WAhLKQ,25
XOZIxjmY1Rs,UCGN3TM5lZQ1DAvMwI1LIc8Q,27
Xp0P78cVmcA,UCckltLEhFLv8Xz_lQhYfwmg,25
xpbyi-swlqk,UCckltLEhFLv8Xz_lQhYfwmg,25
XPfu55Rm7b0,UC1Q3UfVjchyhbtyJXc_mu5w,24
xPkrQ9SnIe4,UCgnFSj7jQffD5V5m05j4dPw,22
xQ-LAU5q-z4,UC9ZdXR-RYydFqdIb1lqM4LQ,19
Xq3f9Szy0DE,UCckltLEhFLv8Xz_lQhYfwmg,25
XQ5VC7zIXjg,UC2Wq8OiU3P9sSRxHpFEe_0Q,22
xqJh15EJkjk,UCCK3OZi788Ok44K97WAhLKQ,25
XQjS7JUsDlU,UCckltLEhFLv8Xz_lQhYfwmg,25
xqR2VTZ6wno,UCBR9iW2qo_7LP9_9u3A2ZeQ,20
XR3g1rUYnC8,UCKS1HX4moHCcDBZnM9k4giw,1
xRBi2mQPvEE,UCs_mHlm5_C82W5WCIJaSMbQ,22
xrd9hPjUX_E,UCs_mHlm5_C82W5WCIJaSMbQ,22
XRg9-GnMttA,UCVmkgq5EQR_Dls3LG-wkrjw,28
xRGAmmKM5c8,UCVwbUjoiTUXxeVjsxW9Kwng,10
xriORuS6-HA,UCu_V8lfzyGspxP-LNFowW9w,10
xrlkQl7Gj5M,UC-ss1l2vO46QAgyCsPRIVDA,27
XROa0H8eGBQ,UCs_mHlm5_C82W5WCIJaSMbQ,22
xrraHgnH4Ww,UCEmrzEYds6XN_7dd_5_XnrA,24
XrSYXuaCqsE,UCWqN5l7FwMO6-gT8Dg9mx5A,22
Xrui83C4Vi8,UCgnFSj7jQffD5V5m05j4dPw,22
XrvgN4L5q4I,UCEUSUxrhCt4n0Pp9WB7q7-w,24
XsGLp7V9-gQ,UCrjQG1gLZ4cDwIzrGA5pRBw,22
xsK0fil__-k,UCu_V8lfzyGspxP-LNFowW9w,10
xSLKdKJ3tSc,UCDO8zlJiV9ZgaMMK2DyX1Dw,17
xSlyh9w4yPk,UCAapm4DhqB5ckqr61IGdTUw,22
XSwPXofx7l0,UC9U2IYFVPd-Hl6zAeZQL7eQ,22
XT0KTQxjKA0,UCm-TY_JakK4dHAwF6QqcZSg,20
Xt0OM36juSc,UCrjQG1gLZ4cDwIzrGA5pRBw,22
xT7_ElMGqOQ,UC9ZdXR-RYydFqdIb1lqM4LQ,19
xtaT2nBLczk,UCMQYRNX1Fg-HJ8Ey7Z3WPrA,24
xToeMCIhqow,UCEjCyBoWP57QRkmFRz-aOGw,27
xtrN8LBUToE,UCRnC_XIuIVFKWphUcLd4MVA,27
xU4yiq4PWnA,UCckltLEhFLv8Xz_lQhYfwmg,25
xUKj-0b4yyI,UCc8W1zUTmtNqXIhOHxPIAuw,27
xUn56KgEORk,UCrjQG1gLZ4cDwIzrGA5pRBw,22
XupmJj_CrkQ,UCckltLEhFLv8Xz_lQhYfwmg,25
xuSlnpb4iO4,UCuc40qp1ZKB_ZbDw9iml8Kg,22
xUt_13NwpAM,UC-ss1l2vO46QAgyCsPRIVDA,27
XvB3NH_q4FU,UCiOEgWwAKbfrVb795hqQc9A,24
xvBt2rnrsoo,UCHQfFg_epoUK0htwmiUyzEQ,27
XVlIkSIkc4g,UCgnFSj7jQffD5V5m05j4dPw,22
XvSB-zfXTRA,UCcrktZCp1tY9eDqrk6fMrsA,27
xvtGL7W57IU,UC3C6rQHX8pkjSyOm-620k3w,28
xVuTf6nuGHM,UCOLdaAcrdzYY3ug15EuuFAg,26
xVwqeq3qHKc,UCgnFSj7jQffD5V5m05j4dPw,22
xvxEoaaRE6I,UCNyujDJFZqQml78mdpb2rNA,24
xW7O5gcT8po,UC7hqTC-ChL-_PUKhctTt50A,19
xWAwk7BwZuE,UCEuz_HGv5er0LZsztjO4g5Q,24
Xwbz0eNXWLA,UCBR9iW2qo_7LP9_9u3A2ZeQ,20
xwGLZi1W4B8,UC7301rstHsGPohgeR_kh8Pw,26
XwNTePmEIbU,UCCK3OZi788Ok44K97WAhLKQ,25
XwtGKgd0wSE,UCnY7v189bwoSTFFYD_PNWhQ,27
xWtVfc8T8EM,UCNyujDJFZqQml78mdpb2rNA,24
XwuUIEUG4WY,UCCK3OZi788Ok44K97WAhLKQ,25
XXc2H826V1U,UCDO8zlJiV9ZgaMMK2DyX1Dw,17
XXd15tz8cRo,UC_BPD0TBnFtRExZOhIFEQYQ,20
xxdGM470pfU,UCckltLEhFLv8Xz_lQhYfwmg,25
xXlI1Nu8XQ4,UCBR9iW2qo_7LP9_9u3A2ZeQ,20
xXlxyJH42ow,UCckltLEhFLv8Xz_lQhYfwmg,25
XXYE4_gieWo,UCCK3OZi788Ok44K97WAhLKQ,25
Xy0A8zKHBQs,UCKS1HX4moHCcDBZnM9k4giw,1
XYcaJpDouus,UC92h2ZVbLNazWe038DnzIUA,22
XYEnGFv5wtM,UCCK3OZi788Ok44K97WAhLKQ,25
XyFqEh35rqM,UCgnFSj7jQffD5V5m05j4dPw,22
xYH-k3VXhyM,UCckltLEhFLv8Xz_lQhYfwmg,25
xyLdJrdoMYc,UCgnFSj7jQffD5V5m05j4dPw,22
xylnbmq5WME,UCckltLEhFLv8Xz_lQhYfwmg,25
xYoFcLGqDAo,UC9ZdXR-RYydFqdIb1lqM4LQ,19
xYoxUqKGjBI,UCWqN5l7FwMO6-gT8Dg9mx5A,22
XYQhUwMkMDg,UCckltLEhFLv8Xz_lQhYfwmg,25
Xyvqa7QAl9M,UCRnC_XIuIVFKWphUcLd4MVA,27
XZ0BrmljKjI,UCwXfRdTtVeVnXXF4poaYw0Q,19
xz1IYKJY47E,UCR5y9OV23c0jJ4RGwDvGnLw,27
XZ85xuaL9KA,UCh9qXeL8eP3Txra2908xksg,10
xZrPIeKk1PE,UCYFn7BOOlmL21iNJ6q5IDfg,24
xzsdrltHKJE,UCU5WmQA3Ur1Yriw5pMqoBNQ,24
xZtqyVL448E,UCCK3OZi788Ok44K97WAhLKQ,25
XZyebf9fBB4,UCckltLEhFLv8Xz_lQhYfwmg,25
Y_McUrnEkiI,UCwKYO2L9xzLtWhSv4ncYCIA,19
Y_mg-bChJ_4,UCnirzf0fEAPfQV__61iwSQQ,20
y_tqh9DZiaA,UCjK3LREYZUrNKnk56Prhe4w,29
Y-_hCTlt1Ww,UCCK3OZi788Ok44K97WAhLKQ,25
Y--AxVs0kuk,UCckltLEhFLv8Xz_lQhYfwmg,25
y-N_sxlfBxE,UCCK3OZi788Ok44K97WAhLKQ,25
Y-P2Tkt6GRk,UCwXfRdTtVeVnXXF4poaYw0Q,19
Y0LsIA7ZNaM,UCgnFSj7jQffD5V5m05j4dPw,22
y1TsX--AmdY,UCHQfFg_epoUK0htwmiUyzEQ,27
Y1YPOXjoNNc,UCKS1HX4moHCcDBZnM9k4giw,1
y36GFrZNtUk,UCfK5mYo5nvU4d4vkguhSn6Q,24
Y3NoDlJZV6o,UCiOEgWwAKbfrVb795hqQc9A,24
Y3qxb1DTJL0,UCCK3OZi788Ok44K97WAhLKQ,25
Y3tbwVhFoIw,UCgnFSj7jQffD5V5m05j4dPw,22
y40jFTpMYpY,UCR5y9OV23c0jJ4RGwDvGnLw,27
Y4T7Pr92faM,UCckltLEhFLv8Xz_lQhYfwmg,25
y4wihBkwvsI,UCEjCyBoWP57QRkmFRz-aOGw,27
Y5GxjImvyYA,UCU5WmQA3Ur1Yriw5pMqoBNQ,24
Y65iCWa1k50,UCFq73irpdELVQc5yYQcLCcA,22
y6Im_xK8sMY,UCckltLEhFLv8Xz_lQhYfwmg,25
y6Z-EzqvRMQ,UCVwbUjoiTUXxeVjsxW9Kwng,10
Y7_G4OE12Ns,UCrjQG1gLZ4cDwIzrGA5pRBw,22
Y78BHKVCi6A,UCCK3OZi788Ok44K97WAhLKQ,25
Y7ijbf4Yukc,UCgnFSj7jQffD5V5m05j4dPw,22
y7vicMYend4,UCBR9iW2qo_7LP9_9u3A2ZeQ,20
y7w-GjvJYo4,UCwkHQPpM4IvsJZiIwW9_8Ng,22
y8_PbkUvwbc,UCgnFSj7jQffD5V5m05j4dPw,22
Y8DN2txJlNE,UCgnFSj7jQffD5V5m05j4dPw,22
y8GgtMFsO-w,UCcrktZCp1tY9eDqrk6fMrsA,24
y9uwOqShMXM,UCn0XmAUFv6d2tofMFEesSNw,24
Ya0aFOZ15G4,UCEjCyBoWP57QRkmFRz-aOGw,27
yAAzh_EYYbU,UCDdPJHmxHCJLH1sDyytCATw,22
YaG55eICB9s,UCaRBojHlDl24Tzh6Vt6dihQ,20
yAHhJterWP4,UCKS1HX4moHCcDBZnM9k4giw,1
yAiOz0SxL1Y,UCglXlpWjIi95auM3umWWLdw,28
yAJV7Mm2x1k,UCdY0SS4tZPdWdQ6m5bX-ZBg,24
yAkwH67dRhw,UCs_mHlm5_C82W5WCIJaSMbQ,22
YAOk7xUicCA,UCuc40qp1ZKB_ZbDw9iml8Kg,22
YaoWxzg0jiE,UCmqflTSJ6911aCrnaWIXxsA,24
YAs1938QN-0,UCCK3OZi788Ok44K97WAhLKQ,25
yAX9-HWQrvI,UCCK3OZi788Ok44K97WAhLKQ,25
yAZgNMj10FQ,UCdY0SS4tZPdWdQ6m5bX-ZBg,24
yB72EEY49Us,UCCK3OZi788Ok44K97WAhLKQ,25
YbEynW5QArY,UCmqflTSJ6911aCrnaWIXxsA,24
yBFIxOGhliw,UCckltLEhFLv8Xz_lQhYfwmg,25
YBGysPPxs0c,UCRtAu8OVYVfuNZmTV-Ug0zA,27
YBi7RVDmgYw,UCHQfFg_epoUK0htwmiUyzEQ,27
YbIsM0NPeXI,UCQxq1x6XKl1oRJ_aSOdurWQ,10
YBkjaroNF8w,UCDO8zlJiV9ZgaMMK2DyX1Dw,17
yBNMSdK3B2k,UCETxOvOv9_44-CUzsPlzyxQ,28
Ybo_SSmvJEo,UCCK3OZi788Ok44K97WAhLKQ,25
Ybu_ypsEbTM,UC7hqTC-ChL-_PUKhctTt50A,19
YBVHBEmD9NM,UCckltLEhFLv8Xz_lQhYfwmg,25
YBWGBtm6p8Q,UCKEKf35apTUvSLs-c1DCekw,27
yC2jpODumRk,UCdY0SS4tZPdWdQ6m5bX-ZBg,24
Yc7b7bUMPdQ,UCn0XmAUFv6d2tofMFEesSNw,24
ycvKd3QBes0,UCQxq1x6XKl1oRJ_aSOdurWQ,10
yCxlYFH5_fg,UCFPySgAumPBFo0VFf8hjCjw,10
yd5c6_pimX0,UCCK3OZi788Ok44K97WAhLKQ,25
Ydb-THggqGE,UCETxOvOv9_44-CUzsPlzyxQ,28
YdEFzRBBXDQ,UC4UaWbUUwVvCxWNqhb4f16Q,22
YdEpPrXTMPY,UCCK3OZi788Ok44K97WAhLKQ,25
YdkBNTm0goM,UC9ZdXR-RYydFqdIb1lqM4LQ,19
YDlyFdmLss0,UCNFDDKoTezuSWbIjjHA76xQ,22
YdmadMw8_cA,UCMQYRNX1Fg-HJ8Ey7Z3WPrA,24
YdnT7CQrY0Y,UCCK3OZi788Ok44K97WAhLKQ,25
YDpEYMGOxpk,UCgnFSj7jQffD5V5m05j4dPw,24
YdRmE7919-8,UCDO8zlJiV9ZgaMMK2DyX1Dw,17
ydZyjSzFIJ8,UCgnFSj7jQffD5V5m05j4dPw,22
yebJQQlwdCI,UCuc40qp1ZKB_ZbDw9iml8Kg,22
yEJjAzaOjSs,UCOQAZV0vURpWMKTlAGVy8rQ,10
yeT4INYg_8M,UC0PdkCm3QlHJ8HdH4JeNirA,20
YeYFcrUQtCU,UCCK3OZi788Ok44K97WAhLKQ,25
yEze4hJmJO8,UCEmrzEYds6XN_7dd_5_XnrA,24
yFeLkUIxRRU,UCk6Bzr5M-8n_KN2guSmWmMw,24
YFg-PZf2ZGE,UC0CXMeU0432EMgBnlBaY_yA,27
yfJixcMBTws,UCckltLEhFLv8Xz_lQhYfwmg,25
YFRldkBsOTs,UCckltLEhFLv8Xz_lQhYfwmg,25
yFRsb676Q0I,UCHQfFg_epoUK0htwmiUyzEQ,27
yfWct0wBBHc,UCKS1HX4moHCcDBZnM9k4giw,1
yFYclN-w5ts,UCkysZsPin4y9iQHS-QYygeQ,20
Yg545K5Eax8,UCm-TY_JakK4dHAwF6QqcZSg,20
yg6YgLhYk9M,UC-ss1l2vO46QAgyCsPRIVDA,27
YgEvh3Zcv0A,UCm-TY_JakK4dHAwF6QqcZSg,20
ygKLu6G7E1w,UCjK3LREYZUrNKnk56Prhe4w,29
Ygnmdws7Ryc,UCKEKf35apTUvSLs-c1DCekw,27
Ygoz2k6qAWQ,UCCK3OZi788Ok44K97WAhLKQ,25
yGs2u8lHvWY,UCOLdaAcrdzYY3ug15EuuFAg,26
yh5VeD2qcaU,UCCK3OZi788Ok44K97WAhLKQ,25
yH7fRfS3T4I,UCn0XmAUFv6d2tofMFEesSNw,24
YHBx_wD7cUE,UCn0XmAUFv6d2tofMFEesSNw,24
YHdRaWzSuPY,UC6lDrxy3lS4LNRuuBtryqpQ,22
YHeXCVm9-mE,UCcpCelkp30ukU3ZKUXsU25g,19
yhhGCp0fKeQ,UCEmrzEYds6XN_7dd_5_XnrA,24
YhIW06P-RBA,UC4UaWbUUwVvCxWNqhb4f16Q,22
YhlmQwksmqM,UCnirzf0fEAPfQV__61iwSQQ,20
Yhoco9aHudU,UCu_V8lfzyGspxP-LNFowW9w,10
YHX61oU3nkg,UCgnFSj7jQffD5V5m05j4dPw,22
yIHSBpyIZUk,UCKEKf35apTUvSLs-c1DCekw,27
YII0ezN27Zo,UCgnFSj7jQffD5V5m05j4dPw,22
YIJL9nU8670,UCckltLEhFLv8Xz_lQhYfwmg,25
YIk6E64GHKo,UCAapm4DhqB5ckqr61IGdTUw,24
YikctWYiOiw,UCnIKiPYRsC2iN4jpsUeBeXQ,20
YirvTFfxNIE,UCs_mHlm5_C82W5WCIJaSMbQ,22
yiuCiYedaVk,UCCK3OZi788Ok44K97WAhLKQ,25
YIuEM07PMOY,UCd3VsafChPVXeIufCAzCprA,27
YizsaxZu2wM,UCckltLEhFLv8Xz_lQhYfwmg,25
yj5VO5hdGeA,UCDO8zlJiV9ZgaMMK2DyX1Dw,17
YJ6f9Uf3Qdk,UCQxq1x6XKl1oRJ_aSOdurWQ,10
YJCcFS0bvIk,UCMQYRNX1Fg-HJ8Ey7Z3WPrA,24
YjDPAhtYi9I,UCEa6e_J_Xs_GKCzG8Eq15Xw,24
YJuD_1gZgPU,UCcrktZCp1tY9eDqrk6fMrsA,24
YK9f9x34T8k,UCJsN1Mmx4GRA6sCYdfKqpSQ,10
ykSbcG56zQg,UCwKYO2L9xzLtWhSv4ncYCIA,22
ykweu0IClIM,UCKS1HX4moHCcDBZnM9k4giw,1
yLJ9NA5o1Fg,UCYG2PZN2DImFqoTcj983iqA,24
YlQUR4OOiGc,UC4UaWbUUwVvCxWNqhb4f16Q,22
YlVFzcrM8BA,UCckltLEhFLv8Xz_lQhYfwmg,25
YLXL92sdkIM,UCETxOvOv9_44-CUzsPlzyxQ,28
yM0r4UxqgPg,UCgnFSj7jQffD5V5m05j4dPw,22
yMDC4DH0LIo,UCckltLEhFLv8Xz_lQhYfwmg,25
YmUl0__Ii5o,UCEmrzEYds6XN_7dd_5_XnrA,24
yn_wvFd7TEk,UCckltLEhFLv8Xz_lQhYfwmg,25
Yn-tQJPToE4,UCltN1illHSguno1gokRShxA,26
yNAwrfd7I0c,UCcrktZCp1tY9eDqrk6fMrsA,27
YNEOk-TBgas,UCckltLEhFLv8Xz_lQhYfwmg,25
yNJWFBbtuT8,UCk6Bzr5M-8n_KN2guSmWmMw,24
YnkSh9Bh0_g,UCdTL_n9uC2_DlLX7ohcKpVQ,24
Ynr4nLUUP30,UCckltLEhFLv8Xz_lQhYfwmg,25
yo6oFOraipU,UCRnC_XIuIVFKWphUcLd4MVA,27
yO7ceQUHUHY,UCt7aYc76HmITvYbbQlHyFnw,27
YoL37V9LJxg,UCCK3OZi788Ok44K97WAhLKQ,25
yOmfDVqZAeE,UCCK3OZi788Ok44K97WAhLKQ,25
yOORoOlx5f0,UC_BPD0TBnFtRExZOhIFEQYQ,20
yOT8nadlKas,UCckltLEhFLv8Xz_lQhYfwmg,25
yotoc8wxcwE,UC0CXMeU0432EMgBnlBaY_yA,27
YP4CdON5rrQ,UCglXlpWjIi95auM3umWWLdw,28
yp7jlHECKrU,UCgnFSj7jQffD5V5m05j4dPw,22
yPAa7XhENyo,UCKEKf35apTUvSLs-c1DCekw,27
ypC7dGcKWek,UC7hqTC-ChL-_PUKhctTt50A,19
YpeemvbcYpY,UCckltLEhFLv8Xz_lQhYfwmg,25
YpFquLY_Msk,UCDO8zlJiV9ZgaMMK2DyX1Dw,17
YptHTeMf9SA,UCn0XmAUFv6d2tofMFEesSNw,24
YQ0SvpVhEfk,UCgnFSj7jQffD5V5m05j4dPw,22
yQAh5VqJ6bc,UCAapm4DhqB5ckqr61IGdTUw,22
yQI0-7ORpAM,UCckltLEhFLv8Xz_lQhYfwmg,25
yQOohD63vaw,UCn0XmAUFv6d2tofMFEesSNw,24
YqPPTUbwtAo,UCR0Bia1mQ7NQp31WWNhoFnw,22
yqXNo7Z9VIw,UCTb1H9XUOHjqA9hVvxCht0w,19
yQyY8gTPTYs,UCRnC_XIuIVFKWphUcLd4MVA,27
YQZAIbkgxSM,UCrjQG1gLZ4cDwIzrGA5pRBw,22
Yr_8tPd9kN0,UCm-TY_JakK4dHAwF6QqcZSg,20
yr6FwXZqgb8,UC0PdkCm3QlHJ8HdH4JeNirA,20
yr7FVINdC_s,UC2Wq8OiU3P9sSRxHpFEe_0Q,22
yRelu2Qb0zg,UCYFn7BOOlmL21iNJ6q5IDfg,24
YRfunDrbFj4,UCCK3OZi788Ok44K97WAhLKQ,25
yrKksXvkR3Y,UCckltLEhFLv8Xz_lQhYfwmg,25
YrmTEO2PqRw,UCgnFSj7jQffD5V5m05j4dPw,22
yRVo_3Q8yx8,UCckltLEhFLv8Xz_lQhYfwmg,25
YRwxc4cNBj0,UCd3VsafChPVXeIufCAzCprA,27
ys4T78XC83o,UCCK3OZi788Ok44K97WAhLKQ,25
ysF-KRTzi0U,UCckltLEhFLv8Xz_lQhYfwmg,25
ySmWNXZykz8,UCfK5mYo5nvU4d4vkguhSn6Q,10
ysOMI8D03DU,UCGkzF25IZBE1SF9ykM64xEA,24
YsOSPQIjwsQ,UCckltLEhFLv8Xz_lQhYfwmg,25
ysouaEC2OuI,UCn0XmAUFv6d2tofMFEesSNw,24
YSygxsCRALU,UCnY7v189bwoSTFFYD_PNWhQ,27
yTgV2dkbRLE,UC8irIP66QzlZNVgqe4vwN9g,10
YThGcO4OukI,UCCK3OZi788Ok44K97WAhLKQ,25
YtQDyJaHFRM,UCDm4BW0Q5d-zASSuRyvPGXw,22
ytTtUHrc7FI,UC3C6rQHX8pkjSyOm-620k3w,28
yTtuTzLEejc,UCCK3OZi788Ok44K97WAhLKQ,25
ytYOVsG7ZCI,UC9U2IYFVPd-Hl6zAeZQL7eQ,22
yTzUZS6HGsA,UCCK3OZi788Ok44K97WAhLKQ,25
yub2X1bybmg,UCnirzf0fEAPfQV__61iwSQQ,20
yuEJPybWpYg,UCr8qGT-Mv9tdCo-aPr06REQ,1
yuNlsMLttDs,UCwKYO2L9xzLtWhSv4ncYCIA,22
yunpiGIrUhM,UCdTL_n9uC2_DlLX7ohcKpVQ,27
yUoHhKVHR48,UCRtAu8OVYVfuNZmTV-Ug0zA,27
yuRIW8K-svM,UCn0XmAUFv6d2tofMFEesSNw,24
YUTNFpSR49U,UCaRBojHlDl24Tzh6Vt6dihQ,20
YV28A01zj_w,UCFPySgAumPBFo0VFf8hjCjw,10
yvAWaGj_kqE,UCCK3OZi788Ok44K97WAhLKQ,25
yveCajeN8DE,UCmqflTSJ6911aCrnaWIXxsA,24
YVq-ZBu2A78,UCETxOvOv9_44-CUzsPlzyxQ,28
YvTtGkPewis,UCr8qGT-Mv9tdCo-aPr06REQ,1
YVtvgMkdUt0,UCRnC_XIuIVFKWphUcLd4MVA,27
yWaPC_t6Rhc,UCTb1H9XUOHjqA9hVvxCht0w,19
ywD12vdsCJE,UC7hqTC-ChL-_PUKhctTt50A,19
ywQyvZSc1f4,UCckltLEhFLv8Xz_lQhYfwmg,25
YWSbaa42EiA,UCckltLEhFLv8Xz_lQhYfwmg,25
ywWFxN2iknU,UCwXfRdTtVeVnXXF4poaYw0Q,19
YwWnaDK0W5U,UCn0XmAUFv6d2tofMFEesSNw,24
ywxBiugu09E,UCs_mHlm5_C82W5WCIJaSMbQ,22
YwXZzSGOjP8,UCYFn7BOOlmL21iNJ6q5IDfg,24
YWyiwVJBxdY,UCR5y9OV23c0jJ4RGwDvGnLw,27
yWzgQU7E3W4,UCOQAZV0vURpWMKTlAGVy8rQ,10
yX-BMHROYfQ,UCRtAu8OVYVfuNZmTV-Ug0zA,27
yXCE3mdOYtQ,UCHQfFg_epoUK0htwmiUyzEQ,27
YxCpCqG0FwY,UCJsN1Mmx4GRA6sCYdfKqpSQ,28
yxzjhDCgDFs,UCgnFSj7jQffD5V5m05j4dPw,22
yXzshcak6tI,UCmqflTSJ6911aCrnaWIXxsA,24
yy1uPwEGP0o,UCCK3OZi788Ok44K97WAhLKQ,25
Yy4v4fKRIZo,UCCK3OZi788Ok44K97WAhLKQ,25
YYJ8YFgonog,UCCK3OZi788Ok44K97WAhLKQ,25
YYjOSGCVgdM,UCGkzF25IZBE1SF9ykM64xEA,24
yYQ0iBZZBKw,UCgnFSj7jQffD5V5m05j4dPw,22
Yytpk1Wc4Dc,UCckltLEhFLv8Xz_lQhYfwmg,25
yYynAag5K9k,UCk6Bzr5M-8n_KN2guSmWmMw,24
yYz6_0LTsok,UCCK3OZi788Ok44K97WAhLKQ,25
Yz9tS5BULNc,UCcrktZCp1tY9eDqrk6fMrsA,24
YZCs3QIQV-Q,UCEmrzEYds6XN_7dd_5_XnrA,24
YZghN3PBQCM,UCCK3OZi788Ok44K97WAhLKQ,25
YZj8_Wpt2MA,UCU5WmQA3Ur1Yriw5pMqoBNQ,24
yzklogoeMDw,UCCK3OZi788Ok44K97WAhLKQ,25
yZkRELDDsNM,UCMeObxIFpmRVL22ZpL4ME9g,22
YzU8oozhagI,UCTb1H9XUOHjqA9hVvxCht0w,19
z_7GpT__WUc,UCEmrzEYds6XN_7dd_5_XnrA,24
Z_A1ADEcohQ,UCckltLEhFLv8Xz_lQhYfwmg,25
Z_im2uAac1I,UCKS1HX4moHCcDBZnM9k4giw,1
Z-Ksn_6vQU4,UCckltLEhFLv8Xz_lQhYfwmg,25
z-kWsd8JRsU,UCNFDDKoTezuSWbIjjHA76xQ,22
z-TN5JjK_4U,UCDm4BW0Q5d-zASSuRyvPGXw,22
z0I5FtG2qpY,UCckltLEhFLv8Xz_lQhYfwmg,25
Z1Kkz8Ot7ao,UCCK3OZi788Ok44K97WAhLKQ,25
Z2STcsyrsXQ,UCn0XmAUFv6d2tofMFEesSNw,24
z3eYNd9pZqI,UCdTL_n9uC2_DlLX7ohcKpVQ,24
z3s5ZWO0S1E,UC7301rstHsGPohgeR_kh8Pw,26
Z3sJOEva0E0,UCckltLEhFLv8Xz_lQhYfwmg,25
z4-hNyOPIwU,UCEoihco2ah097z2YwYOtojw,20
z4CJ-lRdcDQ,UCs_mHlm5_C82W5WCIJaSMbQ,22
z4dfxZLsekw,UC4UaWbUUwVvCxWNqhb4f16Q,24
z4nZgV7oS18,UC3C6rQHX8pkjSyOm-620k3w,28
Z4oPzf54BzY,UC2Wq8OiU3P9sSRxHpFEe_0Q,22
Z4YohG640Mo,UC6lDrxy3lS4LNRuuBtryqpQ,22
Z5aiho91odM,UCdY0SS4tZPdWdQ6m5bX-ZBg,24
Z5IvVvMnuWc,UCltN1illHSguno1gokRShxA,26
Z5qVKD1mrMM,UCCK3OZi788Ok44K97WAhLKQ,25
z61v7EwUyB4,UCgnFSj7jQffD5V5m05j4dPw,22
Z6Tu8qqPzNE,UCCK3OZi788Ok44K97WAhLKQ,25
z6WRwoEmm-A,UCuc40qp1ZKB_ZbDw9iml8Kg,22
z6YVT6TeqaU,UCkysZsPin4y9iQHS-QYygeQ,20
z726dPpdoJ8,UCrjQG1gLZ4cDwIzrGA5pRBw,22
z7NFTodIQ8s,UCCK3OZi788Ok44K97WAhLKQ,25
z7uC1YjkGS0,UCWqN5l7FwMO6-gT8Dg9mx5A,22
Z86gW8U67gQ,UCm-TY_JakK4dHAwF6QqcZSg,20
z8d-PNRWM80,UCOLdaAcrdzYY3ug15EuuFAg,26
z8PLMk2WmPA,UCCK3OZi788Ok44K97WAhLKQ,25
z96j8BVGnEA,UCckltLEhFLv8Xz_lQhYfwmg,25
Z9CN-XhLT5U,UCltN1illHSguno1gokRShxA,26
Z9HCOmdZVec,UC8irIP66QzlZNVgqe4vwN9g,10
Z9ShH4AuI_0,UCGN3TM5lZQ1DAvMwI1LIc8Q,27
zA4QtD8XFzE,UCe13xXtdfx_n0_z1qeXV6_g,10
za6y-eVKNg4,UCDm4BW0Q5d-zASSuRyvPGXw,22
ZB-OfOjPYm4,UCltN1illHSguno1gokRShxA,26
zbBdJsfC07U,UCcpCelkp30ukU3ZKUXsU25g,24
zbcsgds1M-U,UCgnFSj7jQffD5V5m05j4dPw,24
zbi1W6XS3ZU,UCmqflTSJ6911aCrnaWIXxsA,24
ZBn8X0Yruzk,UCEoihco2ah097z2YwYOtojw,20
zbpKddOqgQM,UC1Q3UfVjchyhbtyJXc_mu5w,24
ZBsITUXFbco,UCr8qGT-Mv9tdCo-aPr06REQ,1
ZbtOPLZOIU8,UCCK3OZi788Ok44K97WAhLKQ,25
zBVeRw7GEWw,UCjK3LREYZUrNKnk56Prhe4w,29
ZBvLxMbwkSs,UCckltLEhFLv8Xz_lQhYfwmg,25
zBXROfGnoFk,UCCK3OZi788Ok44K97WAhLKQ,25
zC_oPyago4c,UCEjCyBoWP57QRkmFRz-aOGw,27
ZC471j_eUZs,UCAapm4DhqB5ckqr61IGdTUw,22
Zc70w6XMEKA,UCWqN5l7FwMO6-gT8Dg9mx5A,22
ZCg1t3F40sQ,UCh9qXeL8eP3Txra2908xksg,10
Zco2uvk6Nds,UCgnFSj7jQffD5V5m05j4dPw,24
zcxL2VQXkM4,UCDO8zlJiV9ZgaMMK2DyX1Dw,17
ZCZtTKYUmsA,UCckltLEhFLv8Xz_lQhYfwmg,25
zd7uvPZy93M,UCWqN5l7FwMO6-gT8Dg9mx5A,22
zdH_v94eAXQ,UCCK3OZi788Ok44K97WAhLKQ,25
zDJxrZx4WXE,UCckltLEhFLv8Xz_lQhYfwmg,25
zDK-VM5BG4U,UC9U2IYFVPd-Hl6zAeZQL7eQ,22
ZDkctv6RNmE,UCfK5mYo5nvU4d4vkguhSn6Q,10
ZDr8jXeaTE8,UCckltLEhFLv8Xz_lQhYfwmg,25
ZDXvVLLD2Os,UCckltLEhFLv8Xz_lQhYfwmg,25
zE_vVrXY6uU,UCd3VsafChPVXeIufCAzCprA,27
Ze1l37P7X2Q,UC1Q3UfVjchyhbtyJXc_mu5w,24
zE1uYBIbEvU,UCn0XmAUFv6d2tofMFEesSNw,24
ZE53409jUFo,UCHQfFg_epoUK0htwmiUyzEQ,27
zeC5rItfMOE,UCNFDDKoTezuSWbIjjHA76xQ,22
ZekQx3FkauQ,UCCK3OZi788Ok44K97WAhLKQ,25
ZEqso1xhfGQ,UCEUSUxrhCt4n0Pp9WB7q7-w,24
ZEROTSFAjYo,UCckltLEhFLv8Xz_lQhYfwmg,25
zFB6BJ511UI,UCCK3OZi788Ok44K97WAhLKQ,25
ZFh46ka2EVo,UCvQoK_VN52NG9CwB7Tc9WZg,27
zfhr69cVU4g,UC4UaWbUUwVvCxWNqhb4f16Q,22
zFKO0jg1rWg,UCMeObxIFpmRVL22ZpL4ME9g,22
zflW9zfWgBY,UCrjQG1gLZ4cDwIzrGA5pRBw,22
zfnpV1mywWk,UCdTL_n9uC2_DlLX7ohcKpVQ,24
zFWSls500tM,UCnY7v189bwoSTFFYD_PNWhQ,27
Zg4lMoLicRg,UCgnFSj7jQffD5V5m05j4dPw,22
Zg9Ejs3oYTw,UC1Q3UfVjchyhbtyJXc_mu5w,24
ZGEF1BucHoE,UCd3VsafChPVXeIufCAzCprA,27
ZGIh959JwbI,UCGc6e2-SXlGP_cKkV5H39Kg,20
ZGvdZRbs8XY,UCgnFSj7jQffD5V5m05j4dPw,22
ZGxhSikLtWM,UCgnFSj7jQffD5V5m05j4dPw,22
ZGxV4-0oOCI,UCn0XmAUFv6d2tofMFEesSNw,24
ZhA7O4jkZyo,UCiOEgWwAKbfrVb795hqQc9A,24
Zhgd17OsJYA,UCdTL_n9uC2_DlLX7ohcKpVQ,27
zhRtYhoz4Eg,UCKEKf35apTUvSLs-c1DCekw,27
ZHS6uKPBYug,UCckltLEhFLv8Xz_lQhYfwmg,25
ZI_MdW97ax4,UC0CXMeU0432EMgBnlBaY_yA,27
zi0XTBo0xTg,UCOLdaAcrdzYY3ug15EuuFAg,26
ZiAcq6VY4pM,UCmqflTSJ6911aCrnaWIXxsA,24
ziek5dTeaqg,UCOQAZV0vURpWMKTlAGVy8rQ,10
zIjvllyfsdc,UCR5y9OV23c0jJ4RGwDvGnLw,27
zIkO1MbMRt4,UCnirzf0fEAPfQV__61iwSQQ,20
zIonSyZgjds,UCVmkgq5EQR_Dls3LG-wkrjw,28
zIprSLcJzOA,UCCK3OZi788Ok44K97WAhLKQ,25
ZIvIX_Wzqt4,UCFq73irpdELVQc5yYQcLCcA,22
ZJakrgAA-X8,UCIWNVlovGKqnOhJ2eRC_xfg,22
ZjGHtJzKZgE,UCYG2PZN2DImFqoTcj983iqA,24
zJgzy-B-e4s,UCgnFSj7jQffD5V5m05j4dPw,24
ZK_KKdbqclA,UCRnC_XIuIVFKWphUcLd4MVA,27
Zk1ZaNLzf60,UCVmkgq5EQR_Dls3LG-wkrjw,28
Zk290adVH_Q,UCr8qGT-Mv9tdCo-aPr06REQ,1
Zk3oCKnZDsI,UCCK3OZi788Ok44K97WAhLKQ,25
zK6Hvyb1vnw,UCckltLEhFLv8Xz_lQhYfwmg,25
ZKcx-468Ddo,UCMeObxIFpmRVL22ZpL4ME9g,22
zkfZYq8of6Q,UCWqN5l7FwMO6-gT8Dg9mx5A,22
zKhhx-MBZdQ,UCckltLEhFLv8Xz_lQhYfwmg,25
ZkqTesRcGO0,UCCK3OZi788Ok44K97WAhLKQ,25
ZkUpLTcL2bY,UC6lDrxy3lS4LNRuuBtryqpQ,22
ZKV4n5Wdpk0,UCd3VsafChPVXeIufCAzCprA,27
ZkXoqepLZJE,UCckltLEhFLv8Xz_lQhYfwmg,25
zl_YMGzP2cI,UCEoihco2ah097z2YwYOtojw,20
zLARZHNBVpI,UCglXlpWjIi95auM3umWWLdw,28
zLBJ7px8BH4,UCNFDDKoTezuSWbIjjHA76xQ,22
zLeiZ8VA674,UC6lDrxy3lS4LNRuuBtryqpQ,22
Zlf6dAr9seI,UCgnFSj7jQffD5V5m05j4dPw,22
zlkWnVLqRpY,UCjK3LREYZUrNKnk56Prhe4w,29
zlmg929VmYk,UCckltLEhFLv8Xz_lQhYfwmg,25
zlQUxq666gQ,UCn0XmAUFv6d2tofMFEesSNw,24
zMhFqoVLUpA,UCEa6e_J_Xs_GKCzG8Eq15Xw,10
zmHRY2ys_1s,UCOLdaAcrdzYY3ug15EuuFAg,26
zmLoPEmoA64,UCwkHQPpM4IvsJZiIwW9_8Ng,22
zmpkv-KO_UI,UCjK3LREYZUrNKnk56Prhe4w,29
zMtF-ARHuhA,UCEUSUxrhCt4n0Pp9WB7q7-w,24
ZmWFjYB_C7w,UCETxOvOv9_44-CUzsPlzyxQ,28
zmZQOfmBP_k,UCKEKf35apTUvSLs-c1DCekw,27
ZN0_QhyxVog,UCn0XmAUFv6d2tofMFEesSNw,24
zn9czirQaN4,UCOLdaAcrdzYY3ug15EuuFAg,26
zN9plfaKags,UCdY0SS4tZPdWdQ6m5bX-ZBg,24
zNbWHjm0tlQ,UCgnFSj7jQffD5V5m05j4dPw,22
ZNdGz9z9kVI,UCckltLEhFLv8Xz_lQhYfwmg,25
ZnTAYrEByLY,UCNFDDKoTezuSWbIjjHA76xQ,22
ZnUgiaAMfCE,UCGkzF25IZBE1SF9ykM64xEA,24
ZNvGGTOLsqk,UCiOEgWwAKbfrVb795hqQc9A,24
ZNvHBgah6d0,UCgnFSj7jQffD5V5m05j4dPw,22
ZNzVvBXNpYg,UCwKYO2L9xzLtWhSv4ncYCIA,19
zO3on7BdXFw,UCckltLEhFLv8Xz_lQhYfwmg,25
ZOF5UimHWVw,UCEoihco2ah097z2YwYOtojw,20
ZOHqRpuGn60,UCckltLEhFLv8Xz_lQhYfwmg,25
ZOhWNU5z4XA,UCCK3OZi788Ok44K97WAhLKQ,25
ZoJ0liCCU6s,UCuc40qp1ZKB_ZbDw9iml8Kg,22
zOnUu1Iwi5o,UCCK3OZi788Ok44K97WAhLKQ,25
zooJ0Hh6U7E,UCcpCelkp30ukU3ZKUXsU25g,24
zowfzlFhV_Y,UC1Q3UfVjchyhbtyJXc_mu5w,24
zoWuX42NOAs,UC4UaWbUUwVvCxWNqhb4f16Q,22
zP4peNM-mL4,UCglXlpWjIi95auM3umWWLdw,28
ZPeuMvkDNQw,UCckltLEhFLv8Xz_lQhYfwmg,25
ZpGFDNdcvAM,UCVwbUjoiTUXxeVjsxW9Kwng,10
ZPJBFNj2Zng,UCn0XmAUFv6d2tofMFEesSNw,24
zq0vpMkijGg,UCckltLEhFLv8Xz_lQhYfwmg,25
zq3Tw7PFXSc,UCckltLEhFLv8Xz_lQhYfwmg,25
ZQBu3k1UcWU,UCMQYRNX1Fg-HJ8Ey7Z3WPrA,24
ZQHuWAUbDyY,UCs_mHlm5_C82W5WCIJaSMbQ,22
zQjO6-0CjAk,UCnirzf0fEAPfQV__61iwSQQ,20
zqmTYyS87Io,UCr8qGT-Mv9tdCo-aPr06REQ,1
zQto2Azu5tM,UCckltLEhFLv8Xz_lQhYfwmg,25
ZqUlO3NLFw0,UCmqflTSJ6911aCrnaWIXxsA,24
ZR3Sekeh26M,UCCK3OZi788Ok44K97WAhLKQ,25
zRaHJhYEthY,UCgnFSj7jQffD5V5m05j4dPw,22
zrCmPFqzhZ0,UCc8W1zUTmtNqXIhOHxPIAuw,24
ZreLat-K6SI,UCn0XmAUFv6d2tofMFEesSNw,24
Zrh34GzYenA,UCCK3OZi788Ok44K97WAhLKQ,25
zrLxwMEDYSo,UCnirzf0fEAPfQV__61iwSQQ,20
zRplVMHMqNU,UC7301rstHsGPohgeR_kh8Pw,26
ZRPW7oliDbo,UCnirzf0fEAPfQV__61iwSQQ,20
Zrq8d81kpDs,UCJsN1Mmx4GRA6sCYdfKqpSQ,28
ZRW8VwkZyks,UC8irIP66QzlZNVgqe4vwN9g,10
ZsADM9wZzgU,UCCK3OZi788Ok44K97WAhLKQ,25
zsJ4GVySFMc,UCCK3OZi788Ok44K97WAhLKQ,25
ZSwXBQEpN1g,UCaRBojHlDl24Tzh6Vt6dihQ,20
zSYPMoEcDRo,UCckltLEhFLv8Xz_lQhYfwmg,25
zTpO_zAITK8,UCvQoK_VN52NG9CwB7Tc9WZg,27
zTtMAM5nT0I,UCYG2PZN2DImFqoTcj983iqA,24
zu3OyBT3Qms,UCt7aYc76HmITvYbbQlHyFnw,27
zudJn36_i5M,UCBR9iW2qo_7LP9_9u3A2ZeQ,20
ZUHWUL3314s,UCCK3OZi788Ok44K97WAhLKQ,25
zuhXKZjfgC8,UC2Wq8OiU3P9sSRxHpFEe_0Q,22
zuhzQgPgodY,UC0CXMeU0432EMgBnlBaY_yA,27
zUWfY2MC368,UCckltLEhFLv8Xz_lQhYfwmg,25
ZuXw-z6zSjY,UCOQAZV0vURpWMKTlAGVy8rQ,10
zUyXnnJudgI,UCCK3OZi788Ok44K97WAhLKQ,25
ZV1WN45w6tc,UCCK3OZi788Ok44K97WAhLKQ,25
ZvFFsLHSKCQ,UCF5efTIgHxLMduJeMLdbbUw,10
zvMtW4Ug0pA,UCFq73irpdELVQc5yYQcLCcA,22
ZVPNQFdh3S4,UCAapm4DhqB5ckqr61IGdTUw,22
zVspXULeolU,UC8irIP66QzlZNVgqe4vwN9g,10
ZVSy_6KYYXI,UCEa6e_J_Xs_GKCzG8Eq15Xw,24
zVt8JaHKdEY,UC92h2ZVbLNazWe038DnzIUA,22
zVWpTaW5USA,UCEjCyBoWP57QRkmFRz-aOGw,27
zw_GJVKxzK0,UCCK3OZi788Ok44K97WAhLKQ,25
ZW-Yz30B8No,UCnirzf0fEAPfQV__61iwSQQ,20
ZWfIrIdJLws,UCgnFSj7jQffD5V5m05j4dPw,22
zwI3Vx3SAzM,UCCK3OZi788Ok44K97WAhLKQ,25
ZwISDS_n-UU,UCjK3LREYZUrNKnk56Prhe4w,29
ZwS29ynQoi4,UCuc40qp1ZKB_ZbDw9iml8Kg,22
zX4HVq7YUGg,UCjK3LREYZUrNKnk56Prhe4w,29
ZX7oElJNfRE,UCEoihco2ah097z2YwYOtojw,20
ZXC24QERfwE,UCEa6e_J_Xs_GKCzG8Eq15Xw,24
zyFS8rJ8svI,UCwKYO2L9xzLtWhSv4ncYCIA,2
ZYgxqKlPdHY,UC7301rstHsGPohgeR_kh8Pw,26
ZyQl11H3Cn0,UCvQoK_VN52NG9CwB7Tc9WZg,27
ZyUAiF2oqoQ,UCckltLEhFLv8Xz_lQhYfwmg,25
zyXktJpHjN8,UCJsN1Mmx4GRA6sCYdfKqpSQ,10
ZYyx-_Pi98w,UCFPySgAumPBFo0VFf8hjCjw,2
zzd3jFkKqCg,UCgnFSj7jQffD5V5m05j4dPw,22
zZFjIqJ6_ts,UCwkHQPpM4IvsJZiIwW9_8Ng,22
ZZMa4TsI0pM,UCCK3OZi788Ok44K97WAhLKQ,25
zZMuQxmeEow,UC-ss1l2vO46QAgyCsPRIVDA,27
zZxw2WnrJbI,UCckltLEhFLv8Xz_lQhYfwmg,25
